MIU_DOCUMENTOS,PATH_ADUNTO
997973,"https://miu-documentos.s3.us-west-2.amazonaws.com/DATA-DOCS/miu-hml/documentos/143737/20090036/miuDocumento_997971_12TeoriasdelDesarrollo.pdf"
997996,"https://miu-documentos.s3.us-west-2.amazonaws.com/DATA-DOCS/miu-hml/documentos/143990/20060007/miuDocumento_997996_0ProgramaUtilizaciondeMedios2026.pdf"
997997,"https://miu-documentos.s3.us-west-2.amazonaws.com/DATA-DOCS/miu-hml/documentos/143989/20060007/miuDocumento_997996_0ProgramaUtilizaciondeMedios2026.pdf"
998004,"https://miu-documentos.s3.us-west-2.amazonaws.com/DATA-DOCS/miu-hml/documentos/142780/20130378/miuDocumento_998004_CRONOGRAMA-INFOTECNOLOGIASI.pdf"
998007,"https://miu-documentos.s3.us-west-2.amazonaws.com/DATA-DOCS/miu-hml/documentos/143989/20060007/miuDocumento_998007_TheImpactofArtificialIntelligenceonLawFirmsBusinessModels-HarvardLawSchoolCenterontheLegalProfession.pdf"
998008,"https://miu-documentos.s3.us-west-2.amazonaws.com/DATA-DOCS/miu-hml/documentos/143990/20060007/miuDocumento_998007_TheImpactofArtificialIntelligenceonLawFirmsBusinessModels-HarvardLawSchoolCenterontheLegalProfession.pdf"
998016,"https://miu-documentos.s3.us-west-2.amazonaws.com/DATA-DOCS/miu-hml/documentos/143736/20090036/miuDocumento_998016_PDFPPICInstrucciones2026.pdf"
998017,"https://miu-documentos.s3.us-west-2.amazonaws.com/DATA-DOCS/miu-hml/documentos/143738/20090036/miuDocumento_998016_PDFPPICInstrucciones2026.pdf"
998018,"https://miu-documentos.s3.us-west-2.amazonaws.com/DATA-DOCS/miu-hml/documentos/143737/20090036/miuDocumento_998016_PDFPPICInstrucciones2026.pdf"
998019,"https://miu-documentos.s3.us-west-2.amazonaws.com/DATA-DOCS/miu-hml/documentos/144002/20010656/miuDocumento_960583_Metodologiadeanalisisp_e_2025_Derecho-2.ppt"
998020,"https://miu-documentos.s3.us-west-2.amazonaws.com/DATA-DOCS/miu-hml/documentos/144003/20010656/miuDocumento_960583_Metodologiadeanalisisp_e_2025_Derecho-2.ppt"
998038,"https://miu-documentos.s3.us-west-2.amazonaws.com/DATA-DOCS/miu-hml/documentos/143274/20140597/miuDocumento_998038_ReglasMathHelp.pdf"
998039,"https://miu-documentos.s3.us-west-2.amazonaws.com/DATA-DOCS/miu-hml/documentos/143274/20140597/miuDocumento_998039_InstructivoMathHelp.pdf"
998055,"https://miu-documentos.s3.us-west-2.amazonaws.com/DATA-DOCS/miu-hml/documentos/144844/20110699/miuDocumento_998055_IMG_7082.jpeg"
998096,"https://miu-documentos.s3.us-west-2.amazonaws.com/DATA-DOCS/miu-hml/documentos/143282/26890005/miuDocumento_998096_Accounting_Made_Simple.pdf"
998117,"https://miu-documentos.s3.us-west-2.amazonaws.com/DATA-DOCS/miu-hml/documentos/143463/20140046/miuDocumento_998117_Screenshot2026-01-06at11.42.27AM.png"
998128,"https://miu-documentos.s3.us-west-2.amazonaws.com/DATA-DOCS/miu-hml/documentos/144064/20010492/miuDocumento_998128_CapIIcosmosytaxis.pdf"
998130,"https://miu-documentos.s3.us-west-2.amazonaws.com/DATA-DOCS/miu-hml/documentos/142775/20110370/miuDocumento_891223_AtlasofHumanAnatomy(NETTERPDFDrive)_961890.pdf"
998131,"https://miu-documentos.s3.us-west-2.amazonaws.com/DATA-DOCS/miu-hml/documentos/142775/20110370/miuDocumento_891225_TomoIquiroz_961891.pdf"
998132,"https://miu-documentos.s3.us-west-2.amazonaws.com/DATA-DOCS/miu-hml/documentos/142775/20110370/miuDocumento_891227_TomoIIquiroz_961892.pdf"
998133,"https://miu-documentos.s3.us-west-2.amazonaws.com/DATA-DOCS/miu-hml/documentos/142775/20110370/miuDocumento_891228_TomoIIIquiroz_961893.pdf"
998134,"https://miu-documentos.s3.us-west-2.amazonaws.com/DATA-DOCS/miu-hml/documentos/142775/20110370/miuDocumento_891229_ANATOMIAPARAESTUDIANTESGRAY_961894.pdf"
998135,"https://miu-documentos.s3.us-west-2.amazonaws.com/DATA-DOCS/miu-hml/documentos/142775/20110370/miuDocumento_926890_NormasdelLaboratorio.pdf"
998136,"https://miu-documentos.s3.us-west-2.amazonaws.com/DATA-DOCS/miu-hml/documentos/142775/20110370/miuDocumento_891223_AtlasofHumanAnatomy(NETTERPDFDrive)_924080.pdf"
997514,"https://miu-documentos.s3.us-west-2.amazonaws.com/DATA-DOCS/miu-hml/documentos/143765/11930802/miuDocumento_997513_Rubricaactividades.pdf"
997515,"https://miu-documentos.s3.us-west-2.amazonaws.com/DATA-DOCS/miu-hml/documentos/143764/11930802/miuDocumento_997513_Rubricaactividades.pdf"
997647,"https://miu-documentos.s3.us-west-2.amazonaws.com/DATA-DOCS/miu-hml/documentos/143711/20220110/miuDocumento_997647_ElinorOstromandtheBloomingtonSchool.pdf"
997650,"https://miu-documentos.s3.us-west-2.amazonaws.com/DATA-DOCS/miu-hml/documentos/143711/20220110/miuDocumento_997650_TheLogicofCollectiveAction.pdf"
997686,"https://miu-documentos.s3.us-west-2.amazonaws.com/DATA-DOCS/miu-hml/documentos/144155/20181150/miuDocumento_997686_algebra_trigonometria_y_geometria_zill.pdf"
997750,"https://miu-documentos.s3.us-west-2.amazonaws.com/DATA-DOCS/miu-hml/documentos/143980/20020131/miuDocumento_997750_1.Contrato-persona-acto.pptx"
997786,"https://miu-documentos.s3.us-west-2.amazonaws.com/DATA-DOCS/miu-hml/documentos/144092/12870542/miuDocumento_997786_250105-la-etica-otjetivista-Rand.pdf"
997790,"https://miu-documentos.s3.us-west-2.amazonaws.com/DATA-DOCS/miu-hml/documentos/144092/12870542/miuDocumento_997790_260105-dinero-vicio-virtud-Rand.pdf"
997791,"https://miu-documentos.s3.us-west-2.amazonaws.com/DATA-DOCS/miu-hml/documentos/144092/12870542/miuDocumento_997791_260105-egoismo-prudencia-lo-que-demanda-el-interes-propo-Orbaugh.pdf"
997792,"https://miu-documentos.s3.us-west-2.amazonaws.com/DATA-DOCS/miu-hml/documentos/144092/12870542/miuDocumento_997792_260105-la-psicologia-del-placer-Branden.pdf"
997814,"https://miu-documentos.s3.us-west-2.amazonaws.com/DATA-DOCS/miu-hml/documentos/143318/20220206/miuDocumento_997814_Heyne-EconomicWayOfThinking-Chapter1.pdf"
997839,"https://miu-documentos.s3.us-west-2.amazonaws.com/DATA-DOCS/miu-hml/documentos/143417/22950328/miuDocumento_997839_LECTURA1-IntroductiontoStrategyHarvard.pdf"
997838,"https://miu-documentos.s3.us-west-2.amazonaws.com/DATA-DOCS/miu-hml/documentos/144262/22950328/miuDocumento_997838_LECTURA4-LibroALIGNINGSTRATEGYANDSALESCapitulo6.pdf"
997853,"https://miu-documentos.s3.us-west-2.amazonaws.com/DATA-DOCS/miu-hml/documentos/144262/22950328/miuDocumento_997853_LECTURA10-AnIntroductoryNoteOnTheCaseMethod.pdf"
997866,"https://miu-documentos.s3.us-west-2.amazonaws.com/DATA-DOCS/miu-hml/documentos/143709/20150601/miuDocumento_997866_2026ProgramaOperacionesLogisticas.pdf"
997904,"https://miu-documentos.s3.us-west-2.amazonaws.com/DATA-DOCS/miu-hml/documentos/143874/20170280/miuDocumento_997904_Tarea1-Lgica.pdf"
997905,"https://miu-documentos.s3.us-west-2.amazonaws.com/DATA-DOCS/miu-hml/documentos/143875/20170280/miuDocumento_997904_Tarea1-Lgica.pdf"
997906,"https://miu-documentos.s3.us-west-2.amazonaws.com/DATA-DOCS/miu-hml/documentos/143873/20170280/miuDocumento_997904_Tarea1-Lgica.pdf"
997912,"https://miu-documentos.s3.us-west-2.amazonaws.com/DATA-DOCS/miu-hml/documentos/143873/20170280/miuDocumento_997912_Tarea3-Unidadesdemedicayoperacionesbsicas.pdf"
997913,"https://miu-documentos.s3.us-west-2.amazonaws.com/DATA-DOCS/miu-hml/documentos/143874/20170280/miuDocumento_997912_Tarea3-Unidadesdemedicayoperacionesbsicas.pdf"
997914,"https://miu-documentos.s3.us-west-2.amazonaws.com/DATA-DOCS/miu-hml/documentos/143875/20170280/miuDocumento_997912_Tarea3-Unidadesdemedicayoperacionesbsicas.pdf"
997921,"https://miu-documentos.s3.us-west-2.amazonaws.com/DATA-DOCS/miu-hml/documentos/143873/20170280/miuDocumento_997921_Tarea8-Sistemadeecuaciones.pdf"
997922,"https://miu-documentos.s3.us-west-2.amazonaws.com/DATA-DOCS/miu-hml/documentos/143874/20170280/miuDocumento_997921_Tarea8-Sistemadeecuaciones.pdf"
997923,"https://miu-documentos.s3.us-west-2.amazonaws.com/DATA-DOCS/miu-hml/documentos/143875/20170280/miuDocumento_997921_Tarea8-Sistemadeecuaciones.pdf"
997963,"https://miu-documentos.s3.us-west-2.amazonaws.com/DATA-DOCS/miu-hml/documentos/143736/20090036/miuDocumento_997963_TrabajoBiografico2026.docx"
997964,"https://miu-documentos.s3.us-west-2.amazonaws.com/DATA-DOCS/miu-hml/documentos/143738/20090036/miuDocumento_997963_TrabajoBiografico2026.docx"
997078,"https://miu-documentos.s3.us-west-2.amazonaws.com/DATA-DOCS/miu-hml/documentos/143720/23820040/miuDocumento_997078_Microtu_bulos.9aed.2018.JeffHardinGregoryBertoni-Becker_sWorldoftheCell-Pearson2018.pdf"
997079,"https://miu-documentos.s3.us-west-2.amazonaws.com/DATA-DOCS/miu-hml/documentos/143722/23820040/miuDocumento_997078_Microtu_bulos.9aed.2018.JeffHardinGregoryBertoni-Becker_sWorldoftheCell-Pearson2018.pdf"
997080,"https://miu-documentos.s3.us-west-2.amazonaws.com/DATA-DOCS/miu-hml/documentos/143721/23820040/miuDocumento_997078_Microtu_bulos.9aed.2018.JeffHardinGregoryBertoni-Becker_sWorldoftheCell-Pearson2018.pdf"
997084,"https://miu-documentos.s3.us-west-2.amazonaws.com/DATA-DOCS/miu-hml/documentos/143720/23820040/miuDocumento_997084_Filamentosintermedios.9ed.JeffHardinGregoryBertoni-Becker_sWorldoftheCell-Pearson2018.pdf"
997085,"https://miu-documentos.s3.us-west-2.amazonaws.com/DATA-DOCS/miu-hml/documentos/143722/23820040/miuDocumento_997084_Filamentosintermedios.9ed.JeffHardinGregoryBertoni-Becker_sWorldoftheCell-Pearson2018.pdf"
997086,"https://miu-documentos.s3.us-west-2.amazonaws.com/DATA-DOCS/miu-hml/documentos/143721/23820040/miuDocumento_997084_Filamentosintermedios.9ed.JeffHardinGregoryBertoni-Becker_sWorldoftheCell-Pearson2018.pdf"
997087,"https://miu-documentos.s3.us-west-2.amazonaws.com/DATA-DOCS/miu-hml/documentos/143720/23820040/miuDocumento_997087_movimientobasadoenMTs-9aed2018.Becker_sWorldoftheCell-Pearson.pdf"
997088,"https://miu-documentos.s3.us-west-2.amazonaws.com/DATA-DOCS/miu-hml/documentos/143722/23820040/miuDocumento_997087_movimientobasadoenMTs-9aed2018.Becker_sWorldoftheCell-Pearson.pdf"
997089,"https://miu-documentos.s3.us-west-2.amazonaws.com/DATA-DOCS/miu-hml/documentos/143721/23820040/miuDocumento_997087_movimientobasadoenMTs-9aed2018.Becker_sWorldoftheCell-Pearson.pdf"
997090,"https://miu-documentos.s3.us-west-2.amazonaws.com/DATA-DOCS/miu-hml/documentos/143720/23820040/miuDocumento_997090_mov.ameboidemfJeffHardinGregoryBertoni-Becker_sWorldoftheCell-Pearson2018.pdf"
997091,"https://miu-documentos.s3.us-west-2.amazonaws.com/DATA-DOCS/miu-hml/documentos/143722/23820040/miuDocumento_997090_mov.ameboidemfJeffHardinGregoryBertoni-Becker_sWorldoftheCell-Pearson2018.pdf"
997092,"https://miu-documentos.s3.us-west-2.amazonaws.com/DATA-DOCS/miu-hml/documentos/143721/23820040/miuDocumento_997090_mov.ameboidemfJeffHardinGregoryBertoni-Becker_sWorldoftheCell-Pearson2018.pdf"
997108,"https://miu-documentos.s3.us-west-2.amazonaws.com/DATA-DOCS/miu-hml/documentos/143720/23820040/miuDocumento_997108_TV-Alberts2020.pdf"
997109,"https://miu-documentos.s3.us-west-2.amazonaws.com/DATA-DOCS/miu-hml/documentos/143722/23820040/miuDocumento_997108_TV-Alberts2020.pdf"
997110,"https://miu-documentos.s3.us-west-2.amazonaws.com/DATA-DOCS/miu-hml/documentos/143721/23820040/miuDocumento_997108_TV-Alberts2020.pdf"
997135,"https://miu-documentos.s3.us-west-2.amazonaws.com/DATA-DOCS/miu-hml/documentos/143720/23820040/miuDocumento_997135_4.ControldelCicloCelularALberts20211.pdf"
997136,"https://miu-documentos.s3.us-west-2.amazonaws.com/DATA-DOCS/miu-hml/documentos/143722/23820040/miuDocumento_997135_4.ControldelCicloCelularALberts20211.pdf"
997137,"https://miu-documentos.s3.us-west-2.amazonaws.com/DATA-DOCS/miu-hml/documentos/143721/23820040/miuDocumento_997135_4.ControldelCicloCelularALberts20211.pdf"
997141,"https://miu-documentos.s3.us-west-2.amazonaws.com/DATA-DOCS/miu-hml/documentos/143720/23820040/miuDocumento_997141_6.RbATM_ATRAlberts.pdf"
997142,"https://miu-documentos.s3.us-west-2.amazonaws.com/DATA-DOCS/miu-hml/documentos/143722/23820040/miuDocumento_997141_6.RbATM_ATRAlberts.pdf"
997143,"https://miu-documentos.s3.us-west-2.amazonaws.com/DATA-DOCS/miu-hml/documentos/143721/23820040/miuDocumento_997141_6.RbATM_ATRAlberts.pdf"
997148,"https://miu-documentos.s3.us-west-2.amazonaws.com/DATA-DOCS/miu-hml/documentos/143342/16860249/miuDocumento_997148_FEDERACINCENTROAMERICANA.pptx"
998143,"https://miu-documentos.s3.us-west-2.amazonaws.com/DATA-DOCS/miu-hml/documentos/144125/12870542/miuDocumento_998143_250103-filosofia-quien-la-necesita-Rand.pdf"
998144,"https://miu-documentos.s3.us-west-2.amazonaws.com/DATA-DOCS/miu-hml/documentos/144121/12870542/miuDocumento_998143_250103-filosofia-quien-la-necesita-Rand.pdf"
998145,"https://miu-documentos.s3.us-west-2.amazonaws.com/DATA-DOCS/miu-hml/documentos/144122/12870542/miuDocumento_998143_250103-filosofia-quien-la-necesita-Rand.pdf"
998149,"https://miu-documentos.s3.us-west-2.amazonaws.com/DATA-DOCS/miu-hml/documentos/144125/12870542/miuDocumento_998149_250103-objective-moral-virtues.pdf"
998150,"https://miu-documentos.s3.us-west-2.amazonaws.com/DATA-DOCS/miu-hml/documentos/144121/12870542/miuDocumento_998149_250103-objective-moral-virtues.pdf"
998151,"https://miu-documentos.s3.us-west-2.amazonaws.com/DATA-DOCS/miu-hml/documentos/144122/12870542/miuDocumento_998149_250103-objective-moral-virtues.pdf"
998152,"https://miu-documentos.s3.us-west-2.amazonaws.com/DATA-DOCS/miu-hml/documentos/144125/12870542/miuDocumento_998152_250715-alegoria-de-la-caverna-platon.pdf"
998153,"https://miu-documentos.s3.us-west-2.amazonaws.com/DATA-DOCS/miu-hml/documentos/144121/12870542/miuDocumento_998152_250715-alegoria-de-la-caverna-platon.pdf"
998154,"https://miu-documentos.s3.us-west-2.amazonaws.com/DATA-DOCS/miu-hml/documentos/144122/12870542/miuDocumento_998152_250715-alegoria-de-la-caverna-platon.pdf"
998172,"https://miu-documentos.s3.us-west-2.amazonaws.com/DATA-DOCS/miu-hml/documentos/144153/20150835/miuDocumento_998172_Respuestas_Examen_Diagnostico.pdf"
998202,"https://miu-documentos.s3.us-west-2.amazonaws.com/DATA-DOCS/miu-hml/documentos/144003/20060194/miuDocumento_998202_LagloriaylaruinadelosMayas.pdf"
998203,"https://miu-documentos.s3.us-west-2.amazonaws.com/DATA-DOCS/miu-hml/documentos/144002/20060194/miuDocumento_998202_LagloriaylaruinadelosMayas.pdf"
998205,"https://miu-documentos.s3.us-west-2.amazonaws.com/DATA-DOCS/miu-hml/documentos/144100/20070439/miuDocumento_998205_Cronograma.PEI.S062026sp.docx"
998239,"https://miu-documentos.s3.us-west-2.amazonaws.com/DATA-DOCS/miu-hml/documentos/142800/20150137/miuDocumento_998239_OficialCalendario.xlsx-Hoja1.pdf"
998241,"https://miu-documentos.s3.us-west-2.amazonaws.com/DATA-DOCS/miu-hml/documentos/144004/20070993/miuDocumento_998241_TEMA2ARISTTELESBLOQUEGRECIA.pdf"
998248,"https://miu-documentos.s3.us-west-2.amazonaws.com/DATA-DOCS/miu-hml/documentos/144504/20240519/miuDocumento_998248_2026ProgramaModeladoDigitalMovalle.pdf"
998249,"https://miu-documentos.s3.us-west-2.amazonaws.com/DATA-DOCS/miu-hml/documentos/144506/20240519/miuDocumento_998248_2026ProgramaModeladoDigitalMovalle.pdf"
998251,"https://miu-documentos.s3.us-west-2.amazonaws.com/DATA-DOCS/miu-hml/documentos/143379/30910351/miuDocumento_998251_LaconstrucciondeModelosMicroeconomia2026.pptx"
998268,"https://miu-documentos.s3.us-west-2.amazonaws.com/DATA-DOCS/miu-hml/documentos/142985/20020618/miuDocumento_998268_Psicologia-del-desarrollo-11-edic-Papali.pdf"
998282,"https://miu-documentos.s3.us-west-2.amazonaws.com/DATA-DOCS/miu-hml/documentos/142792/20130845/miuDocumento_697055_metabolismo_713434_742833_813612_853065_889476_925152_961136.pdf"
998283,"https://miu-documentos.s3.us-west-2.amazonaws.com/DATA-DOCS/miu-hml/documentos/142798/20130845/miuDocumento_697055_metabolismo_713434_742833_813612_853065_889476_925152_961136.pdf"
998284,"https://miu-documentos.s3.us-west-2.amazonaws.com/DATA-DOCS/miu-hml/documentos/142792/20130845/miuDocumento_742834_Articulobiomoleculas_813614_853066_889478_925153_961138.pdf"
998285,"https://miu-documentos.s3.us-west-2.amazonaws.com/DATA-DOCS/miu-hml/documentos/142798/20130845/miuDocumento_742834_Articulobiomoleculas_813614_853066_889478_925153_961138.pdf"
997965,"https://miu-documentos.s3.us-west-2.amazonaws.com/DATA-DOCS/miu-hml/documentos/143737/20090036/miuDocumento_997963_TrabajoBiografico2026.docx"
998043,"https://miu-documentos.s3.us-west-2.amazonaws.com/DATA-DOCS/miu-hml/documentos/143787/20140597/miuDocumento_998043_ReglasMathHelp.pdf"
998056,"https://miu-documentos.s3.us-west-2.amazonaws.com/DATA-DOCS/miu-hml/documentos/144704/20180264/miuDocumento_998056_EPRIPrograma-CursodeHerramientasdeAnlisisEstratgico.pdf"
998089,"https://miu-documentos.s3.us-west-2.amazonaws.com/DATA-DOCS/miu-hml/documentos/143525/20090027/miuDocumento_998089_CronogramadeactividadesEntrepreneurialMindset2026-01.pdf"
998095,"https://miu-documentos.s3.us-west-2.amazonaws.com/DATA-DOCS/miu-hml/documentos/142828/20080073/miuDocumento_998095_PATOLOGIAORALI2026GUIADETRABAJO.pdf"
998113,"https://miu-documentos.s3.us-west-2.amazonaws.com/DATA-DOCS/miu-hml/documentos/143297/20140910/miuDocumento_998113_CronogramaConsumer.xlsx"
997212,"https://miu-documentos.s3.us-west-2.amazonaws.com/DATA-DOCS/miu-hml/documentos/144215/20110535/miuDocumento_997212_Lectura-Notificaciones21.pdf"
997213,"https://miu-documentos.s3.us-west-2.amazonaws.com/DATA-DOCS/miu-hml/documentos/144518/20180989/miuDocumento_997213_11.JosMolinaCaldern.EmpresasfamiliaresdeGuatemala.50casosen200aos.SiglosXIXyXX.pdf"
997214,"https://miu-documentos.s3.us-west-2.amazonaws.com/DATA-DOCS/miu-hml/documentos/144519/20180989/miuDocumento_997213_11.JosMolinaCaldern.EmpresasfamiliaresdeGuatemala.50casosen200aos.SiglosXIXyXX.pdf"
997228,"https://miu-documentos.s3.us-west-2.amazonaws.com/DATA-DOCS/miu-hml/documentos/144249/99000144/miuDocumento_997228_E483966339CONTRATODGA-90E48396633987-2021.pdf"
997235,"https://miu-documentos.s3.us-west-2.amazonaws.com/DATA-DOCS/miu-hml/documentos/143428/20041076/miuDocumento_997235_CalendarioSeminarioAdministracin3A2026.xlsx"
997258,"https://miu-documentos.s3.us-west-2.amazonaws.com/DATA-DOCS/miu-hml/documentos/144630/26910098/miuDocumento_997258_Mary_Buffett_David_Clark_Warren_Buffett_and_the.zip"
997269,"https://miu-documentos.s3.us-west-2.amazonaws.com/DATA-DOCS/miu-hml/documentos/144827/20230676/miuDocumento_997269_00Guiaparatenerexitoenelcurso-2.pdf"
997279,"https://miu-documentos.s3.us-west-2.amazonaws.com/DATA-DOCS/miu-hml/documentos/143766/20151104/miuDocumento_997279_Ch11AlimentarySystemThe-Developing-Human-Clinically-Oriented-Embryology-10e.pdf"
997284,"https://miu-documentos.s3.us-west-2.amazonaws.com/DATA-DOCS/miu-hml/documentos/144238/20190522/miuDocumento_997284_Lectura1.EdmundoVsquezMartnez.pdf"
997352,"https://miu-documentos.s3.us-west-2.amazonaws.com/DATA-DOCS/miu-hml/documentos/142924/20010656/miuDocumento_997352_2025-National-Security-Strategy.pdf"
997397,"https://miu-documentos.s3.us-west-2.amazonaws.com/DATA-DOCS/miu-hml/documentos/143563/20131039/miuDocumento_997397_2.QumicadelaVida.pdf"
997398,"https://miu-documentos.s3.us-west-2.amazonaws.com/DATA-DOCS/miu-hml/documentos/143562/20131039/miuDocumento_997397_2.QumicadelaVida.pdf"
997399,"https://miu-documentos.s3.us-west-2.amazonaws.com/DATA-DOCS/miu-hml/documentos/143561/20131039/miuDocumento_997397_2.QumicadelaVida.pdf"
997400,"https://miu-documentos.s3.us-west-2.amazonaws.com/DATA-DOCS/miu-hml/documentos/143563/20131039/miuDocumento_997400_Prctica1-CristaleraMedicinyDesidad.pdf"
997401,"https://miu-documentos.s3.us-west-2.amazonaws.com/DATA-DOCS/miu-hml/documentos/143562/20131039/miuDocumento_997400_Prctica1-CristaleraMedicinyDesidad.pdf"
997402,"https://miu-documentos.s3.us-west-2.amazonaws.com/DATA-DOCS/miu-hml/documentos/143561/20131039/miuDocumento_997400_Prctica1-CristaleraMedicinyDesidad.pdf"
997406,"https://miu-documentos.s3.us-west-2.amazonaws.com/DATA-DOCS/miu-hml/documentos/143754/20130546/miuDocumento_997406_2026PROGRAMAMODMICRO-1SSYLLABUS.xlsx"
997407,"https://miu-documentos.s3.us-west-2.amazonaws.com/DATA-DOCS/miu-hml/documentos/143755/20130546/miuDocumento_997406_2026PROGRAMAMODMICRO-1SSYLLABUS.xlsx"
997408,"https://miu-documentos.s3.us-west-2.amazonaws.com/DATA-DOCS/miu-hml/documentos/143756/20130546/miuDocumento_997406_2026PROGRAMAMODMICRO-1SSYLLABUS.xlsx"
997422,"https://miu-documentos.s3.us-west-2.amazonaws.com/DATA-DOCS/miu-hml/documentos/144686/21810012/miuDocumento_997422_GeometriayDerecho.pdf"
997423,"https://miu-documentos.s3.us-west-2.amazonaws.com/DATA-DOCS/miu-hml/documentos/144686/21810012/miuDocumento_997423_que-es-una-constitucion-principios-y-conceptos.pdf"
997545,"https://miu-documentos.s3.us-west-2.amazonaws.com/DATA-DOCS/miu-hml/documentos/144723/21810012/miuDocumento_997545_CLO1Lecturaprincipal4ArbitrajeDiccionariodeArbitraje.pdf"
995387,"https://miu-documentos.s3.us-west-2.amazonaws.com/DATA-DOCS/miu-hml/documentos/143023/20241404/miuDocumento_995387_5.FormatoReporteEntregablesPE2026.pdf"
995417,"https://miu-documentos.s3.us-west-2.amazonaws.com/DATA-DOCS/miu-hml/documentos/118238/20150864/miuDocumento_813507_RUBRICADEREVISIONBIBLIOGRAFICAYPRESENTACIONORALMiU_855149_959084_995417.pdf"
995419,"https://miu-documentos.s3.us-west-2.amazonaws.com/DATA-DOCS/miu-hml/documentos/118238/20150864/miuDocumento_813510_Urgenciasmedicasenodontologia_855151_959085_995419.pdf"
995420,"https://miu-documentos.s3.us-west-2.amazonaws.com/DATA-DOCS/miu-hml/documentos/118238/20150864/miuDocumento_813510_Urgenciasmedicasenodontologia_855151_959085_995420.pdf"
995654,"https://miu-documentos.s3.us-west-2.amazonaws.com/DATA-DOCS/miu-hml/documentos/139019/20040100/miuDocumento_958838_Indicaciones_del_estudio_genetico_995654.pdf"
995655,"https://miu-documentos.s3.us-west-2.amazonaws.com/DATA-DOCS/miu-hml/documentos/139019/20040100/miuDocumento_958838_Indicaciones_del_estudio_genetico_995655.pdf"
995656,"https://miu-documentos.s3.us-west-2.amazonaws.com/DATA-DOCS/miu-hml/documentos/139019/20040100/miuDocumento_958838_Indicaciones_del_estudio_genetico_995656.pdf"
995658,"https://miu-documentos.s3.us-west-2.amazonaws.com/DATA-DOCS/miu-hml/documentos/139019/20040100/miuDocumento_958878_Geneticsintroductiontocounseling_995658.pdf"
995659,"https://miu-documentos.s3.us-west-2.amazonaws.com/DATA-DOCS/miu-hml/documentos/139019/20040100/miuDocumento_958878_Geneticsintroductiontocounseling_995659.pdf"
995660,"https://miu-documentos.s3.us-west-2.amazonaws.com/DATA-DOCS/miu-hml/documentos/139019/20040100/miuDocumento_958878_Geneticsintroductiontocounseling_995660.pdf"
995661,"https://miu-documentos.s3.us-west-2.amazonaws.com/DATA-DOCS/miu-hml/documentos/139019/20040100/miuDocumento_958878_Geneticsintroductiontocounseling_995661.pdf"
995662,"https://miu-documentos.s3.us-west-2.amazonaws.com/DATA-DOCS/miu-hml/documentos/139019/20040100/miuDocumento_958870_GardnerandSutherlandChromosomalAbnormalities,Ch13Aneuploidies_995662.pdf"
995663,"https://miu-documentos.s3.us-west-2.amazonaws.com/DATA-DOCS/miu-hml/documentos/139019/20040100/miuDocumento_958870_GardnerandSutherlandChromosomalAbnormalities,Ch13Aneuploidies_995663.pdf"
995666,"https://miu-documentos.s3.us-west-2.amazonaws.com/DATA-DOCS/miu-hml/documentos/139019/20040100/miuDocumento_958862_ThompsonThompson,Ch7-PatternsofInheritance_995666.pdf"
995669,"https://miu-documentos.s3.us-west-2.amazonaws.com/DATA-DOCS/miu-hml/documentos/139019/20040100/miuDocumento_958862_ThompsonThompson,Ch7-PatternsofInheritance_995669.pdf"
995670,"https://miu-documentos.s3.us-west-2.amazonaws.com/DATA-DOCS/miu-hml/documentos/139019/20040100/miuDocumento_958846_EvaluacionFisicaGenetica_995670.pdf"
995671,"https://miu-documentos.s3.us-west-2.amazonaws.com/DATA-DOCS/miu-hml/documentos/139019/20040100/miuDocumento_958846_EvaluacionFisicaGenetica_995671.pdf"
995672,"https://miu-documentos.s3.us-west-2.amazonaws.com/DATA-DOCS/miu-hml/documentos/139019/20040100/miuDocumento_958846_EvaluacionFisicaGenetica_995672.pdf"
995673,"https://miu-documentos.s3.us-west-2.amazonaws.com/DATA-DOCS/miu-hml/documentos/139019/20040100/miuDocumento_958846_EvaluacionFisicaGenetica_995673.pdf"
997636,"https://miu-documentos.s3.us-west-2.amazonaws.com/DATA-DOCS/miu-hml/documentos/144060/20100579/miuDocumento_997636_ProgramaHA.pdf"
997573,"https://miu-documentos.s3.us-west-2.amazonaws.com/DATA-DOCS/miu-hml/documentos/142925/20140469/miuDocumento_997573_1.TheHandbookofInternationalTradeandFinance-TheCompleteGuideforInternationalSalesFinanceShippingandAdministration.pdf"
997614,"https://miu-documentos.s3.us-west-2.amazonaws.com/DATA-DOCS/miu-hml/documentos/144215/20110535/miuDocumento_997614_DerechoProcesalCivil1-Modulo1.pptx"
997643,"https://miu-documentos.s3.us-west-2.amazonaws.com/DATA-DOCS/miu-hml/documentos/144697/20180351/miuDocumento_997643_InevitableRevolutionsTheUnitedStatesinCentralAmericaWalterLaFeberZ-Library.pdf"
997646,"https://miu-documentos.s3.us-west-2.amazonaws.com/DATA-DOCS/miu-hml/documentos/143711/20220110/miuDocumento_997646_CollectedArticles.pdf"
997706,"https://miu-documentos.s3.us-west-2.amazonaws.com/DATA-DOCS/miu-hml/documentos/143322/97000353/miuDocumento_997706_PROGRAMA-FCEECONOMIAI2026.docx"
997707,"https://miu-documentos.s3.us-west-2.amazonaws.com/DATA-DOCS/miu-hml/documentos/143322/97000353/miuDocumento_997707_cronogramaeconI2026.pdf"
997742,"https://miu-documentos.s3.us-west-2.amazonaws.com/DATA-DOCS/miu-hml/documentos/143831/20111005/miuDocumento_929988_pdfRubricaS2024_960622.pdf"
997743,"https://miu-documentos.s3.us-west-2.amazonaws.com/DATA-DOCS/miu-hml/documentos/143831/20111005/miuDocumento_941498_declaracion-de-helsinki-de-la-amm-principios-eticos-para-las-investigaciones-medicas-en-seres-humanos-2_971300.pdf"
997744,"https://miu-documentos.s3.us-west-2.amazonaws.com/DATA-DOCS/miu-hml/documentos/143831/20111005/miuDocumento_941499_NIVELESDEEVIDENCIAS2_946071_951425_971302.pdf"
997745,"https://miu-documentos.s3.us-west-2.amazonaws.com/DATA-DOCS/miu-hml/documentos/143831/20111005/miuDocumento_941513_FASESDEINVESTIGACION_960625.pdf"
997746,"https://miu-documentos.s3.us-west-2.amazonaws.com/DATA-DOCS/miu-hml/documentos/143831/20111005/miuDocumento_941519_Descriptive_971284.pdf"
997758,"https://miu-documentos.s3.us-west-2.amazonaws.com/DATA-DOCS/miu-hml/documentos/142913/20060194/miuDocumento_997758_LagloriaylaruinadelosMayas.pdf"
997759,"https://miu-documentos.s3.us-west-2.amazonaws.com/DATA-DOCS/miu-hml/documentos/142914/20060194/miuDocumento_997758_LagloriaylaruinadelosMayas.pdf"
997783,"https://miu-documentos.s3.us-west-2.amazonaws.com/DATA-DOCS/miu-hml/documentos/144605/20151049/miuDocumento_997783_Escohotado.Losenemigosdelcomercio.pdf"
997784,"https://miu-documentos.s3.us-west-2.amazonaws.com/DATA-DOCS/miu-hml/documentos/144092/12870542/miuDocumento_997784_231025-capitalismo-Orbaugh.pdf"
997841,"https://miu-documentos.s3.us-west-2.amazonaws.com/DATA-DOCS/miu-hml/documentos/144262/22950328/miuDocumento_997841_LECTURA5-ShouldYourCompanySellonAmazonHarvard.pdf"
997844,"https://miu-documentos.s3.us-west-2.amazonaws.com/DATA-DOCS/miu-hml/documentos/143417/22950328/miuDocumento_997844_LECTURA4-LibroALIGNINGSTRATEGYANDSALESCapitulo6.pdf"
997851,"https://miu-documentos.s3.us-west-2.amazonaws.com/DATA-DOCS/miu-hml/documentos/144262/22950328/miuDocumento_997851_LECTURA8-CreacindeValorparaelcliente.pdf"
997852,"https://miu-documentos.s3.us-west-2.amazonaws.com/DATA-DOCS/miu-hml/documentos/143417/22950328/miuDocumento_997852_LECTURA7-LibroALIGNINGSTRATEGYANDSALESCapitulo8.pdf"
997882,"https://miu-documentos.s3.us-west-2.amazonaws.com/DATA-DOCS/miu-hml/documentos/144720/20060007/miuDocumento_997882_0ProgramaDITII2026-AHB.docx.pdf"
997883,"https://miu-documentos.s3.us-west-2.amazonaws.com/DATA-DOCS/miu-hml/documentos/143255/99000086/miuDocumento_997883_ProgramaFinanciera2-2026.pdf"
997884,"https://miu-documentos.s3.us-west-2.amazonaws.com/DATA-DOCS/miu-hml/documentos/143254/99000086/miuDocumento_997883_ProgramaFinanciera2-2026.pdf"
997950,"https://miu-documentos.s3.us-west-2.amazonaws.com/DATA-DOCS/miu-hml/documentos/143257/20060096/miuDocumento_997950_01Bonos-Acciones-TecnicasdeValuacion2026.pdf"
995674,"https://miu-documentos.s3.us-west-2.amazonaws.com/DATA-DOCS/miu-hml/documentos/139019/20040100/miuDocumento_958866_StandardizedHumanPedigreeNomenclature_995674.pdf"
995675,"https://miu-documentos.s3.us-west-2.amazonaws.com/DATA-DOCS/miu-hml/documentos/139019/20040100/miuDocumento_958866_StandardizedHumanPedigreeNomenclature_995675.pdf"
995676,"https://miu-documentos.s3.us-west-2.amazonaws.com/DATA-DOCS/miu-hml/documentos/139019/20040100/miuDocumento_958866_StandardizedHumanPedigreeNomenclature_995676.pdf"
995678,"https://miu-documentos.s3.us-west-2.amazonaws.com/DATA-DOCS/miu-hml/documentos/139019/20040100/miuDocumento_958850_GrowthCharts_995678.pdf"
995679,"https://miu-documentos.s3.us-west-2.amazonaws.com/DATA-DOCS/miu-hml/documentos/139019/20040100/miuDocumento_958850_GrowthCharts_995679.pdf"
995680,"https://miu-documentos.s3.us-west-2.amazonaws.com/DATA-DOCS/miu-hml/documentos/139019/20040100/miuDocumento_958850_GrowthCharts_995680.pdf"
995682,"https://miu-documentos.s3.us-west-2.amazonaws.com/DATA-DOCS/miu-hml/documentos/139019/20040100/miuDocumento_958882_RiskAssesmentandGeneticCounseling_995682.pdf"
995684,"https://miu-documentos.s3.us-west-2.amazonaws.com/DATA-DOCS/miu-hml/documentos/139019/20040100/miuDocumento_958882_RiskAssesmentandGeneticCounseling_995684.pdf"
995686,"https://miu-documentos.s3.us-west-2.amazonaws.com/DATA-DOCS/miu-hml/documentos/139019/20040100/miuDocumento_958842_Basic-concepts-dysmorphology-Temtamy-2010_995686.pdf"
995687,"https://miu-documentos.s3.us-west-2.amazonaws.com/DATA-DOCS/miu-hml/documentos/139019/20040100/miuDocumento_958842_Basic-concepts-dysmorphology-Temtamy-2010_995687.pdf"
995689,"https://miu-documentos.s3.us-west-2.amazonaws.com/DATA-DOCS/miu-hml/documentos/139019/20040100/miuDocumento_958842_Basic-concepts-dysmorphology-Temtamy-2010_995689.pdf"
995690,"https://miu-documentos.s3.us-west-2.amazonaws.com/DATA-DOCS/miu-hml/documentos/139019/20040100/miuDocumento_958874_GardnerandSutherlandChromosomalAbnormalities,Ch14StructuralRearrangements_995690.pdf"
995692,"https://miu-documentos.s3.us-west-2.amazonaws.com/DATA-DOCS/miu-hml/documentos/139019/20040100/miuDocumento_958874_GardnerandSutherlandChromosomalAbnormalities,Ch14StructuralRearrangements_995692.pdf"
995693,"https://miu-documentos.s3.us-west-2.amazonaws.com/DATA-DOCS/miu-hml/documentos/139019/20040100/miuDocumento_958874_GardnerandSutherlandChromosomalAbnormalities,Ch14StructuralRearrangements_995693.pdf"
995694,"https://miu-documentos.s3.us-west-2.amazonaws.com/DATA-DOCS/miu-hml/documentos/139019/20040100/miuDocumento_958858_HandbookofPhysicalMeasurements,2ndEd_995694.pdf"
995695,"https://miu-documentos.s3.us-west-2.amazonaws.com/DATA-DOCS/miu-hml/documentos/139019/20040100/miuDocumento_958858_HandbookofPhysicalMeasurements,2ndEd_995695.pdf"
995696,"https://miu-documentos.s3.us-west-2.amazonaws.com/DATA-DOCS/miu-hml/documentos/139019/20040100/miuDocumento_958858_HandbookofPhysicalMeasurements,2ndEd_995696.pdf"
995697,"https://miu-documentos.s3.us-west-2.amazonaws.com/DATA-DOCS/miu-hml/documentos/139019/20040100/miuDocumento_958858_HandbookofPhysicalMeasurements,2ndEd_995697.pdf"
995700,"https://miu-documentos.s3.us-west-2.amazonaws.com/DATA-DOCS/miu-hml/documentos/139019/20040100/miuDocumento_958854_Dismorphology_995700.pdf"
995701,"https://miu-documentos.s3.us-west-2.amazonaws.com/DATA-DOCS/miu-hml/documentos/139019/20040100/miuDocumento_958854_Dismorphology_995701.pdf"
995699,"https://miu-documentos.s3.us-west-2.amazonaws.com/DATA-DOCS/miu-hml/documentos/139019/20040100/miuDocumento_958854_Dismorphology_995699.pdf"
995702,"https://miu-documentos.s3.us-west-2.amazonaws.com/DATA-DOCS/miu-hml/documentos/139019/20040100/miuDocumento_969429_ConsejeriadelArbolFamiliar_995702.pdf"
995703,"https://miu-documentos.s3.us-west-2.amazonaws.com/DATA-DOCS/miu-hml/documentos/139019/20040100/miuDocumento_969429_ConsejeriadelArbolFamiliar_995703.pdf"
995704,"https://miu-documentos.s3.us-west-2.amazonaws.com/DATA-DOCS/miu-hml/documentos/139019/20040100/miuDocumento_969429_ConsejeriadelArbolFamiliar_995704.pdf"
995705,"https://miu-documentos.s3.us-west-2.amazonaws.com/DATA-DOCS/miu-hml/documentos/139019/20040100/miuDocumento_969429_ConsejeriadelArbolFamiliar_995705.pdf"
995657,"https://miu-documentos.s3.us-west-2.amazonaws.com/DATA-DOCS/miu-hml/documentos/139019/20040100/miuDocumento_958838_Indicaciones_del_estudio_genetico_995657.pdf"
995882,"https://miu-documentos.s3.us-west-2.amazonaws.com/DATA-DOCS/miu-hml/documentos/143583/20040100/miuDocumento_995863_6_995882.Epigenomica"
995580,"https://miu-documentos.s3.us-west-2.amazonaws.com/DATA-DOCS/miu-hml/documentos/133129/20090970/miuDocumento_923274_JohnLocke-Segundotratadosobreelgobiernocivil_958604_995580.pdf"
995588,"https://miu-documentos.s3.us-west-2.amazonaws.com/DATA-DOCS/miu-hml/documentos/133129/20090970/miuDocumento_923284_Mises-Elsocialismo_958614_995588.pdf"
995393,"https://miu-documentos.s3.us-west-2.amazonaws.com/DATA-DOCS/miu-hml/documentos/143023/20241404/miuDocumento_995393_SegundareuniongrupalPE2025.pdf"
996133,"https://miu-documentos.s3.us-west-2.amazonaws.com/DATA-DOCS/miu-hml/documentos/144012/20041076/miuDocumento_979246_CV-CarladeHess_985973_990663_994391.doc"
996134,"https://miu-documentos.s3.us-west-2.amazonaws.com/DATA-DOCS/miu-hml/documentos/144013/20041076/miuDocumento_979246_CV-CarladeHess_985973_990663_994391.doc"
996135,"https://miu-documentos.s3.us-west-2.amazonaws.com/DATA-DOCS/miu-hml/documentos/144772/20041076/miuDocumento_979246_CV-CarladeHess_985973_990663_994391.doc"
996136,"https://miu-documentos.s3.us-west-2.amazonaws.com/DATA-DOCS/miu-hml/documentos/144770/20041076/miuDocumento_979246_CV-CarladeHess_985973_990663_994391.doc"
996137,"https://miu-documentos.s3.us-west-2.amazonaws.com/DATA-DOCS/miu-hml/documentos/142980/20041076/miuDocumento_979246_CV-CarladeHess_985973_990663_994391.doc"
996138,"https://miu-documentos.s3.us-west-2.amazonaws.com/DATA-DOCS/miu-hml/documentos/144012/20041076/miuDocumento_855958_Ideasinteresantes_861991_909365_922136_926934_972684_977163_979698_985977.docx"
996139,"https://miu-documentos.s3.us-west-2.amazonaws.com/DATA-DOCS/miu-hml/documentos/144013/20041076/miuDocumento_855958_Ideasinteresantes_861991_909365_922136_926934_972684_977163_979698_985977.docx"
996140,"https://miu-documentos.s3.us-west-2.amazonaws.com/DATA-DOCS/miu-hml/documentos/144772/20041076/miuDocumento_855958_Ideasinteresantes_861991_909365_922136_926934_972684_977163_979698_985977.docx"
996141,"https://miu-documentos.s3.us-west-2.amazonaws.com/DATA-DOCS/miu-hml/documentos/144770/20041076/miuDocumento_855958_Ideasinteresantes_861991_909365_922136_926934_972684_977163_979698_985977.docx"
996142,"https://miu-documentos.s3.us-west-2.amazonaws.com/DATA-DOCS/miu-hml/documentos/142980/20041076/miuDocumento_855958_Ideasinteresantes_861991_909365_922136_926934_972684_977163_979698_985977.docx"
996143,"https://miu-documentos.s3.us-west-2.amazonaws.com/DATA-DOCS/miu-hml/documentos/143419/20041076/miuDocumento_979246_CV-CarladeHess_985973_990663_994391.doc"
996144,"https://miu-documentos.s3.us-west-2.amazonaws.com/DATA-DOCS/miu-hml/documentos/143428/20041076/miuDocumento_979246_CV-CarladeHess_985973_990663_994391.doc"
996145,"https://miu-documentos.s3.us-west-2.amazonaws.com/DATA-DOCS/miu-hml/documentos/143421/20041076/miuDocumento_979246_CV-CarladeHess_985973_990663_994391.doc"
996146,"https://miu-documentos.s3.us-west-2.amazonaws.com/DATA-DOCS/miu-hml/documentos/143420/20041076/miuDocumento_979246_CV-CarladeHess_985973_990663_994391.doc"
996182,"https://miu-documentos.s3.us-west-2.amazonaws.com/DATA-DOCS/miu-hml/documentos/143697/20070803/miuDocumento_996182_LibrodeTextoSobreReanimacinNeonatal8vaEdicinAmericanAcademyofPediatricsAAP_.pdf"
996183,"https://miu-documentos.s3.us-west-2.amazonaws.com/DATA-DOCS/miu-hml/documentos/143861/20070803/miuDocumento_996182_LibrodeTextoSobreReanimacinNeonatal8vaEdicinAmericanAcademyofPediatricsAAP_.pdf"
996204,"https://miu-documentos.s3.us-west-2.amazonaws.com/DATA-DOCS/miu-hml/documentos/143557/20100147/miuDocumento_996204_CARE-checklist-English-2013.pdf"
996205,"https://miu-documentos.s3.us-west-2.amazonaws.com/DATA-DOCS/miu-hml/documentos/143828/20100147/miuDocumento_996204_CARE-checklist-English-2013.pdf"
996206,"https://miu-documentos.s3.us-west-2.amazonaws.com/DATA-DOCS/miu-hml/documentos/143830/20100147/miuDocumento_996204_CARE-checklist-English-2013.pdf"
996207,"https://miu-documentos.s3.us-west-2.amazonaws.com/DATA-DOCS/miu-hml/documentos/143865/20100147/miuDocumento_996204_CARE-checklist-English-2013.pdf"
996208,"https://miu-documentos.s3.us-west-2.amazonaws.com/DATA-DOCS/miu-hml/documentos/143680/20100147/miuDocumento_996204_CARE-checklist-English-2013.pdf"
996209,"https://miu-documentos.s3.us-west-2.amazonaws.com/DATA-DOCS/miu-hml/documentos/143679/20100147/miuDocumento_996204_CARE-checklist-English-2013.pdf"
996210,"https://miu-documentos.s3.us-west-2.amazonaws.com/DATA-DOCS/miu-hml/documentos/143681/20100147/miuDocumento_996204_CARE-checklist-English-2013.pdf"
996211,"https://miu-documentos.s3.us-west-2.amazonaws.com/DATA-DOCS/miu-hml/documentos/143559/20100147/miuDocumento_996204_CARE-checklist-English-2013.pdf"
996212,"https://miu-documentos.s3.us-west-2.amazonaws.com/DATA-DOCS/miu-hml/documentos/143558/20100147/miuDocumento_996204_CARE-checklist-English-2013.pdf"
996213,"https://miu-documentos.s3.us-west-2.amazonaws.com/DATA-DOCS/miu-hml/documentos/143684/20100147/miuDocumento_996204_CARE-checklist-English-2013.pdf"
996214,"https://miu-documentos.s3.us-west-2.amazonaws.com/DATA-DOCS/miu-hml/documentos/143683/20100147/miuDocumento_996204_CARE-checklist-English-2013.pdf"
996215,"https://miu-documentos.s3.us-west-2.amazonaws.com/DATA-DOCS/miu-hml/documentos/143682/20100147/miuDocumento_996204_CARE-checklist-English-2013.pdf"
996216,"https://miu-documentos.s3.us-west-2.amazonaws.com/DATA-DOCS/miu-hml/documentos/143560/20100147/miuDocumento_996204_CARE-checklist-English-2013.pdf"
996291,"https://miu-documentos.s3.us-west-2.amazonaws.com/DATA-DOCS/miu-hml/documentos/143709/20150601/miuDocumento_996291_Managingoperationsacrossthesupplychain.pdf"
996292,"https://miu-documentos.s3.us-west-2.amazonaws.com/DATA-DOCS/miu-hml/documentos/143709/20150601/miuDocumento_996292_Logistics4.0andFutureofSupplyChains.pdf"
996296,"https://miu-documentos.s3.us-west-2.amazonaws.com/DATA-DOCS/miu-hml/documentos/143709/20150601/miuDocumento_996296_safe-framework.pdf"
996297,"https://miu-documentos.s3.us-west-2.amazonaws.com/DATA-DOCS/miu-hml/documentos/143709/20150601/miuDocumento_996297_hs-convention_en.pdf"
996306,"https://miu-documentos.s3.us-west-2.amazonaws.com/DATA-DOCS/miu-hml/documentos/143320/22810023/miuDocumento_996306_00EconomaICalendarioAcadmico.pdf"
996307,"https://miu-documentos.s3.us-west-2.amazonaws.com/DATA-DOCS/miu-hml/documentos/143320/22810023/miuDocumento_996307_EconomaIProgramaAcademico.pdf"
996308,"https://miu-documentos.s3.us-west-2.amazonaws.com/DATA-DOCS/miu-hml/documentos/143320/22810023/miuDocumento_996308_00Guiaparatenerexitoenelcurso.pdf"
996309,"https://miu-documentos.s3.us-west-2.amazonaws.com/DATA-DOCS/miu-hml/documentos/143320/22810023/miuDocumento_996309_01.3AdamSmith.pdf"
996310,"https://miu-documentos.s3.us-west-2.amazonaws.com/DATA-DOCS/miu-hml/documentos/143320/22810023/miuDocumento_996310_01.4Hazlitt-LaLeccin.pdf"
996313,"https://miu-documentos.s3.us-west-2.amazonaws.com/DATA-DOCS/miu-hml/documentos/143320/22810023/miuDocumento_996313_03.1Ayau-UnjuegoquenosumaceroCap1.pdf"
996314,"https://miu-documentos.s3.us-west-2.amazonaws.com/DATA-DOCS/miu-hml/documentos/143320/22810023/miuDocumento_996314_03.2Bastiat-loqueseveyloquenoseve.pdf"
996318,"https://miu-documentos.s3.us-west-2.amazonaws.com/DATA-DOCS/miu-hml/documentos/143320/22810023/miuDocumento_996318_11.1SupplyDemandandEquilibrium-Landsburg.pdf"
996408,"https://miu-documentos.s3.us-west-2.amazonaws.com/DATA-DOCS/miu-hml/documentos/144708/20180351/miuDocumento_996408_17.MearsheimerJ.J.WaltS.M.2016.TheCaseforOffshoreBalancing.ASuperiorU.S.GrandStrategy.pdf"
995396,"https://miu-documentos.s3.us-west-2.amazonaws.com/DATA-DOCS/miu-hml/documentos/143253/20021249/miuDocumento_995396_ProgramaFinanciera2-2026.pdf"
995400,"https://miu-documentos.s3.us-west-2.amazonaws.com/DATA-DOCS/miu-hml/documentos/143253/20021249/miuDocumento_995400_04EstructuraOptimadeCapital2025.pdf"
995409,"https://miu-documentos.s3.us-west-2.amazonaws.com/DATA-DOCS/miu-hml/documentos/143598/20090970/miuDocumento_995409_TwoTreatisesOfGovernment-Locke.pdf"
995564,"https://miu-documentos.s3.us-west-2.amazonaws.com/DATA-DOCS/miu-hml/documentos/133129/20090970/miuDocumento_923255_Aristoteles-Eticanicomaquea_958588_995564.pdf"
995566,"https://miu-documentos.s3.us-west-2.amazonaws.com/DATA-DOCS/miu-hml/documentos/133129/20090970/miuDocumento_923257_MarcoAurelio-Meditaciones_958590_995566.pdf"
995568,"https://miu-documentos.s3.us-west-2.amazonaws.com/DATA-DOCS/miu-hml/documentos/133129/20090970/miuDocumento_923261_Seneca-Dialogos_958592_995568.pdf"
995572,"https://miu-documentos.s3.us-west-2.amazonaws.com/DATA-DOCS/miu-hml/documentos/133129/20090970/miuDocumento_923266_Epicteto-ManualyFragmentos_958596_995572.pdf"
995574,"https://miu-documentos.s3.us-west-2.amazonaws.com/DATA-DOCS/miu-hml/documentos/133129/20090970/miuDocumento_923268_Epicuro-Obras_958598_995574.pdf"
995576,"https://miu-documentos.s3.us-west-2.amazonaws.com/DATA-DOCS/miu-hml/documentos/133129/20090970/miuDocumento_923270_JohnLocke-Ensayosobreelentendimientohumano_958600_995576.pdf"
995578,"https://miu-documentos.s3.us-west-2.amazonaws.com/DATA-DOCS/miu-hml/documentos/133129/20090970/miuDocumento_923272_JohnLocke-Cartasobrelatolerancia_958602_995578.pdf"
996425,"https://miu-documentos.s3.us-west-2.amazonaws.com/DATA-DOCS/miu-hml/documentos/144708/20180351/miuDocumento_996425_34.PalomoR.P.UnasolaChinaelbloqueoaTaiwanpeligrosamentecerca.pdf"
996707,"https://miu-documentos.s3.us-west-2.amazonaws.com/DATA-DOCS/miu-hml/documentos/143679/20100147/miuDocumento_996707_RUB.CLINICO-ASISTENCIALINT.pdf"
996708,"https://miu-documentos.s3.us-west-2.amazonaws.com/DATA-DOCS/miu-hml/documentos/143865/20100147/miuDocumento_996707_RUB.CLINICO-ASISTENCIALINT.pdf"
996709,"https://miu-documentos.s3.us-west-2.amazonaws.com/DATA-DOCS/miu-hml/documentos/143683/20100147/miuDocumento_996707_RUB.CLINICO-ASISTENCIALINT.pdf"
996710,"https://miu-documentos.s3.us-west-2.amazonaws.com/DATA-DOCS/miu-hml/documentos/143682/20100147/miuDocumento_996707_RUB.CLINICO-ASISTENCIALINT.pdf"
996711,"https://miu-documentos.s3.us-west-2.amazonaws.com/DATA-DOCS/miu-hml/documentos/143681/20100147/miuDocumento_996707_RUB.CLINICO-ASISTENCIALINT.pdf"
996712,"https://miu-documentos.s3.us-west-2.amazonaws.com/DATA-DOCS/miu-hml/documentos/143680/20100147/miuDocumento_996707_RUB.CLINICO-ASISTENCIALINT.pdf"
996713,"https://miu-documentos.s3.us-west-2.amazonaws.com/DATA-DOCS/miu-hml/documentos/143684/20100147/miuDocumento_996707_RUB.CLINICO-ASISTENCIALINT.pdf"
996736,"https://miu-documentos.s3.us-west-2.amazonaws.com/DATA-DOCS/miu-hml/documentos/144845/20110699/miuDocumento_996736_Class4_ProductivityPlus-20251228T063931Z-3-001.zip"
996740,"https://miu-documentos.s3.us-west-2.amazonaws.com/DATA-DOCS/miu-hml/documentos/144845/20110699/miuDocumento_996740_Class8_JenniferGaston-20251228T063949Z-3-001.zip"
996742,"https://miu-documentos.s3.us-west-2.amazonaws.com/DATA-DOCS/miu-hml/documentos/144845/20110699/miuDocumento_996742_Class10_PunchIt-20251228T064000Z-3-001.zip"
996752,"https://miu-documentos.s3.us-west-2.amazonaws.com/DATA-DOCS/miu-hml/documentos/144845/20110699/miuDocumento_996752_Class20_CherrilFarnsworth-FinalExam--20251228T064205Z-3-001.zip"
996941,"https://miu-documentos.s3.us-west-2.amazonaws.com/DATA-DOCS/miu-hml/documentos/143722/23820040/miuDocumento_996940_Metabolismo.JeffHardinGregoryBertoni-Becker_sWorldoftheCell-Pearson2018.pdf"
996942,"https://miu-documentos.s3.us-west-2.amazonaws.com/DATA-DOCS/miu-hml/documentos/143721/23820040/miuDocumento_996940_Metabolismo.JeffHardinGregoryBertoni-Becker_sWorldoftheCell-Pearson2018.pdf"
996943,"https://miu-documentos.s3.us-west-2.amazonaws.com/DATA-DOCS/miu-hml/documentos/143720/23820040/miuDocumento_996943_Bioenerge_tica1.JeffHardinGregoryBertoni-Becker_sWorldoftheCell-Pearson2018.pdf"
996940,"https://miu-documentos.s3.us-west-2.amazonaws.com/DATA-DOCS/miu-hml/documentos/143720/23820040/miuDocumento_996940_Metabolismo.JeffHardinGregoryBertoni-Becker_sWorldoftheCell-Pearson2018.pdf"
996944,"https://miu-documentos.s3.us-west-2.amazonaws.com/DATA-DOCS/miu-hml/documentos/143722/23820040/miuDocumento_996943_Bioenerge_tica1.JeffHardinGregoryBertoni-Becker_sWorldoftheCell-Pearson2018.pdf"
996945,"https://miu-documentos.s3.us-west-2.amazonaws.com/DATA-DOCS/miu-hml/documentos/143721/23820040/miuDocumento_996943_Bioenerge_tica1.JeffHardinGregoryBertoni-Becker_sWorldoftheCell-Pearson2018.pdf"
997167,"https://miu-documentos.s3.us-west-2.amazonaws.com/DATA-DOCS/miu-hml/documentos/144518/20180989/miuDocumento_997167_3.Micklethwait.Cap.2.pdf"
997168,"https://miu-documentos.s3.us-west-2.amazonaws.com/DATA-DOCS/miu-hml/documentos/144519/20180989/miuDocumento_997167_3.Micklethwait.Cap.2.pdf"
997169,"https://miu-documentos.s3.us-west-2.amazonaws.com/DATA-DOCS/miu-hml/documentos/144518/20180989/miuDocumento_997169_4.Micklethwait.Cap.3.pdf"
995586,"https://miu-documentos.s3.us-west-2.amazonaws.com/DATA-DOCS/miu-hml/documentos/133129/20090970/miuDocumento_923282_JacquesMaritain-ElhombreyelEstado_958612_995586.pdf"
995590,"https://miu-documentos.s3.us-west-2.amazonaws.com/DATA-DOCS/miu-hml/documentos/133129/20090970/miuDocumento_923286_Mises-Liberalismo_958616_995590.pdf"
995592,"https://miu-documentos.s3.us-west-2.amazonaws.com/DATA-DOCS/miu-hml/documentos/133129/20090970/miuDocumento_923288_Hayek-Nuestraherenciamoral_958618_995592.pdf"
995594,"https://miu-documentos.s3.us-west-2.amazonaws.com/DATA-DOCS/miu-hml/documentos/138518/20090970/miuDocumento_958621_Etica-J_995594.L"
995596,"https://miu-documentos.s3.us-west-2.amazonaws.com/DATA-DOCS/miu-hml/documentos/138518/20090970/miuDocumento_972757_Antropologiadelcapitalismo-Termes_995596.pdf"
995598,"https://miu-documentos.s3.us-west-2.amazonaws.com/DATA-DOCS/miu-hml/documentos/138518/20090970/miuDocumento_972758_J_995598.S"
995600,"https://miu-documentos.s3.us-west-2.amazonaws.com/DATA-DOCS/miu-hml/documentos/138518/20090970/miuDocumento_974463_fundamentos-de-la-moral_995600.pdf"
995706,"https://miu-documentos.s3.us-west-2.amazonaws.com/DATA-DOCS/miu-hml/documentos/143595/20040100/miuDocumento_995706_FormatodeConsejeriaGenetica.docx"
995707,"https://miu-documentos.s3.us-west-2.amazonaws.com/DATA-DOCS/miu-hml/documentos/143595/20040100/miuDocumento_995706_FormatodeConsejeriaGenetica.docx"
995708,"https://miu-documentos.s3.us-west-2.amazonaws.com/DATA-DOCS/miu-hml/documentos/143595/20040100/miuDocumento_995706_FormatodeConsejeriaGenetica.docx"
995710,"https://miu-documentos.s3.us-west-2.amazonaws.com/DATA-DOCS/miu-hml/documentos/143595/20040100/miuDocumento_995706_FormatodeConsejeriaGenetica.docx"
995711,"https://miu-documentos.s3.us-west-2.amazonaws.com/DATA-DOCS/miu-hml/documentos/143595/20040100/miuDocumento_995706_FormatodeConsejeriaGenetica.docx"
995712,"https://miu-documentos.s3.us-west-2.amazonaws.com/DATA-DOCS/miu-hml/documentos/143595/20040100/miuDocumento_995706_FormatodeConsejeriaGenetica.docx"
995783,"https://miu-documentos.s3.us-west-2.amazonaws.com/DATA-DOCS/miu-hml/documentos/143595/20040100/miuDocumento_995783_H5.SindromesdeGenesContinuos.pdf"
995784,"https://miu-documentos.s3.us-west-2.amazonaws.com/DATA-DOCS/miu-hml/documentos/143595/20040100/miuDocumento_995783_H5.SindromesdeGenesContinuos.pptx"
995785,"https://miu-documentos.s3.us-west-2.amazonaws.com/DATA-DOCS/miu-hml/documentos/143595/20040100/miuDocumento_995783_H5.SindromesdeGenesContinuos.pptx"
997170,"https://miu-documentos.s3.us-west-2.amazonaws.com/DATA-DOCS/miu-hml/documentos/144519/20180989/miuDocumento_997169_4.Micklethwait.Cap.3.pdf"
997195,"https://miu-documentos.s3.us-west-2.amazonaws.com/DATA-DOCS/miu-hml/documentos/144544/20050380/miuDocumento_997195_2026_Cronogramadeactividades_II_Semestre_Oficiales_PNC.xlsx"
997223,"https://miu-documentos.s3.us-west-2.amazonaws.com/DATA-DOCS/miu-hml/documentos/142915/20160894/miuDocumento_997223_miuDocumento_924800_schwartz-2008.pdf"
997224,"https://miu-documentos.s3.us-west-2.amazonaws.com/DATA-DOCS/miu-hml/documentos/142916/20160894/miuDocumento_997223_miuDocumento_924800_schwartz-2008.pdf"
997225,"https://miu-documentos.s3.us-west-2.amazonaws.com/DATA-DOCS/miu-hml/documentos/142915/20160894/miuDocumento_997225_Anteproyecto2026.docx"
997226,"https://miu-documentos.s3.us-west-2.amazonaws.com/DATA-DOCS/miu-hml/documentos/142916/20160894/miuDocumento_997225_Anteproyecto2026.docx"
997229,"https://miu-documentos.s3.us-west-2.amazonaws.com/DATA-DOCS/miu-hml/documentos/143476/20180479/miuDocumento_997229_InstruccionestareasyexamenesCom.yEE202601.pdf"
997257,"https://miu-documentos.s3.us-west-2.amazonaws.com/DATA-DOCS/miu-hml/documentos/144630/26910098/miuDocumento_997257_Programa_Contabilidad_Financiera_LLM.pdf"
997274,"https://miu-documentos.s3.us-west-2.amazonaws.com/DATA-DOCS/miu-hml/documentos/142918/12890465/miuDocumento_997274_ES.1.docx"
997277,"https://miu-documentos.s3.us-west-2.amazonaws.com/DATA-DOCS/miu-hml/documentos/143253/20021249/miuDocumento_997277_01ReglasEvaluacionesFinanciera2026VF.pdf"
997280,"https://miu-documentos.s3.us-west-2.amazonaws.com/DATA-DOCS/miu-hml/documentos/143767/20151104/miuDocumento_997280_HT1_Prerequisite_Foundations_Gastro_v32026.pdf"
997281,"https://miu-documentos.s3.us-west-2.amazonaws.com/DATA-DOCS/miu-hml/documentos/143766/20151104/miuDocumento_997280_HT1_Prerequisite_Foundations_Gastro_v32026.pdf"
997544,"https://miu-documentos.s3.us-west-2.amazonaws.com/DATA-DOCS/miu-hml/documentos/144723/21810012/miuDocumento_997544_CLO1Lecturaprincipal3ConsolidaciondelaAutonomiadelavoluntad1.pdf"
997599,"https://miu-documentos.s3.us-west-2.amazonaws.com/DATA-DOCS/miu-hml/documentos/143292/20030596/miuDocumento_997599_ClaseNo1-2025.pptx"
997733,"https://miu-documentos.s3.us-west-2.amazonaws.com/DATA-DOCS/miu-hml/documentos/143567/20111005/miuDocumento_929988_pdfRubricaS2024_960622.pdf"
997734,"https://miu-documentos.s3.us-west-2.amazonaws.com/DATA-DOCS/miu-hml/documentos/143567/20111005/miuDocumento_941498_declaracion-de-helsinki-de-la-amm-principios-eticos-para-las-investigaciones-medicas-en-seres-humanos-2_971300.pdf"
997735,"https://miu-documentos.s3.us-west-2.amazonaws.com/DATA-DOCS/miu-hml/documentos/143567/20111005/miuDocumento_941499_NIVELESDEEVIDENCIAS2_946071_951425_971302.pdf"
997736,"https://miu-documentos.s3.us-west-2.amazonaws.com/DATA-DOCS/miu-hml/documentos/143567/20111005/miuDocumento_941513_FASESDEINVESTIGACION_960625.pdf"
997737,"https://miu-documentos.s3.us-west-2.amazonaws.com/DATA-DOCS/miu-hml/documentos/143567/20111005/miuDocumento_941519_Descriptive_971284.pdf"
997757,"https://miu-documentos.s3.us-west-2.amazonaws.com/DATA-DOCS/miu-hml/documentos/142908/20070140/miuDocumento_997757_2.Landman.IssuesandMethodsinComparativePolitics.pdf"
997765,"https://miu-documentos.s3.us-west-2.amazonaws.com/DATA-DOCS/miu-hml/documentos/144605/20151049/miuDocumento_997765_ProgramaBusinessthroughtime2026.pdf"
997768,"https://miu-documentos.s3.us-west-2.amazonaws.com/DATA-DOCS/miu-hml/documentos/144092/12870542/miuDocumento_997768_260105-fundamentos-de-la-moral-Hazlitt.pdf"
995786,"https://miu-documentos.s3.us-west-2.amazonaws.com/DATA-DOCS/miu-hml/documentos/143595/20040100/miuDocumento_995783_H5.SindromesdeGenesContinuos.pptx"
995787,"https://miu-documentos.s3.us-west-2.amazonaws.com/DATA-DOCS/miu-hml/documentos/143595/20040100/miuDocumento_995783_H5.SindromesdeGenesContinuos.pptx"
995788,"https://miu-documentos.s3.us-west-2.amazonaws.com/DATA-DOCS/miu-hml/documentos/143595/20040100/miuDocumento_995783_H5.SindromesdeGenesContinuos.pptx"
995789,"https://miu-documentos.s3.us-west-2.amazonaws.com/DATA-DOCS/miu-hml/documentos/143595/20040100/miuDocumento_995783_H5.SindromesdeGenesContinuos.pptx"
995790,"https://miu-documentos.s3.us-west-2.amazonaws.com/DATA-DOCS/miu-hml/documentos/143595/20040100/miuDocumento_995790_H6.ExamenFisicoGenetico.pdf"
995791,"https://miu-documentos.s3.us-west-2.amazonaws.com/DATA-DOCS/miu-hml/documentos/143595/20040100/miuDocumento_995790_H6.ExamenFisicoGenetico.pptx"
995792,"https://miu-documentos.s3.us-west-2.amazonaws.com/DATA-DOCS/miu-hml/documentos/143595/20040100/miuDocumento_995790_H6.ExamenFisicoGenetico.pptx"
995793,"https://miu-documentos.s3.us-west-2.amazonaws.com/DATA-DOCS/miu-hml/documentos/143595/20040100/miuDocumento_995790_H6.ExamenFisicoGenetico.pptx"
995794,"https://miu-documentos.s3.us-west-2.amazonaws.com/DATA-DOCS/miu-hml/documentos/143595/20040100/miuDocumento_995790_H6.ExamenFisicoGenetico.pptx"
995795,"https://miu-documentos.s3.us-west-2.amazonaws.com/DATA-DOCS/miu-hml/documentos/143595/20040100/miuDocumento_995790_H6.ExamenFisicoGenetico.pptx"
995796,"https://miu-documentos.s3.us-west-2.amazonaws.com/DATA-DOCS/miu-hml/documentos/143595/20040100/miuDocumento_995790_H6.ExamenFisicoGenetico.pptx"
995844,"https://miu-documentos.s3.us-west-2.amazonaws.com/DATA-DOCS/miu-hml/documentos/143584/20040100/miuDocumento_995844_5.GWAS.pdf"
995845,"https://miu-documentos.s3.us-west-2.amazonaws.com/DATA-DOCS/miu-hml/documentos/143584/20040100/miuDocumento_995845_6.Farmacogenomica.pdf"
995846,"https://miu-documentos.s3.us-west-2.amazonaws.com/DATA-DOCS/miu-hml/documentos/143584/20040100/miuDocumento_995846_7.Epigenomica.pdf"
995847,"https://miu-documentos.s3.us-west-2.amazonaws.com/DATA-DOCS/miu-hml/documentos/143584/20040100/miuDocumento_995847_8.Transcriptomica.pdf"
995927,"https://miu-documentos.s3.us-west-2.amazonaws.com/DATA-DOCS/miu-hml/documentos/143583/20040100/miuDocumento_995927_4.ReferenceDatabasesforDiseaseAssociations.pdf"
995928,"https://miu-documentos.s3.us-west-2.amazonaws.com/DATA-DOCS/miu-hml/documentos/143583/20040100/miuDocumento_995927_4.ReferenceDatabasesforDiseaseAssociations.pdf"
995929,"https://miu-documentos.s3.us-west-2.amazonaws.com/DATA-DOCS/miu-hml/documentos/143583/20040100/miuDocumento_995927_4.ReferenceDatabasesforDiseaseAssociations.pdf"
995930,"https://miu-documentos.s3.us-west-2.amazonaws.com/DATA-DOCS/miu-hml/documentos/143583/20040100/miuDocumento_995927_4.ReferenceDatabasesforDiseaseAssociations.pdf"
995931,"https://miu-documentos.s3.us-west-2.amazonaws.com/DATA-DOCS/miu-hml/documentos/143583/20040100/miuDocumento_995927_4.ReferenceDatabasesforDiseaseAssociations.pdf"
995683,"https://miu-documentos.s3.us-west-2.amazonaws.com/DATA-DOCS/miu-hml/documentos/139019/20040100/miuDocumento_958882_RiskAssesmentandGeneticCounseling_995683.pdf"
995668,"https://miu-documentos.s3.us-west-2.amazonaws.com/DATA-DOCS/miu-hml/documentos/139019/20040100/miuDocumento_958862_ThompsonThompson,Ch7-PatternsofInheritance_995668.pdf"
997779,"https://miu-documentos.s3.us-west-2.amazonaws.com/DATA-DOCS/miu-hml/documentos/144605/20151049/miuDocumento_997779_Ashton.Larevolucinindustrial1760-1830.pdf"
997785,"https://miu-documentos.s3.us-west-2.amazonaws.com/DATA-DOCS/miu-hml/documentos/144092/12870542/miuDocumento_997785_250105-florecimiento-racionalidad-honestidad-independencia-Orbaugh.pdf"
997789,"https://miu-documentos.s3.us-west-2.amazonaws.com/DATA-DOCS/miu-hml/documentos/144092/12870542/miuDocumento_997789_260105-alegoria-de-la-caverna-Platon.pdf"
997827,"https://miu-documentos.s3.us-west-2.amazonaws.com/DATA-DOCS/miu-hml/documentos/143342/16860249/miuDocumento_997827_DeclaracindeindependenciadelosEUA.pdf"
997875,"https://miu-documentos.s3.us-west-2.amazonaws.com/DATA-DOCS/miu-hml/documentos/143335/20160857/miuDocumento_713914_TiposdeCamaras_774266_900427.docx"
997876,"https://miu-documentos.s3.us-west-2.amazonaws.com/DATA-DOCS/miu-hml/documentos/143335/20160857/miuDocumento_735746_fichatecnicaparafotos_774272_900428.xlsx"
997877,"https://miu-documentos.s3.us-west-2.amazonaws.com/DATA-DOCS/miu-hml/documentos/143335/20160857/miuDocumento_713918_Aperturadediafragma_774267_900429.docx"
997878,"https://miu-documentos.s3.us-west-2.amazonaws.com/DATA-DOCS/miu-hml/documentos/143335/20160857/miuDocumento_713920_Comomedirlaluz_774268_900430.docx"
997879,"https://miu-documentos.s3.us-west-2.amazonaws.com/DATA-DOCS/miu-hml/documentos/143335/20160857/miuDocumento_713922_Distanciafocal_774269_900431.docx"
997880,"https://miu-documentos.s3.us-west-2.amazonaws.com/DATA-DOCS/miu-hml/documentos/143335/20160857/miuDocumento_713924_Elobjetivoolentealumnos_774270_900432.docx"
997881,"https://miu-documentos.s3.us-west-2.amazonaws.com/DATA-DOCS/miu-hml/documentos/143335/20160857/miuDocumento_713926_ISO_774271_900433.docx"
997933,"https://miu-documentos.s3.us-west-2.amazonaws.com/DATA-DOCS/miu-hml/documentos/143873/20170280/miuDocumento_997933_Tarea12-Lmites.pdf"
997934,"https://miu-documentos.s3.us-west-2.amazonaws.com/DATA-DOCS/miu-hml/documentos/143874/20170280/miuDocumento_997933_Tarea12-Lmites.pdf"
997935,"https://miu-documentos.s3.us-west-2.amazonaws.com/DATA-DOCS/miu-hml/documentos/143875/20170280/miuDocumento_997933_Tarea12-Lmites.pdf"
997939,"https://miu-documentos.s3.us-west-2.amazonaws.com/DATA-DOCS/miu-hml/documentos/143376/20130088/miuDocumento_997939_CalendarioLecturas_2026.pdf"
997980,"https://miu-documentos.s3.us-west-2.amazonaws.com/DATA-DOCS/miu-hml/documentos/143736/20090036/miuDocumento_997980_1.Copinganddefense-Whatsthedifference.pdf"
997961,"https://miu-documentos.s3.us-west-2.amazonaws.com/DATA-DOCS/miu-hml/documentos/143257/20060096/miuDocumento_997961_04EstructuraOptimadeCapital2026.pdf"
997981,"https://miu-documentos.s3.us-west-2.amazonaws.com/DATA-DOCS/miu-hml/documentos/143738/20090036/miuDocumento_997980_1.Copinganddefense-Whatsthedifference.pdf"
997982,"https://miu-documentos.s3.us-west-2.amazonaws.com/DATA-DOCS/miu-hml/documentos/143737/20090036/miuDocumento_997980_1.Copinganddefense-Whatsthedifference.pdf"
998052,"https://miu-documentos.s3.us-west-2.amazonaws.com/DATA-DOCS/miu-hml/documentos/143357/20180067/miuDocumento_998052_Programa_IO1_2025_act.pdf"
998123,"https://miu-documentos.s3.us-west-2.amazonaws.com/DATA-DOCS/miu-hml/documentos/142833/20080073/miuDocumento_998123_PATOLOGIAORALIII2026GUIADETRABAJO.pdf"
998161,"https://miu-documentos.s3.us-west-2.amazonaws.com/DATA-DOCS/miu-hml/documentos/143710/20050380/miuDocumento_998161_ClaseIntroductoria.pdf"
998173,"https://miu-documentos.s3.us-west-2.amazonaws.com/DATA-DOCS/miu-hml/documentos/144259/20040057/miuDocumento_998173_01ReglasEvaluacionesFinanciera2026VF.pdf"
998174,"https://miu-documentos.s3.us-west-2.amazonaws.com/DATA-DOCS/miu-hml/documentos/143256/20040057/miuDocumento_998173_01ReglasEvaluacionesFinanciera2026VF.pdf"
995385,"https://miu-documentos.s3.us-west-2.amazonaws.com/DATA-DOCS/miu-hml/documentos/143023/20241404/miuDocumento_995385_3.InstruccionesPresentacionBuenasPracticasEmpresarialesPE2026.pdf"
995398,"https://miu-documentos.s3.us-west-2.amazonaws.com/DATA-DOCS/miu-hml/documentos/143253/20021249/miuDocumento_995398_02-CostodeCapital-2024.pdf"
995681,"https://miu-documentos.s3.us-west-2.amazonaws.com/DATA-DOCS/miu-hml/documentos/139019/20040100/miuDocumento_958850_GrowthCharts_995681.pdf"
995709,"https://miu-documentos.s3.us-west-2.amazonaws.com/DATA-DOCS/miu-hml/documentos/143595/20040100/miuDocumento_995706_FormatodeConsejeriaGenetica.docx"
995418,"https://miu-documentos.s3.us-west-2.amazonaws.com/DATA-DOCS/miu-hml/documentos/118238/20150864/miuDocumento_813507_RUBRICADEREVISIONBIBLIOGRAFICAYPRESENTACIONORALMiU_855149_959084_995418.pdf"
995582,"https://miu-documentos.s3.us-west-2.amazonaws.com/DATA-DOCS/miu-hml/documentos/133129/20090970/miuDocumento_923276_ThomasHobbes-Leviatan_958606_995582.pdf"
995570,"https://miu-documentos.s3.us-west-2.amazonaws.com/DATA-DOCS/miu-hml/documentos/133129/20090970/miuDocumento_923263_Seneca-EpistolasmoralesaLucilio_958594_995570.pdf"
995365,"https://miu-documentos.s3.us-west-2.amazonaws.com/DATA-DOCS/miu-hml/documentos/124795/20010364/miuDocumento_871217_FormatobasicovacioCOMITEETICAUFM_917189_981683_995365.docx"
996289,"https://miu-documentos.s3.us-west-2.amazonaws.com/DATA-DOCS/miu-hml/documentos/143709/20150601/miuDocumento_996289_miuDocumento_923344_DocumentoDelDiaPdf_959756.pdf"
996395,"https://miu-documentos.s3.us-west-2.amazonaws.com/DATA-DOCS/miu-hml/documentos/144708/20180351/miuDocumento_996395_5.US-NSC-68.pdf"
996414,"https://miu-documentos.s3.us-west-2.amazonaws.com/DATA-DOCS/miu-hml/documentos/144708/20180351/miuDocumento_996414_23.NATOTreaty.pdf"
996962,"https://miu-documentos.s3.us-west-2.amazonaws.com/DATA-DOCS/miu-hml/documentos/143721/23820040/miuDocumento_996962_BIOMOLE_CULAS-2018.pdf"
996963,"https://miu-documentos.s3.us-west-2.amazonaws.com/DATA-DOCS/miu-hml/documentos/143722/23820040/miuDocumento_996962_BIOMOLE_CULAS-2018.pdf"
997006,"https://miu-documentos.s3.us-west-2.amazonaws.com/DATA-DOCS/miu-hml/documentos/143720/23820040/miuDocumento_997006_MitochondriaJeffHardinGregoryBertoni-Becker_sWorldoftheCell-Pearson2018.pdf"
997007,"https://miu-documentos.s3.us-west-2.amazonaws.com/DATA-DOCS/miu-hml/documentos/143722/23820040/miuDocumento_997006_MitochondriaJeffHardinGregoryBertoni-Becker_sWorldoftheCell-Pearson2018.pdf"
997008,"https://miu-documentos.s3.us-west-2.amazonaws.com/DATA-DOCS/miu-hml/documentos/143721/23820040/miuDocumento_997006_MitochondriaJeffHardinGregoryBertoni-Becker_sWorldoftheCell-Pearson2018.pdf"
997015,"https://miu-documentos.s3.us-west-2.amazonaws.com/DATA-DOCS/miu-hml/documentos/143720/23820040/miuDocumento_997015_nu_cleo.9aed.2018.JeffHardinGregoryBertoni-Becker_sWorldoftheCell-Pearson2018.pdf"
997016,"https://miu-documentos.s3.us-west-2.amazonaws.com/DATA-DOCS/miu-hml/documentos/143722/23820040/miuDocumento_997015_nu_cleo.9aed.2018.JeffHardinGregoryBertoni-Becker_sWorldoftheCell-Pearson2018.pdf"
997017,"https://miu-documentos.s3.us-west-2.amazonaws.com/DATA-DOCS/miu-hml/documentos/143721/23820040/miuDocumento_997015_nu_cleo.9aed.2018.JeffHardinGregoryBertoni-Becker_sWorldoftheCell-Pearson2018.pdf"
997024,"https://miu-documentos.s3.us-west-2.amazonaws.com/DATA-DOCS/miu-hml/documentos/143720/23820040/miuDocumento_997024_templates.transcripcio_nI.moldevs.codificante.9aed.JeffHardinGregoryBertoni-Becker_sWorldoftheCell-Pearson2018.pdf"
997025,"https://miu-documentos.s3.us-west-2.amazonaws.com/DATA-DOCS/miu-hml/documentos/143722/23820040/miuDocumento_997024_templates.transcripcio_nI.moldevs.codificante.9aed.JeffHardinGregoryBertoni-Becker_sWorldoftheCell-Pearson2018.pdf"
997026,"https://miu-documentos.s3.us-west-2.amazonaws.com/DATA-DOCS/miu-hml/documentos/143721/23820040/miuDocumento_997024_templates.transcripcio_nI.moldevs.codificante.9aed.JeffHardinGregoryBertoni-Becker_sWorldoftheCell-Pearson2018.pdf"
997027,"https://miu-documentos.s3.us-west-2.amazonaws.com/DATA-DOCS/miu-hml/documentos/143720/23820040/miuDocumento_997027_promotores.transcripcio_nI.unidadtranscrip.upstreamanddownstream.9aed.2018.JeffHardinGregoryBertoni-Becker_sWorldoftheCell-Pearson2018.pdf"
995362,"https://miu-documentos.s3.us-west-2.amazonaws.com/DATA-DOCS/miu-hml/documentos/124795/20010364/miuDocumento_870421_ManualdeProcedimientosdeOperacionEstandardelCIEIUFMHUEyanexos_924724_981675_995362.pdf"
995363,"https://miu-documentos.s3.us-west-2.amazonaws.com/DATA-DOCS/miu-hml/documentos/141407/20010364/miuDocumento_990825_GuiaIntegralparalaPostulaciondeProyectosal_995363.pptx"
995364,"https://miu-documentos.s3.us-west-2.amazonaws.com/DATA-DOCS/miu-hml/documentos/141407/20010364/miuDocumento_981693_METODOLOGIADELAINVESTIGACIONLASRUTASCUANTITATIVACUALITATIVA_995364.pdf"
995366,"https://miu-documentos.s3.us-west-2.amazonaws.com/DATA-DOCS/documentos/2005/81859/La estructura de las revoluciones cientificas_924732_981677_995366. T"
995367,"https://miu-documentos.s3.us-west-2.amazonaws.com/DATA-DOCS/miu-hml/documentos/132483/20010364/miuDocumento_922649_principles_981685_995367.pdf"
995608,"https://miu-documentos.s3.us-west-2.amazonaws.com/DATA-DOCS/miu-hml/documentos/144646/20210445/miuDocumento_995608_LewinCachanosky-ValueandCapital_AustrianCapitalTheory,RetrospectandProspect.pdf"
995713,"https://miu-documentos.s3.us-west-2.amazonaws.com/DATA-DOCS/miu-hml/documentos/143595/20040100/miuDocumento_995713_T1.AnomaliasMenores.pdf"
995714,"https://miu-documentos.s3.us-west-2.amazonaws.com/DATA-DOCS/miu-hml/documentos/143595/20040100/miuDocumento_995713_T1.AnomaliasMenores.pptx"
995715,"https://miu-documentos.s3.us-west-2.amazonaws.com/DATA-DOCS/miu-hml/documentos/143595/20040100/miuDocumento_995713_T1.AnomaliasMenores.pptx"
995716,"https://miu-documentos.s3.us-west-2.amazonaws.com/DATA-DOCS/miu-hml/documentos/143595/20040100/miuDocumento_995713_T1.AnomaliasMenores.pptx"
995717,"https://miu-documentos.s3.us-west-2.amazonaws.com/DATA-DOCS/miu-hml/documentos/143607/20040100/miuDocumento_995717_T1.AnomaliasMenores.pdf"
995434,"https://miu-documentos.s3.us-west-2.amazonaws.com/DATA-DOCS/miu-hml/documentos/136208/20090970/miuDocumento_944208_TheOriginsofTotalitarianism-Arendt_958663_980235_995434.pdf"
995436,"https://miu-documentos.s3.us-west-2.amazonaws.com/DATA-DOCS/miu-hml/documentos/136208/20090970/miuDocumento_944208_TheOriginsofTotalitarianism-Arendt_958663_980235_995436.pdf"
998208,"https://miu-documentos.s3.us-west-2.amazonaws.com/DATA-DOCS/miu-hml/documentos/143419/20041076/miuDocumento_958550_SeminariodeAdministracion2025-Programa(1)(2).docx"
998209,"https://miu-documentos.s3.us-west-2.amazonaws.com/DATA-DOCS/miu-hml/documentos/143421/20041076/miuDocumento_958550_SeminariodeAdministracion2025-Programa(1)(2).docx"
998210,"https://miu-documentos.s3.us-west-2.amazonaws.com/DATA-DOCS/miu-hml/documentos/143420/20041076/miuDocumento_958550_SeminariodeAdministracion2025-Programa(1)(2).docx"
998243,"https://miu-documentos.s3.us-west-2.amazonaws.com/DATA-DOCS/miu-hml/documentos/143737/20190187/miuDocumento_998243_GruposPsicobiologiaISeccionB.pdf"
995604,"https://miu-documentos.s3.us-west-2.amazonaws.com/DATA-DOCS/miu-hml/documentos/144646/20210445/miuDocumento_995604_Wagner-CentralBankingandtheFed.pdf"
995638,"https://miu-documentos.s3.us-west-2.amazonaws.com/DATA-DOCS/miu-hml/documentos/143595/20040100/miuDocumento_995638_8.CasosClinicos-Genodermatosis.pdf"
995639,"https://miu-documentos.s3.us-west-2.amazonaws.com/DATA-DOCS/miu-hml/documentos/143595/20040100/miuDocumento_995638_8.CasosClinicos-Genodermatosis.pdf"
995640,"https://miu-documentos.s3.us-west-2.amazonaws.com/DATA-DOCS/miu-hml/documentos/143595/20040100/miuDocumento_995638_8.CasosClinicos-Genodermatosis.pdf"
995642,"https://miu-documentos.s3.us-west-2.amazonaws.com/DATA-DOCS/miu-hml/documentos/143595/20040100/miuDocumento_995642_9.CasosClinicos-EIMs.pdf"
995643,"https://miu-documentos.s3.us-west-2.amazonaws.com/DATA-DOCS/miu-hml/documentos/143595/20040100/miuDocumento_995642_9.CasosClinicos-EIMs.pdf"
995645,"https://miu-documentos.s3.us-west-2.amazonaws.com/DATA-DOCS/miu-hml/documentos/143595/20040100/miuDocumento_995642_9.CasosClinicos-EIMs.pdf"
995646,"https://miu-documentos.s3.us-west-2.amazonaws.com/DATA-DOCS/miu-hml/documentos/143595/20040100/miuDocumento_995646_10.Tamizajes,GeneticaClinica.pdf"
995647,"https://miu-documentos.s3.us-west-2.amazonaws.com/DATA-DOCS/miu-hml/documentos/143595/20040100/miuDocumento_995646_10.Tamizajes,GeneticaClinica.pdf"
995648,"https://miu-documentos.s3.us-west-2.amazonaws.com/DATA-DOCS/miu-hml/documentos/143595/20040100/miuDocumento_995646_10.Tamizajes,GeneticaClinica.pdf"
995650,"https://miu-documentos.s3.us-west-2.amazonaws.com/DATA-DOCS/miu-hml/documentos/143595/20040100/miuDocumento_995650_ParticipacionenClase,GeneticaClinica.pdf"
995652,"https://miu-documentos.s3.us-west-2.amazonaws.com/DATA-DOCS/miu-hml/documentos/143595/20040100/miuDocumento_995650_ParticipacionenClase,GeneticaClinica.pdf"
995653,"https://miu-documentos.s3.us-west-2.amazonaws.com/DATA-DOCS/miu-hml/documentos/143595/20040100/miuDocumento_995650_ParticipacionenClase,GeneticaClinica.pdf"
995878,"https://miu-documentos.s3.us-west-2.amazonaws.com/DATA-DOCS/miu-hml/documentos/143583/20040100/miuDocumento_995851_2_995878.TecnicasdeAnalisis"
995880,"https://miu-documentos.s3.us-west-2.amazonaws.com/DATA-DOCS/miu-hml/documentos/143583/20040100/miuDocumento_995857_4_995880.GWAS"
995881,"https://miu-documentos.s3.us-west-2.amazonaws.com/DATA-DOCS/miu-hml/documentos/143583/20040100/miuDocumento_995860_5_995881.Farmacogenomica"
995883,"https://miu-documentos.s3.us-west-2.amazonaws.com/DATA-DOCS/miu-hml/documentos/143583/20040100/miuDocumento_995866_7_995883.Transcriptomica"
995884,"https://miu-documentos.s3.us-west-2.amazonaws.com/DATA-DOCS/miu-hml/documentos/143583/20040100/miuDocumento_995869_9_995884.TratamientoGenetico"
995885,"https://miu-documentos.s3.us-west-2.amazonaws.com/DATA-DOCS/miu-hml/documentos/143583/20040100/miuDocumento_995872_10_995885.Dismorfologia"
995902,"https://miu-documentos.s3.us-west-2.amazonaws.com/DATA-DOCS/miu-hml/documentos/143583/20040100/miuDocumento_995902_2.PCRandothernucleicacidamplificationtechnology.pdf"
995903,"https://miu-documentos.s3.us-west-2.amazonaws.com/DATA-DOCS/miu-hml/documentos/143583/20040100/miuDocumento_995902_2.PCRandothernucleicacidamplificationtechnology.pdf"
995904,"https://miu-documentos.s3.us-west-2.amazonaws.com/DATA-DOCS/miu-hml/documentos/143583/20040100/miuDocumento_995902_2.PCRandothernucleicacidamplificationtechnology.pdf"
997028,"https://miu-documentos.s3.us-west-2.amazonaws.com/DATA-DOCS/miu-hml/documentos/143722/23820040/miuDocumento_997027_promotores.transcripcio_nI.unidadtranscrip.upstreamanddownstream.9aed.2018.JeffHardinGregoryBertoni-Becker_sWorldoftheCell-Pearson2018.pdf"
997029,"https://miu-documentos.s3.us-west-2.amazonaws.com/DATA-DOCS/miu-hml/documentos/143721/23820040/miuDocumento_997027_promotores.transcripcio_nI.unidadtranscrip.upstreamanddownstream.9aed.2018.JeffHardinGregoryBertoni-Becker_sWorldoftheCell-Pearson2018.pdf"
997041,"https://miu-documentos.s3.us-west-2.amazonaws.com/DATA-DOCS/miu-hml/documentos/143720/23820040/miuDocumento_997041_co_digogene_ticoyframeshiftmutations.9aed.2018.JeffHardinGregoryBertoni-Becker_sWorldoftheCell-Pearson2018.pdf"
997048,"https://miu-documentos.s3.us-west-2.amazonaws.com/DATA-DOCS/miu-hml/documentos/143721/23820040/miuDocumento_997041_co_digogene_ticoyframeshiftmutations.9aed.2018.JeffHardinGregoryBertoni-Becker_sWorldoftheCell-Pearson2018.pdf"
995438,"https://miu-documentos.s3.us-west-2.amazonaws.com/DATA-DOCS/miu-hml/documentos/136208/20090970/miuDocumento_944212_TheHumanCondition-Arendt_958665_980236_995438.pdf"
995718,"https://miu-documentos.s3.us-west-2.amazonaws.com/DATA-DOCS/miu-hml/documentos/143595/20040100/miuDocumento_995713_T1.AnomaliasMenores.pptx"
995719,"https://miu-documentos.s3.us-west-2.amazonaws.com/DATA-DOCS/miu-hml/documentos/143595/20040100/miuDocumento_995713_T1.AnomaliasMenores.pptx"
995734,"https://miu-documentos.s3.us-west-2.amazonaws.com/DATA-DOCS/miu-hml/documentos/143595/20040100/miuDocumento_995734_T4.DSD.pdf"
995735,"https://miu-documentos.s3.us-west-2.amazonaws.com/DATA-DOCS/miu-hml/documentos/143595/20040100/miuDocumento_995734_T4.DSD.pptx"
995444,"https://miu-documentos.s3.us-west-2.amazonaws.com/DATA-DOCS/miu-hml/documentos/136208/20090970/miuDocumento_944215_DisciplineandPunish-Foucault_958667_980237_995444.pdf"
995446,"https://miu-documentos.s3.us-west-2.amazonaws.com/DATA-DOCS/miu-hml/documentos/136208/20090970/miuDocumento_944218_QueeslaIlustracion_Foucault_958669_980238_995446.pdf"
995736,"https://miu-documentos.s3.us-west-2.amazonaws.com/DATA-DOCS/miu-hml/documentos/143595/20040100/miuDocumento_995734_T4.DSD.pptx"
995448,"https://miu-documentos.s3.us-west-2.amazonaws.com/DATA-DOCS/miu-hml/documentos/136208/20090970/miuDocumento_944218_QueeslaIlustracion_Foucault_958669_980238_995448.pdf"
995737,"https://miu-documentos.s3.us-west-2.amazonaws.com/DATA-DOCS/miu-hml/documentos/143595/20040100/miuDocumento_995734_T4.DSD.pptx"
995738,"https://miu-documentos.s3.us-west-2.amazonaws.com/DATA-DOCS/miu-hml/documentos/143595/20040100/miuDocumento_995734_T4.DSD.pptx"
995739,"https://miu-documentos.s3.us-west-2.amazonaws.com/DATA-DOCS/miu-hml/documentos/143595/20040100/miuDocumento_995734_T4.DSD.pptx"
995454,"https://miu-documentos.s3.us-west-2.amazonaws.com/DATA-DOCS/miu-hml/documentos/136208/20090970/miuDocumento_944220_TheOpenSocietyandItsEnemies-Popper_958673_980240_995454.pdf"
995455,"https://miu-documentos.s3.us-west-2.amazonaws.com/DATA-DOCS/miu-hml/documentos/136208/20090970/miuDocumento_944220_TheOpenSocietyandItsEnemies-Popper_958673_980240_995455.pdf"
995740,"https://miu-documentos.s3.us-west-2.amazonaws.com/DATA-DOCS/miu-hml/documentos/143595/20040100/miuDocumento_995734_T4.DSD.pptx"
995458,"https://miu-documentos.s3.us-west-2.amazonaws.com/DATA-DOCS/miu-hml/documentos/136208/20090970/miuDocumento_944221_StructuralAnthropology-Levi-Strauss_958675_980241_995458.pdf"
995698,"https://miu-documentos.s3.us-west-2.amazonaws.com/DATA-DOCS/miu-hml/documentos/139019/20040100/miuDocumento_958854_Dismorphology_995698.pdf"
995467,"https://miu-documentos.s3.us-west-2.amazonaws.com/DATA-DOCS/miu-hml/documentos/136208/20090970/miuDocumento_944227_TheTheoryofCommunicativeAction-Habermas_958679_980243_995467.pdf"
995905,"https://miu-documentos.s3.us-west-2.amazonaws.com/DATA-DOCS/miu-hml/documentos/143583/20040100/miuDocumento_995902_2.PCRandothernucleicacidamplificationtechnology.pdf"
995906,"https://miu-documentos.s3.us-west-2.amazonaws.com/DATA-DOCS/miu-hml/documentos/143583/20040100/miuDocumento_995902_2.PCRandothernucleicacidamplificationtechnology.pdf"
995907,"https://miu-documentos.s3.us-west-2.amazonaws.com/DATA-DOCS/miu-hml/documentos/143583/20040100/miuDocumento_995907_3.TheHistoryofSequencingDNA.pdf"
995909,"https://miu-documentos.s3.us-west-2.amazonaws.com/DATA-DOCS/miu-hml/documentos/143583/20040100/miuDocumento_995907_3.TheHistoryofSequencingDNA.pdf"
995910,"https://miu-documentos.s3.us-west-2.amazonaws.com/DATA-DOCS/miu-hml/documentos/143583/20040100/miuDocumento_995907_3.TheHistoryofSequencingDNA.pdf"
995911,"https://miu-documentos.s3.us-west-2.amazonaws.com/DATA-DOCS/miu-hml/documentos/143583/20040100/miuDocumento_995907_3.TheHistoryofSequencingDNA.pdf"
995912,"https://miu-documentos.s3.us-west-2.amazonaws.com/DATA-DOCS/miu-hml/documentos/143583/20040100/miuDocumento_995912_3.SequencingTechnologies.pdf"
995913,"https://miu-documentos.s3.us-west-2.amazonaws.com/DATA-DOCS/miu-hml/documentos/143583/20040100/miuDocumento_995912_3.SequencingTechnologies.pdf"
995914,"https://miu-documentos.s3.us-west-2.amazonaws.com/DATA-DOCS/miu-hml/documentos/143583/20040100/miuDocumento_995912_3.SequencingTechnologies.pdf"
995915,"https://miu-documentos.s3.us-west-2.amazonaws.com/DATA-DOCS/miu-hml/documentos/143583/20040100/miuDocumento_995912_3.SequencingTechnologies.pdf"
995916,"https://miu-documentos.s3.us-west-2.amazonaws.com/DATA-DOCS/miu-hml/documentos/143583/20040100/miuDocumento_995912_3.SequencingTechnologies.pdf"
995917,"https://miu-documentos.s3.us-west-2.amazonaws.com/DATA-DOCS/miu-hml/documentos/143583/20040100/miuDocumento_995917_3.NGS.pdf"
995918,"https://miu-documentos.s3.us-west-2.amazonaws.com/DATA-DOCS/miu-hml/documentos/143583/20040100/miuDocumento_995917_3.NGS.pdf"
995919,"https://miu-documentos.s3.us-west-2.amazonaws.com/DATA-DOCS/miu-hml/documentos/143583/20040100/miuDocumento_995917_3.NGS.pdf"
995920,"https://miu-documentos.s3.us-west-2.amazonaws.com/DATA-DOCS/miu-hml/documentos/143583/20040100/miuDocumento_995917_3.NGS.pdf"
995921,"https://miu-documentos.s3.us-west-2.amazonaws.com/DATA-DOCS/miu-hml/documentos/143583/20040100/miuDocumento_995917_3.NGS.pdf"
995992,"https://miu-documentos.s3.us-west-2.amazonaws.com/DATA-DOCS/miu-hml/documentos/143583/20040100/miuDocumento_995992_ElementsofMorphology.pdf"
995993,"https://miu-documentos.s3.us-west-2.amazonaws.com/DATA-DOCS/miu-hml/documentos/143583/20040100/miuDocumento_995992_ElementsofMorphology.pdf"
995994,"https://miu-documentos.s3.us-west-2.amazonaws.com/DATA-DOCS/miu-hml/documentos/143583/20040100/miuDocumento_995992_ElementsofMorphology.pdf"
995995,"https://miu-documentos.s3.us-west-2.amazonaws.com/DATA-DOCS/miu-hml/documentos/143583/20040100/miuDocumento_995992_ElementsofMorphology.pdf"
995996,"https://miu-documentos.s3.us-west-2.amazonaws.com/DATA-DOCS/miu-hml/documentos/143583/20040100/miuDocumento_995992_ElementsofMorphology.pdf"
995998,"https://miu-documentos.s3.us-west-2.amazonaws.com/DATA-DOCS/miu-hml/documentos/144827/20230676/miuDocumento_995998_Modelologicoynormalizacion.pptx"
996002,"https://miu-documentos.s3.us-west-2.amazonaws.com/DATA-DOCS/miu-hml/documentos/144827/20230676/miuDocumento_996002_04-ProjectScopeManagement.pdf"
997072,"https://miu-documentos.s3.us-west-2.amazonaws.com/DATA-DOCS/miu-hml/documentos/143720/23820040/miuDocumento_997072_Modificacionespost-traduccionales.MolecularBiologyoftheCell6thedition-Alberts-NEW.pdf"
997073,"https://miu-documentos.s3.us-west-2.amazonaws.com/DATA-DOCS/miu-hml/documentos/143722/23820040/miuDocumento_997072_Modificacionespost-traduccionales.MolecularBiologyoftheCell6thedition-Alberts-NEW.pdf"
997074,"https://miu-documentos.s3.us-west-2.amazonaws.com/DATA-DOCS/miu-hml/documentos/143721/23820040/miuDocumento_997072_Modificacionespost-traduccionales.MolecularBiologyoftheCell6thedition-Alberts-NEW.pdf"
997081,"https://miu-documentos.s3.us-west-2.amazonaws.com/DATA-DOCS/miu-hml/documentos/143720/23820040/miuDocumento_997081_Microfilamentos.9ed.2018.JeffHardinGregoryBertoni-Becker_sWorldoftheCell-Pearson2018.pdf"
997082,"https://miu-documentos.s3.us-west-2.amazonaws.com/DATA-DOCS/miu-hml/documentos/143722/23820040/miuDocumento_997081_Microfilamentos.9ed.2018.JeffHardinGregoryBertoni-Becker_sWorldoftheCell-Pearson2018.pdf"
997083,"https://miu-documentos.s3.us-west-2.amazonaws.com/DATA-DOCS/miu-hml/documentos/143721/23820040/miuDocumento_997081_Microfilamentos.9ed.2018.JeffHardinGregoryBertoni-Becker_sWorldoftheCell-Pearson2018.pdf"
997117,"https://miu-documentos.s3.us-west-2.amazonaws.com/DATA-DOCS/miu-hml/documentos/143720/23820040/miuDocumento_997117_EndocitosisAlberts2021.pdf"
997118,"https://miu-documentos.s3.us-west-2.amazonaws.com/DATA-DOCS/miu-hml/documentos/143722/23820040/miuDocumento_997117_EndocitosisAlberts2021.pdf"
997119,"https://miu-documentos.s3.us-west-2.amazonaws.com/DATA-DOCS/miu-hml/documentos/143721/23820040/miuDocumento_997117_EndocitosisAlberts2021.pdf"
997120,"https://miu-documentos.s3.us-west-2.amazonaws.com/DATA-DOCS/miu-hml/documentos/143720/23820040/miuDocumento_997120_ExocitosisAlberts2021.pdf"
997121,"https://miu-documentos.s3.us-west-2.amazonaws.com/DATA-DOCS/miu-hml/documentos/143722/23820040/miuDocumento_997120_ExocitosisAlberts2021.pdf"
997122,"https://miu-documentos.s3.us-west-2.amazonaws.com/DATA-DOCS/miu-hml/documentos/143721/23820040/miuDocumento_997120_ExocitosisAlberts2021.pdf"
997217,"https://miu-documentos.s3.us-west-2.amazonaws.com/DATA-DOCS/miu-hml/documentos/144518/20180989/miuDocumento_997217_13.Micklethwait.Cap.7.pdf"
997218,"https://miu-documentos.s3.us-west-2.amazonaws.com/DATA-DOCS/miu-hml/documentos/144519/20180989/miuDocumento_997217_13.Micklethwait.Cap.7.pdf"
997221,"https://miu-documentos.s3.us-west-2.amazonaws.com/DATA-DOCS/miu-hml/documentos/144518/20180989/miuDocumento_997221_15.Micklethwait.Conclusin.pdf"
997222,"https://miu-documentos.s3.us-west-2.amazonaws.com/DATA-DOCS/miu-hml/documentos/144519/20180989/miuDocumento_997221_15.Micklethwait.Conclusin.pdf"
997233,"https://miu-documentos.s3.us-west-2.amazonaws.com/DATA-DOCS/miu-hml/documentos/143421/20041076/miuDocumento_997233_CalendarioSeminarioAdministracin1C2026.xlsx"
997234,"https://miu-documentos.s3.us-west-2.amazonaws.com/DATA-DOCS/miu-hml/documentos/143420/20000027/miuDocumento_997234_CalendarioSeminarioAdministracin1B2026.xlsx"
997236,"https://miu-documentos.s3.us-west-2.amazonaws.com/DATA-DOCS/miu-hml/documentos/144588/20041039/miuDocumento_997236_Historiadelliberalismoydelmarxismo2026.docx"
997237,"https://miu-documentos.s3.us-west-2.amazonaws.com/DATA-DOCS/miu-hml/documentos/144588/20041039/miuDocumento_997237_LiberalismoyUtopa.docx"
997260,"https://miu-documentos.s3.us-west-2.amazonaws.com/DATA-DOCS/miu-hml/documentos/143415/97000473/miuDocumento_997260_ProgramadeCursoRiskManagment2026.pdf"
995667,"https://miu-documentos.s3.us-west-2.amazonaws.com/DATA-DOCS/miu-hml/documentos/139019/20040100/miuDocumento_958862_ThompsonThompson,Ch7-PatternsofInheritance_995667.pdf"
995471,"https://miu-documentos.s3.us-west-2.amazonaws.com/DATA-DOCS/miu-hml/documentos/136208/20090970/miuDocumento_944229_GenderTrouble-Butler_958681_980244_995471.pdf"
995651,"https://miu-documentos.s3.us-west-2.amazonaws.com/DATA-DOCS/miu-hml/documentos/143595/20040100/miuDocumento_995650_ParticipacionenClase,GeneticaClinica.pdf"
995474,"https://miu-documentos.s3.us-west-2.amazonaws.com/DATA-DOCS/miu-hml/documentos/136208/20090970/miuDocumento_944230_DevelopmentAsFreedom-AmartyaSen_958683_980245_995474.pdf"
995691,"https://miu-documentos.s3.us-west-2.amazonaws.com/DATA-DOCS/miu-hml/documentos/139019/20040100/miuDocumento_958874_GardnerandSutherlandChromosomalAbnormalities,Ch14StructuralRearrangements_995691.pdf"
995476,"https://miu-documentos.s3.us-west-2.amazonaws.com/DATA-DOCS/miu-hml/documentos/136208/20090970/miuDocumento_944230_DevelopmentAsFreedom-AmartyaSen_958683_980245_995476.pdf"
995688,"https://miu-documentos.s3.us-west-2.amazonaws.com/DATA-DOCS/miu-hml/documentos/139019/20040100/miuDocumento_958842_Basic-concepts-dysmorphology-Temtamy-2010_995688.pdf"
995641,"https://miu-documentos.s3.us-west-2.amazonaws.com/DATA-DOCS/miu-hml/documentos/143595/20040100/miuDocumento_995638_8.CasosClinicos-Genodermatosis.pdf"
995677,"https://miu-documentos.s3.us-west-2.amazonaws.com/DATA-DOCS/miu-hml/documentos/139019/20040100/miuDocumento_958866_StandardizedHumanPedigreeNomenclature_995677.pdf"
995649,"https://miu-documentos.s3.us-west-2.amazonaws.com/DATA-DOCS/miu-hml/documentos/143595/20040100/miuDocumento_995646_10.Tamizajes,GeneticaClinica.pdf"
995908,"https://miu-documentos.s3.us-west-2.amazonaws.com/DATA-DOCS/miu-hml/documentos/143583/20040100/miuDocumento_995907_3.TheHistoryofSequencingDNA.pdf"
996406,"https://miu-documentos.s3.us-west-2.amazonaws.com/DATA-DOCS/miu-hml/documentos/144708/20180351/miuDocumento_996406_15.LighthizerR.NoTradeisFree.pdf"
996411,"https://miu-documentos.s3.us-west-2.amazonaws.com/DATA-DOCS/miu-hml/documentos/144708/20180351/miuDocumento_996411_20.GordonP.H.KarlinM.2026.TheAlliesAfterAmerica.InSearchofPlanB..pdf"
996412,"https://miu-documentos.s3.us-west-2.amazonaws.com/DATA-DOCS/miu-hml/documentos/144708/20180351/miuDocumento_996412_21.TakeyhR.2025.TrumpsMiddleEastOrder..pdf"
996372,"https://miu-documentos.s3.us-west-2.amazonaws.com/DATA-DOCS/miu-hml/documentos/143742/20141005/miuDocumento_961558_Acentuaciongraficaenespanol(Enclave)MayraFranke.pdf"
996733,"https://miu-documentos.s3.us-west-2.amazonaws.com/DATA-DOCS/miu-hml/documentos/144845/20110699/miuDocumento_996733_Class1_CypressSemiconductor-20251228T063923Z-3-001.zip"
996745,"https://miu-documentos.s3.us-west-2.amazonaws.com/DATA-DOCS/miu-hml/documentos/144845/20110699/miuDocumento_996745_Class13_LincolnElectricCompany-20251228T064103Z-3-001.zip"
996910,"https://miu-documentos.s3.us-west-2.amazonaws.com/DATA-DOCS/miu-hml/documentos/143981/12900745/miuDocumento_996910_04.Contratoyejecucionhidroelectricaen26.docx"
996378,"https://miu-documentos.s3.us-west-2.amazonaws.com/DATA-DOCS/miu-hml/documentos/143742/20141005/miuDocumento_961570_NORMASVANCOUVER.pdf"
998146,"https://miu-documentos.s3.us-west-2.amazonaws.com/DATA-DOCS/miu-hml/documentos/144125/12870542/miuDocumento_998146_250103-los-derechos-del-hombre.Rand.pdf"
998147,"https://miu-documentos.s3.us-west-2.amazonaws.com/DATA-DOCS/miu-hml/documentos/144121/12870542/miuDocumento_998146_250103-los-derechos-del-hombre.Rand.pdf"
998148,"https://miu-documentos.s3.us-west-2.amazonaws.com/DATA-DOCS/miu-hml/documentos/144122/12870542/miuDocumento_998146_250103-los-derechos-del-hombre.Rand.pdf"
998171,"https://miu-documentos.s3.us-west-2.amazonaws.com/DATA-DOCS/miu-hml/documentos/144153/20150835/miuDocumento_998171_Examen_Diagnostico_Matematica_Avanzada.pdf"
995664,"https://miu-documentos.s3.us-west-2.amazonaws.com/DATA-DOCS/miu-hml/documentos/139019/20040100/miuDocumento_958870_GardnerandSutherlandChromosomalAbnormalities,Ch13Aneuploidies_995664.pdf"
995644,"https://miu-documentos.s3.us-west-2.amazonaws.com/DATA-DOCS/miu-hml/documentos/143595/20040100/miuDocumento_995642_9.CasosClinicos-EIMs.pdf"
995665,"https://miu-documentos.s3.us-west-2.amazonaws.com/DATA-DOCS/miu-hml/documentos/139019/20040100/miuDocumento_958870_GardnerandSutherlandChromosomalAbnormalities,Ch13Aneuploidies_995665.pdf"
995685,"https://miu-documentos.s3.us-west-2.amazonaws.com/DATA-DOCS/miu-hml/documentos/139019/20040100/miuDocumento_958882_RiskAssesmentandGeneticCounseling_995685.pdf"
995879,"https://miu-documentos.s3.us-west-2.amazonaws.com/DATA-DOCS/miu-hml/documentos/143583/20040100/miuDocumento_995854_3_995879.Bioinformatica"
995886,"https://miu-documentos.s3.us-west-2.amazonaws.com/DATA-DOCS/miu-hml/documentos/143583/20040100/miuDocumento_995875_11_995886.ParticipacionenClase,CienciasOmicas"
995584,"https://miu-documentos.s3.us-west-2.amazonaws.com/DATA-DOCS/miu-hml/documentos/133129/20090970/miuDocumento_923278_Fundamentaciondelametafisicadelascostumbres-Kant_958608_995584.pdf"
995562,"https://miu-documentos.s3.us-west-2.amazonaws.com/DATA-DOCS/miu-hml/documentos/133129/20090970/miuDocumento_923251_Concepcionesdeetica-Camps,etal_958584_995562.pdf"
995361,"https://miu-documentos.s3.us-west-2.amazonaws.com/DATA-DOCS/miu-hml/documentos/133191/20010364/miuDocumento_924806_mariolabordaJournalmanager17432-51259-1-CE_981673_995361.pdf"
996151,"https://miu-documentos.s3.us-west-2.amazonaws.com/DATA-DOCS/miu-hml/documentos/144844/20110699/miuDocumento_996151_Class3_TheBarakat-20251218T033845Z-3-001.zip"
996156,"https://miu-documentos.s3.us-west-2.amazonaws.com/DATA-DOCS/miu-hml/documentos/144844/20110699/miuDocumento_996156_Class8_KrispyKremeDoughnuts-20251218T033858Z-3-001.zip"
996159,"https://miu-documentos.s3.us-west-2.amazonaws.com/DATA-DOCS/miu-hml/documentos/144844/20110699/miuDocumento_996159_Class11_BrazosPartnerstheCoMarkLBO-20251218T033801Z-3-001.zip"
996166,"https://miu-documentos.s3.us-west-2.amazonaws.com/DATA-DOCS/miu-hml/documentos/143697/20070803/miuDocumento_996166_GRUPOSDEFIJOyCOMUNIDADES1rarot2026.docx"
996167,"https://miu-documentos.s3.us-west-2.amazonaws.com/DATA-DOCS/miu-hml/documentos/143861/20070803/miuDocumento_996166_GRUPOSDEFIJOyCOMUNIDADES1rarot2026.docx"
996168,"https://miu-documentos.s3.us-west-2.amazonaws.com/DATA-DOCS/miu-hml/documentos/143697/20070803/miuDocumento_996168_ROLDETURNOS.xlsx"
996169,"https://miu-documentos.s3.us-west-2.amazonaws.com/DATA-DOCS/miu-hml/documentos/143861/20070803/miuDocumento_996168_ROLDETURNOS.xlsx"
996170,"https://miu-documentos.s3.us-west-2.amazonaws.com/DATA-DOCS/miu-hml/documentos/143697/20070803/miuDocumento_996170_ROLDEFIJOS.docx"
996171,"https://miu-documentos.s3.us-west-2.amazonaws.com/DATA-DOCS/miu-hml/documentos/143861/20070803/miuDocumento_996170_ROLDEFIJOS.docx"
996195,"https://miu-documentos.s3.us-west-2.amazonaws.com/DATA-DOCS/miu-hml/documentos/143666/20021275/miuDocumento_996195_infoInternosiniciorotenero.docx"
996196,"https://miu-documentos.s3.us-west-2.amazonaws.com/DATA-DOCS/miu-hml/documentos/143697/20070803/miuDocumento_996196_REGLAMENTOINTERNOPARAELESTUDIANTEDEMEDICINA.docx"
997264,"https://miu-documentos.s3.us-west-2.amazonaws.com/DATA-DOCS/miu-hml/documentos/143415/97000473/miuDocumento_997264_Lectura4.ExcesodeLiquidezRiesgoono.pdf"
997268,"https://miu-documentos.s3.us-west-2.amazonaws.com/DATA-DOCS/miu-hml/documentos/144827/20230676/miuDocumento_997268_00Guiaparatenerexitoenelcurso.pdf"
997286,"https://miu-documentos.s3.us-west-2.amazonaws.com/DATA-DOCS/miu-hml/documentos/143766/20151104/miuDocumento_997286_BQdelasaliva.pdf"
997287,"https://miu-documentos.s3.us-west-2.amazonaws.com/DATA-DOCS/miu-hml/documentos/143767/20151104/miuDocumento_997286_BQdelasaliva.pdf"
997314,"https://miu-documentos.s3.us-west-2.amazonaws.com/DATA-DOCS/miu-hml/documentos/142924/20010656/miuDocumento_959091_2025_MarcoconceptualdelaSeguridadylaDefensa.pptx"
997412,"https://miu-documentos.s3.us-west-2.amazonaws.com/DATA-DOCS/miu-hml/documentos/143754/20130546/miuDocumento_997412_2026MICROPROGRAMACIONEXCELCLASETEORICA.xlsx"
997413,"https://miu-documentos.s3.us-west-2.amazonaws.com/DATA-DOCS/miu-hml/documentos/143755/20130546/miuDocumento_997412_2026MICROPROGRAMACIONEXCELCLASETEORICA.xlsx"
997317,"https://miu-documentos.s3.us-west-2.amazonaws.com/DATA-DOCS/miu-hml/documentos/142924/20010656/miuDocumento_959092_2_2025_Conceptodeguerra.pptx"
997414,"https://miu-documentos.s3.us-west-2.amazonaws.com/DATA-DOCS/miu-hml/documentos/143756/20130546/miuDocumento_997412_2026MICROPROGRAMACIONEXCELCLASETEORICA.xlsx"
997319,"https://miu-documentos.s3.us-west-2.amazonaws.com/DATA-DOCS/miu-hml/documentos/142924/20010656/miuDocumento_958944_Johnson-paul-tiempos-modernos.pdf"
997530,"https://miu-documentos.s3.us-west-2.amazonaws.com/DATA-DOCS/miu-hml/documentos/143979/20020131/miuDocumento_997530_Lectura2-LasociedadcomocontratoCarlosAugustoVanasco.pdf"
997321,"https://miu-documentos.s3.us-west-2.amazonaws.com/DATA-DOCS/miu-hml/documentos/142924/20010656/miuDocumento_959129_2025_Librosblancosdeseguridadydefensa.pptx"
997322,"https://miu-documentos.s3.us-west-2.amazonaws.com/DATA-DOCS/miu-hml/documentos/142924/20010656/miuDocumento_959088_Queesunadeclaraciondeguerra.docx"
997323,"https://miu-documentos.s3.us-west-2.amazonaws.com/DATA-DOCS/miu-hml/documentos/142924/20010656/miuDocumento_958949_ElusoadecuadodelaIAparaqueseaunaherramientautilynounmedioparacopiarohacertrabajossinaprendizaje.pdf"
997324,"https://miu-documentos.s3.us-west-2.amazonaws.com/DATA-DOCS/miu-hml/documentos/142924/20010656/miuDocumento_959480_4_2025_Areasyzonasclavesenelmundo_EUROPAYRUSIA.pptx"
997531,"https://miu-documentos.s3.us-west-2.amazonaws.com/DATA-DOCS/miu-hml/documentos/143980/20020131/miuDocumento_997530_Lectura2-LasociedadcomocontratoCarlosAugustoVanasco.pdf"
997565,"https://miu-documentos.s3.us-west-2.amazonaws.com/DATA-DOCS/miu-hml/documentos/144222/97000142/miuDocumento_997565_Caso1ObliII2026.pdf"
997327,"https://miu-documentos.s3.us-west-2.amazonaws.com/DATA-DOCS/miu-hml/documentos/142924/20010656/miuDocumento_959481_5_2025_Areasyzonasclavesenelmundo_AMERICAYAFRICA.pptx"
997559,"https://miu-documentos.s3.us-west-2.amazonaws.com/DATA-DOCS/miu-hml/documentos/143375/20130088/miuDocumento_997559_Syllabus_B.pdf"
997566,"https://miu-documentos.s3.us-west-2.amazonaws.com/DATA-DOCS/miu-hml/documentos/144221/97000142/miuDocumento_997565_Caso1ObliII2026.pdf"
997330,"https://miu-documentos.s3.us-west-2.amazonaws.com/DATA-DOCS/miu-hml/documentos/142924/20010656/miuDocumento_959482_6_2025_Areasyzonasclavesenelmundo_ORIENTEMEDIOYCHINA.pptx"
997567,"https://miu-documentos.s3.us-west-2.amazonaws.com/DATA-DOCS/miu-hml/documentos/144222/97000142/miuDocumento_997567_PreguntasCaso1AObliII2026.pdf"
997568,"https://miu-documentos.s3.us-west-2.amazonaws.com/DATA-DOCS/miu-hml/documentos/144221/97000142/miuDocumento_997567_PreguntasCaso1AObliII2026.pdf"
996911,"https://miu-documentos.s3.us-west-2.amazonaws.com/DATA-DOCS/miu-hml/documentos/143011/12900745/miuDocumento_996910_04.Contratoyejecucionhidroelectricaen26.docx"
996922,"https://miu-documentos.s3.us-west-2.amazonaws.com/DATA-DOCS/miu-hml/documentos/143720/23820040/miuDocumento_996922_a_c.nuclicos.9aed.2018.JeffHardinGregoryBertoni-Becker_sWorldoftheCell-Pearson2018.pdf"
996923,"https://miu-documentos.s3.us-west-2.amazonaws.com/DATA-DOCS/miu-hml/documentos/143722/23820040/miuDocumento_996922_a_c.nuclicos.9aed.2018.JeffHardinGregoryBertoni-Becker_sWorldoftheCell-Pearson2018.pdf"
996924,"https://miu-documentos.s3.us-west-2.amazonaws.com/DATA-DOCS/miu-hml/documentos/143721/23820040/miuDocumento_996922_a_c.nuclicos.9aed.2018.JeffHardinGregoryBertoni-Becker_sWorldoftheCell-Pearson2018.pdf"
996384,"https://miu-documentos.s3.us-west-2.amazonaws.com/DATA-DOCS/miu-hml/documentos/143742/20141005/miuDocumento_961575_Citar_referenciar_(Vancouver).pdf"
996952,"https://miu-documentos.s3.us-west-2.amazonaws.com/DATA-DOCS/miu-hml/documentos/143720/23820040/miuDocumento_996952_enzimas.9aed.2018.JeffHardinGregoryBertoni-Becker_sWorldoftheCell-Pearson2018.pdf"
996953,"https://miu-documentos.s3.us-west-2.amazonaws.com/DATA-DOCS/miu-hml/documentos/143722/23820040/miuDocumento_996952_enzimas.9aed.2018.JeffHardinGregoryBertoni-Becker_sWorldoftheCell-Pearson2018.pdf"
996954,"https://miu-documentos.s3.us-west-2.amazonaws.com/DATA-DOCS/miu-hml/documentos/143721/23820040/miuDocumento_996952_enzimas.9aed.2018.JeffHardinGregoryBertoni-Becker_sWorldoftheCell-Pearson2018.pdf"
997003,"https://miu-documentos.s3.us-west-2.amazonaws.com/DATA-DOCS/miu-hml/documentos/143720/23820040/miuDocumento_997003_CTEyfosforilacio_noxidativa.JeffHardinGregoryBertoni-Becker_sWorldoftheCell-Pearson2018.pdf"
997004,"https://miu-documentos.s3.us-west-2.amazonaws.com/DATA-DOCS/miu-hml/documentos/143722/23820040/miuDocumento_997003_CTEyfosforilacio_noxidativa.JeffHardinGregoryBertoni-Becker_sWorldoftheCell-Pearson2018.pdf"
997005,"https://miu-documentos.s3.us-west-2.amazonaws.com/DATA-DOCS/miu-hml/documentos/143721/23820040/miuDocumento_997003_CTEyfosforilacio_noxidativa.JeffHardinGregoryBertoni-Becker_sWorldoftheCell-Pearson2018.pdf"
997045,"https://miu-documentos.s3.us-west-2.amazonaws.com/DATA-DOCS/miu-hml/documentos/143722/23820040/miuDocumento_997041_co_digogene_ticoyframeshiftmutations.9aed.2018.JeffHardinGregoryBertoni-Becker_sWorldoftheCell-Pearson2018.pdf"
997096,"https://miu-documentos.s3.us-west-2.amazonaws.com/DATA-DOCS/miu-hml/documentos/143720/23820040/miuDocumento_997096_DIRECC.PROTEI_NAS.6thedition-Alberts-NEW.pdf"
997097,"https://miu-documentos.s3.us-west-2.amazonaws.com/DATA-DOCS/miu-hml/documentos/143722/23820040/miuDocumento_997096_DIRECC.PROTEI_NAS.6thedition-Alberts-NEW.pdf"
997098,"https://miu-documentos.s3.us-west-2.amazonaws.com/DATA-DOCS/miu-hml/documentos/143721/23820040/miuDocumento_997096_DIRECC.PROTEI_NAS.6thedition-Alberts-NEW.pdf"
997105,"https://miu-documentos.s3.us-west-2.amazonaws.com/DATA-DOCS/miu-hml/documentos/143720/23820040/miuDocumento_997105_PEX.2019.ALBERTS6THED.pdf"
997106,"https://miu-documentos.s3.us-west-2.amazonaws.com/DATA-DOCS/miu-hml/documentos/143722/23820040/miuDocumento_997105_PEX.2019.ALBERTS6THED.pdf"
997107,"https://miu-documentos.s3.us-west-2.amazonaws.com/DATA-DOCS/miu-hml/documentos/143721/23820040/miuDocumento_997105_PEX.2019.ALBERTS6THED.pdf"
997126,"https://miu-documentos.s3.us-west-2.amazonaws.com/DATA-DOCS/miu-hml/documentos/143720/23820040/miuDocumento_997126_2.MitosisBeckers2021.pdf"
997127,"https://miu-documentos.s3.us-west-2.amazonaws.com/DATA-DOCS/miu-hml/documentos/143722/23820040/miuDocumento_997126_2.MitosisBeckers2021.pdf"
997128,"https://miu-documentos.s3.us-west-2.amazonaws.com/DATA-DOCS/miu-hml/documentos/143721/23820040/miuDocumento_997126_2.MitosisBeckers2021.pdf"
998262,"https://miu-documentos.s3.us-west-2.amazonaws.com/DATA-DOCS/miu-hml/documentos/144246/20080541/miuDocumento_998262_Lecturajuiciooral-ChacnCorado.pdf"
998274,"https://miu-documentos.s3.us-west-2.amazonaws.com/DATA-DOCS/miu-hml/documentos/144221/97000142/miuDocumento_998274_PreguntasCaso1BObliII2026.pdf"
998277,"https://miu-documentos.s3.us-west-2.amazonaws.com/DATA-DOCS/miu-hml/documentos/144721/20180609/miuDocumento_998277_UFM-Cronogramadelecturas2026.pdf"
998278,"https://miu-documentos.s3.us-west-2.amazonaws.com/DATA-DOCS/miu-hml/documentos/144722/20180609/miuDocumento_998277_UFM-Cronogramadelecturas2026.pdf"
996197,"https://miu-documentos.s3.us-west-2.amazonaws.com/DATA-DOCS/miu-hml/documentos/143861/20070803/miuDocumento_996196_REGLAMENTOINTERNOPARAELESTUDIANTEDEMEDICINA.docx"
996235,"https://miu-documentos.s3.us-west-2.amazonaws.com/DATA-DOCS/miu-hml/documentos/143557/20100147/miuDocumento_996235_RUB.DESTREZASQUIRURGICAS.pdf"
996236,"https://miu-documentos.s3.us-west-2.amazonaws.com/DATA-DOCS/miu-hml/documentos/143828/20100147/miuDocumento_996235_RUB.DESTREZASQUIRURGICAS.pdf"
996237,"https://miu-documentos.s3.us-west-2.amazonaws.com/DATA-DOCS/miu-hml/documentos/143830/20100147/miuDocumento_996235_RUB.DESTREZASQUIRURGICAS.pdf"
996238,"https://miu-documentos.s3.us-west-2.amazonaws.com/DATA-DOCS/miu-hml/documentos/143559/20100147/miuDocumento_996235_RUB.DESTREZASQUIRURGICAS.pdf"
996239,"https://miu-documentos.s3.us-west-2.amazonaws.com/DATA-DOCS/miu-hml/documentos/143558/20100147/miuDocumento_996235_RUB.DESTREZASQUIRURGICAS.pdf"
996240,"https://miu-documentos.s3.us-west-2.amazonaws.com/DATA-DOCS/miu-hml/documentos/143560/20100147/miuDocumento_996235_RUB.DESTREZASQUIRURGICAS.pdf"
996266,"https://miu-documentos.s3.us-west-2.amazonaws.com/DATA-DOCS/miu-hml/documentos/143679/20100147/miuDocumento_996266_POI2026-GRUPO1.pdf"
996274,"https://miu-documentos.s3.us-west-2.amazonaws.com/DATA-DOCS/miu-hml/documentos/143819/20200573/miuDocumento_996274_Hojadecalificaciondeturnos.pdf"
996281,"https://miu-documentos.s3.us-west-2.amazonaws.com/DATA-DOCS/miu-hml/documentos/143579/20200573/miuDocumento_996281_Hojadecalificaciondeturnos.pdf"
996290,"https://miu-documentos.s3.us-west-2.amazonaws.com/DATA-DOCS/miu-hml/documentos/143709/20150601/miuDocumento_996290_LogisticsManagementandStrategy5theditionCompetingthroughtheSupplyChain.pdf"
996295,"https://miu-documentos.s3.us-west-2.amazonaws.com/DATA-DOCS/miu-hml/documentos/143709/20150601/miuDocumento_996295_19-09951_e_ebook.pdf"
996299,"https://miu-documentos.s3.us-west-2.amazonaws.com/DATA-DOCS/miu-hml/documentos/143709/20150601/miuDocumento_996299_rkc_spanish.pdf"
996305,"https://miu-documentos.s3.us-west-2.amazonaws.com/DATA-DOCS/miu-hml/documentos/143709/20150601/miuDocumento_996305_ListofIMOpublications.pdf"
996365,"https://miu-documentos.s3.us-west-2.amazonaws.com/DATA-DOCS/miu-hml/documentos/143740/20141005/miuDocumento_961570_NORMASVANCOUVER.pdf"
996366,"https://miu-documentos.s3.us-west-2.amazonaws.com/DATA-DOCS/miu-hml/documentos/143740/20141005/miuDocumento_961558_Acentuaciongraficaenespanol(Enclave)MayraFranke.pdf"
996367,"https://miu-documentos.s3.us-west-2.amazonaws.com/DATA-DOCS/miu-hml/documentos/143740/20141005/miuDocumento_938592_GUIA-VANCOUVER-UIA_961567.pdf"
996368,"https://miu-documentos.s3.us-west-2.amazonaws.com/DATA-DOCS/miu-hml/documentos/143740/20141005/miuDocumento_961575_Citar_referenciar_(Vancouver).pdf"
996399,"https://miu-documentos.s3.us-west-2.amazonaws.com/DATA-DOCS/miu-hml/documentos/144708/20180351/miuDocumento_996399_8.DueckCAgeofIronOnconservativenationalism.pdf"
996404,"https://miu-documentos.s3.us-west-2.amazonaws.com/DATA-DOCS/miu-hml/documentos/144708/20180351/miuDocumento_996404_13.GrayC.S.TheStrategyBridge.pdf"
996417,"https://miu-documentos.s3.us-west-2.amazonaws.com/DATA-DOCS/miu-hml/documentos/144708/20180351/miuDocumento_996417_26.OHanlonM.E.StaresP.B.2025.TheOnceandFutureTransatlanticAlliance..pdf"
996419,"https://miu-documentos.s3.us-west-2.amazonaws.com/DATA-DOCS/miu-hml/documentos/144708/20180351/miuDocumento_996419_28.TheWallStreetJournal.2025.TrumpWinstheBattleofNATO.pdf"
996741,"https://miu-documentos.s3.us-west-2.amazonaws.com/DATA-DOCS/miu-hml/documentos/144845/20110699/miuDocumento_996741_Class9_RubbishBoys-20251228T063957Z-3-001.zip"
997570,"https://miu-documentos.s3.us-west-2.amazonaws.com/DATA-DOCS/miu-hml/documentos/143379/30910351/miuDocumento_997570_Microeconomia_intermedia_Varian_8va_edic1.pdf"
997332,"https://miu-documentos.s3.us-west-2.amazonaws.com/DATA-DOCS/miu-hml/documentos/142924/20010656/miuDocumento_958951_riesgo_america_latina_2023_compressed(8).pdf"
997689,"https://miu-documentos.s3.us-west-2.amazonaws.com/DATA-DOCS/miu-hml/documentos/144009/20041153/miuDocumento_997688_TeoriadeComunicacion4.pdf"
997591,"https://miu-documentos.s3.us-west-2.amazonaws.com/DATA-DOCS/miu-hml/documentos/144062/20100579/miuDocumento_997591_Rbricadelaexposicinoral.pdf"
997335,"https://miu-documentos.s3.us-west-2.amazonaws.com/DATA-DOCS/miu-hml/documentos/142924/20010656/miuDocumento_958952_Derechopenaldelenemigo_GuntherJakobs.pdf"
997625,"https://miu-documentos.s3.us-west-2.amazonaws.com/DATA-DOCS/miu-hml/documentos/143509/20190609/miuDocumento_851710_Turnitin-ManualEstudiantes(1)_923325_959229.pdf"
997626,"https://miu-documentos.s3.us-west-2.amazonaws.com/DATA-DOCS/miu-hml/documentos/143511/20190609/miuDocumento_851710_Turnitin-ManualEstudiantes(1)_923325_959229.pdf"
997338,"https://miu-documentos.s3.us-west-2.amazonaws.com/DATA-DOCS/miu-hml/documentos/142924/20010656/miuDocumento_971031_Nuevosriesgosyamenazas.Laviolenciaysuscausas_2025.pptx"
997339,"https://miu-documentos.s3.us-west-2.amazonaws.com/DATA-DOCS/miu-hml/documentos/142924/20010656/miuDocumento_959487_12_2025_Terrorismo.pptx"
997627,"https://miu-documentos.s3.us-west-2.amazonaws.com/DATA-DOCS/miu-hml/documentos/143509/20190609/miuDocumento_968602_Diapositivasclases.zip"
997628,"https://miu-documentos.s3.us-west-2.amazonaws.com/DATA-DOCS/miu-hml/documentos/143511/20190609/miuDocumento_968602_Diapositivasclases.zip"
997629,"https://miu-documentos.s3.us-west-2.amazonaws.com/DATA-DOCS/miu-hml/documentos/143509/20190609/miuDocumento_774453_miuDocumento_751475_PPT_923297_959232.zip"
997630,"https://miu-documentos.s3.us-west-2.amazonaws.com/DATA-DOCS/miu-hml/documentos/143511/20190609/miuDocumento_774453_miuDocumento_751475_PPT_923297_959232.zip"
997631,"https://miu-documentos.s3.us-west-2.amazonaws.com/DATA-DOCS/miu-hml/documentos/143509/20190609/miuDocumento_889396_Weston,Lasclavesdelaargumentacion_959317.pdf"
997632,"https://miu-documentos.s3.us-west-2.amazonaws.com/DATA-DOCS/miu-hml/documentos/143511/20190609/miuDocumento_889396_Weston,Lasclavesdelaargumentacion_959317.pdf"
997633,"https://miu-documentos.s3.us-west-2.amazonaws.com/DATA-DOCS/miu-hml/documentos/143509/20190609/miuDocumento_774455_Comoescribiruntrabajodefilosofia1_923311_959234.pdf"
997634,"https://miu-documentos.s3.us-west-2.amazonaws.com/DATA-DOCS/miu-hml/documentos/143511/20190609/miuDocumento_774455_Comoescribiruntrabajodefilosofia1_923311_959234.pdf"
997638,"https://miu-documentos.s3.us-west-2.amazonaws.com/DATA-DOCS/miu-hml/documentos/144060/20100579/miuDocumento_997638_Rbricadelensayo.pdf"
997690,"https://miu-documentos.s3.us-west-2.amazonaws.com/DATA-DOCS/miu-hml/documentos/144008/20041153/miuDocumento_997688_TeoriadeComunicacion4.pdf"
997769,"https://miu-documentos.s3.us-west-2.amazonaws.com/DATA-DOCS/miu-hml/documentos/143351/20120084/miuDocumento_997769_ProgramaEconomiaInstitucional2026.docx"
997793,"https://miu-documentos.s3.us-west-2.amazonaws.com/DATA-DOCS/miu-hml/documentos/144092/12870542/miuDocumento_997793_260105-libertad-tipos-de-gobierno-orbaugh.pdf"
997794,"https://miu-documentos.s3.us-west-2.amazonaws.com/DATA-DOCS/miu-hml/documentos/143351/20120084/miuDocumento_997794_McCloskey-InstitutionsMatterDraft2021.pdf"
997146,"https://miu-documentos.s3.us-west-2.amazonaws.com/DATA-DOCS/miu-hml/documentos/143342/16860249/miuDocumento_997146_ANEXINDECENTROAMRICAaMxicoresumida.pptx"
997150,"https://miu-documentos.s3.us-west-2.amazonaws.com/DATA-DOCS/miu-hml/documentos/143309/20050380/miuDocumento_997150_CronogramaSeccionC.xlsx"
997174,"https://miu-documentos.s3.us-west-2.amazonaws.com/DATA-DOCS/miu-hml/documentos/144519/20180989/miuDocumento_997173_6.Satia.Empireofguns.Theviolentmakingoftheindustrialrevolution.pdf"
997177,"https://miu-documentos.s3.us-west-2.amazonaws.com/DATA-DOCS/miu-hml/documentos/144518/20180989/miuDocumento_997177_8.Schweikart.AmericanEntrepreneur.TheFascinatingStories.pdf"
997178,"https://miu-documentos.s3.us-west-2.amazonaws.com/DATA-DOCS/miu-hml/documentos/144519/20180989/miuDocumento_997177_8.Schweikart.AmericanEntrepreneur.TheFascinatingStories.pdf"
997173,"https://miu-documentos.s3.us-west-2.amazonaws.com/DATA-DOCS/miu-hml/documentos/144518/20180989/miuDocumento_997173_6.Satia.Empireofguns.Theviolentmakingoftheindustrialrevolution.pdf"
997205,"https://miu-documentos.s3.us-west-2.amazonaws.com/DATA-DOCS/miu-hml/documentos/143311/20160205/miuDocumento_997205_ProgramadeEconometraII.pdf"
997210,"https://miu-documentos.s3.us-west-2.amazonaws.com/DATA-DOCS/miu-hml/documentos/143441/22770076/miuDocumento_997210_ProgramaSemEcIII2026FT.pdf"
997262,"https://miu-documentos.s3.us-west-2.amazonaws.com/DATA-DOCS/miu-hml/documentos/143415/97000473/miuDocumento_997262_Lectura2CausasyevoluciondelacrisisfinancieraSubprime.pdf"
997356,"https://miu-documentos.s3.us-west-2.amazonaws.com/DATA-DOCS/miu-hml/documentos/144002/20010656/miuDocumento_959050_Johnson-paul-tiempos-modernos.pdf"
997289,"https://miu-documentos.s3.us-west-2.amazonaws.com/DATA-DOCS/miu-hml/documentos/142924/20010656/miuDocumento_958943_Prisionerosdelageografia.pdf"
997357,"https://miu-documentos.s3.us-west-2.amazonaws.com/DATA-DOCS/miu-hml/documentos/144003/20010656/miuDocumento_959050_Johnson-paul-tiempos-modernos.pdf"
997358,"https://miu-documentos.s3.us-west-2.amazonaws.com/DATA-DOCS/miu-hml/documentos/144002/20010656/miuDocumento_997358_FactorGeografico_2026.docx"
997292,"https://miu-documentos.s3.us-west-2.amazonaws.com/DATA-DOCS/miu-hml/documentos/142924/20010656/miuDocumento_959089_guerrajustaatravestiempos.pdf"
997359,"https://miu-documentos.s3.us-west-2.amazonaws.com/DATA-DOCS/miu-hml/documentos/144003/20010656/miuDocumento_997359_FactorGeografico_2026.docx"
997294,"https://miu-documentos.s3.us-west-2.amazonaws.com/DATA-DOCS/miu-hml/documentos/142924/20010656/miuDocumento_958945_Geoeconomia.pdf"
997360,"https://miu-documentos.s3.us-west-2.amazonaws.com/DATA-DOCS/miu-hml/documentos/144002/20010656/miuDocumento_959054_Metodologiadeanalisis_2023.pdf"
997361,"https://miu-documentos.s3.us-west-2.amazonaws.com/DATA-DOCS/miu-hml/documentos/144003/20010656/miuDocumento_959054_Metodologiadeanalisis_2023.pdf"
997362,"https://miu-documentos.s3.us-west-2.amazonaws.com/DATA-DOCS/miu-hml/documentos/144002/20010656/miuDocumento_959066_ElusoadecuadodelaIAparaqueseaunaherramientautilynounmedioparacopiarohacertrabajossinaprendizaje.pdf"
997363,"https://miu-documentos.s3.us-west-2.amazonaws.com/DATA-DOCS/miu-hml/documentos/144003/20010656/miuDocumento_959066_ElusoadecuadodelaIAparaqueseaunaherramientautilynounmedioparacopiarohacertrabajossinaprendizaje.pdf"
997364,"https://miu-documentos.s3.us-west-2.amazonaws.com/DATA-DOCS/miu-hml/documentos/144002/20010656/miuDocumento_959052_Prisionerosdelageografia.pdf"
997365,"https://miu-documentos.s3.us-west-2.amazonaws.com/DATA-DOCS/miu-hml/documentos/144003/20010656/miuDocumento_959052_Prisionerosdelageografia.pdf"
996744,"https://miu-documentos.s3.us-west-2.amazonaws.com/DATA-DOCS/miu-hml/documentos/144845/20110699/miuDocumento_996744_Class12_Midterm-HCCIndustries-20251228T064101Z-3-001.zip"
996746,"https://miu-documentos.s3.us-west-2.amazonaws.com/DATA-DOCS/miu-hml/documentos/144845/20110699/miuDocumento_996746_Class14_ArckSystems-20251228T064105Z-3-001.zip"
996747,"https://miu-documentos.s3.us-west-2.amazonaws.com/DATA-DOCS/miu-hml/documentos/144845/20110699/miuDocumento_996747_Class15_AcmePerformanceManagement-20251228T064111Z-3-001.zip"
996753,"https://miu-documentos.s3.us-west-2.amazonaws.com/DATA-DOCS/miu-hml/documentos/143679/20100147/miuDocumento_996753_9.Atenciondeclinicaparaestudiantesdelareaclinica.docx-DocumentosdeGoogle.pdf"
996754,"https://miu-documentos.s3.us-west-2.amazonaws.com/DATA-DOCS/miu-hml/documentos/143865/20100147/miuDocumento_996753_9.Atenciondeclinicaparaestudiantesdelareaclinica.docx-DocumentosdeGoogle.pdf"
996755,"https://miu-documentos.s3.us-west-2.amazonaws.com/DATA-DOCS/miu-hml/documentos/143828/20100147/miuDocumento_996753_9.Atenciondeclinicaparaestudiantesdelareaclinica.docx-DocumentosdeGoogle.pdf"
996756,"https://miu-documentos.s3.us-west-2.amazonaws.com/DATA-DOCS/miu-hml/documentos/143830/20100147/miuDocumento_996753_9.Atenciondeclinicaparaestudiantesdelareaclinica.docx-DocumentosdeGoogle.pdf"
996757,"https://miu-documentos.s3.us-west-2.amazonaws.com/DATA-DOCS/miu-hml/documentos/143683/20100147/miuDocumento_996753_9.Atenciondeclinicaparaestudiantesdelareaclinica.docx-DocumentosdeGoogle.pdf"
996758,"https://miu-documentos.s3.us-west-2.amazonaws.com/DATA-DOCS/miu-hml/documentos/143682/20100147/miuDocumento_996753_9.Atenciondeclinicaparaestudiantesdelareaclinica.docx-DocumentosdeGoogle.pdf"
996759,"https://miu-documentos.s3.us-west-2.amazonaws.com/DATA-DOCS/miu-hml/documentos/143681/20100147/miuDocumento_996753_9.Atenciondeclinicaparaestudiantesdelareaclinica.docx-DocumentosdeGoogle.pdf"
996760,"https://miu-documentos.s3.us-west-2.amazonaws.com/DATA-DOCS/miu-hml/documentos/143680/20100147/miuDocumento_996753_9.Atenciondeclinicaparaestudiantesdelareaclinica.docx-DocumentosdeGoogle.pdf"
996761,"https://miu-documentos.s3.us-west-2.amazonaws.com/DATA-DOCS/miu-hml/documentos/143684/20100147/miuDocumento_996753_9.Atenciondeclinicaparaestudiantesdelareaclinica.docx-DocumentosdeGoogle.pdf"
996762,"https://miu-documentos.s3.us-west-2.amazonaws.com/DATA-DOCS/miu-hml/documentos/143559/20100147/miuDocumento_996753_9.Atenciondeclinicaparaestudiantesdelareaclinica.docx-DocumentosdeGoogle.pdf"
996763,"https://miu-documentos.s3.us-west-2.amazonaws.com/DATA-DOCS/miu-hml/documentos/143558/20100147/miuDocumento_996753_9.Atenciondeclinicaparaestudiantesdelareaclinica.docx-DocumentosdeGoogle.pdf"
996764,"https://miu-documentos.s3.us-west-2.amazonaws.com/DATA-DOCS/miu-hml/documentos/143557/20100147/miuDocumento_996753_9.Atenciondeclinicaparaestudiantesdelareaclinica.docx-DocumentosdeGoogle.pdf"
996765,"https://miu-documentos.s3.us-west-2.amazonaws.com/DATA-DOCS/miu-hml/documentos/143560/20100147/miuDocumento_996753_9.Atenciondeclinicaparaestudiantesdelareaclinica.docx-DocumentosdeGoogle.pdf"
996766,"https://miu-documentos.s3.us-west-2.amazonaws.com/DATA-DOCS/miu-hml/documentos/143830/20100147/miuDocumento_996766_RUB.EV.CLINICOASISTENCIAL.pdf"
996767,"https://miu-documentos.s3.us-west-2.amazonaws.com/DATA-DOCS/miu-hml/documentos/143828/20100147/miuDocumento_996766_RUB.EV.CLINICOASISTENCIAL.pdf"
996768,"https://miu-documentos.s3.us-west-2.amazonaws.com/DATA-DOCS/miu-hml/documentos/143560/20100147/miuDocumento_996766_RUB.EV.CLINICOASISTENCIAL.pdf"
997822,"https://miu-documentos.s3.us-west-2.amazonaws.com/DATA-DOCS/miu-hml/documentos/144782/12890465/miuDocumento_997822_1.TeorayPrcticadelaPolticaInternacionalpp.10-37.pdf"
997828,"https://miu-documentos.s3.us-west-2.amazonaws.com/DATA-DOCS/miu-hml/documentos/144122/12870542/miuDocumento_997828_250105bienvenidosH04A.docx"
997840,"https://miu-documentos.s3.us-west-2.amazonaws.com/DATA-DOCS/miu-hml/documentos/143417/22950328/miuDocumento_997840_LECTURA2-LibroALIGNINGSTRATEGYANDSALESCapitulo4.pdf"
997856,"https://miu-documentos.s3.us-west-2.amazonaws.com/DATA-DOCS/miu-hml/documentos/143302/21840011/miuDocumento_997856_ProgramafinalDerechoEmpresarialUFMenero-2026.pdf"
997867,"https://miu-documentos.s3.us-west-2.amazonaws.com/DATA-DOCS/miu-hml/documentos/143817/20030650/miuDocumento_745125_ORTOGRAFIA_DE_LA_LENGUA_ESPANOLA_RAE[1]_924326_960160_982438.pdf"
997868,"https://miu-documentos.s3.us-west-2.amazonaws.com/DATA-DOCS/miu-hml/documentos/143817/20030650/miuDocumento_889516_Ejercicio2Eldesusodepuntoycoma_924329_960157_982439.pdf"
997869,"https://miu-documentos.s3.us-west-2.amazonaws.com/DATA-DOCS/miu-hml/documentos/143817/20030650/miuDocumento_815495_EJERCICIO3ENLACESYELEMENTOSDETRANSICION_853947_924327_960161_982440.doc"
997870,"https://miu-documentos.s3.us-west-2.amazonaws.com/DATA-DOCS/miu-hml/documentos/143817/20030650/miuDocumento_816725_EJERCICIO4Tiposdeparrafo_929214_960162_982441.docx"
997871,"https://miu-documentos.s3.us-west-2.amazonaws.com/DATA-DOCS/miu-hml/documentos/143817/20030650/miuDocumento_925163_EJERCICIO2TECNICADELCUBO_960164_982442.docx"
997872,"https://miu-documentos.s3.us-west-2.amazonaws.com/DATA-DOCS/miu-hml/documentos/143817/20030650/miuDocumento_960165_Acento_982437.pdf"
997873,"https://miu-documentos.s3.us-west-2.amazonaws.com/DATA-DOCS/miu-hml/documentos/143817/20030650/miuDocumento_816376_EJERCICIO3Adjetivos_964889_982443.docx"
997874,"https://miu-documentos.s3.us-west-2.amazonaws.com/DATA-DOCS/miu-hml/documentos/143817/20030650/miuDocumento_963820_EJERCICIO10verbospolisemicos_983503.docx"
997892,"https://miu-documentos.s3.us-west-2.amazonaws.com/DATA-DOCS/miu-hml/documentos/143254/99000086/miuDocumento_997892_03Proyectosdeexpansinyreemplazo-2026.pdf"
997893,"https://miu-documentos.s3.us-west-2.amazonaws.com/DATA-DOCS/miu-hml/documentos/143255/99000086/miuDocumento_997892_03Proyectosdeexpansinyreemplazo-2026.pdf"
997909,"https://miu-documentos.s3.us-west-2.amazonaws.com/DATA-DOCS/miu-hml/documentos/143873/20170280/miuDocumento_997909_Tarea2-Conjuntos.pdf"
997910,"https://miu-documentos.s3.us-west-2.amazonaws.com/DATA-DOCS/miu-hml/documentos/143874/20170280/miuDocumento_997909_Tarea2-Conjuntos.pdf"
997911,"https://miu-documentos.s3.us-west-2.amazonaws.com/DATA-DOCS/miu-hml/documentos/143875/20170280/miuDocumento_997909_Tarea2-Conjuntos.pdf"
997930,"https://miu-documentos.s3.us-west-2.amazonaws.com/DATA-DOCS/miu-hml/documentos/143873/20170280/miuDocumento_997930_Tarea11-Seccionescnicas.pdf"
997931,"https://miu-documentos.s3.us-west-2.amazonaws.com/DATA-DOCS/miu-hml/documentos/143874/20170280/miuDocumento_997930_Tarea11-Seccionescnicas.pdf"
997932,"https://miu-documentos.s3.us-west-2.amazonaws.com/DATA-DOCS/miu-hml/documentos/143875/20170280/miuDocumento_997930_Tarea11-Seccionescnicas.pdf"
997951,"https://miu-documentos.s3.us-west-2.amazonaws.com/DATA-DOCS/miu-hml/documentos/143356/20260709/miuDocumento_997951_Chapter_3_V7_01.ppt"
997968,"https://miu-documentos.s3.us-west-2.amazonaws.com/DATA-DOCS/miu-hml/documentos/143736/20090036/miuDocumento_997968_Brainwash.pdf"
997969,"https://miu-documentos.s3.us-west-2.amazonaws.com/DATA-DOCS/miu-hml/documentos/143738/20090036/miuDocumento_997968_Brainwash.pdf"
997970,"https://miu-documentos.s3.us-west-2.amazonaws.com/DATA-DOCS/miu-hml/documentos/143737/20090036/miuDocumento_997968_Brainwash.pdf"
997971,"https://miu-documentos.s3.us-west-2.amazonaws.com/DATA-DOCS/miu-hml/documentos/143736/20090036/miuDocumento_997971_12TeoriasdelDesarrollo.pdf"
997972,"https://miu-documentos.s3.us-west-2.amazonaws.com/DATA-DOCS/miu-hml/documentos/143738/20090036/miuDocumento_997971_12TeoriasdelDesarrollo.pdf"
997300,"https://miu-documentos.s3.us-west-2.amazonaws.com/DATA-DOCS/miu-hml/documentos/142924/20010656/miuDocumento_958946_Seguridad_Desarrollo_Fuerzas_Armadas.pdf"
997366,"https://miu-documentos.s3.us-west-2.amazonaws.com/DATA-DOCS/miu-hml/documentos/144002/20010656/miuDocumento_997366_FactorHumano2026.docx"
997367,"https://miu-documentos.s3.us-west-2.amazonaws.com/DATA-DOCS/miu-hml/documentos/144003/20010656/miuDocumento_997367_FactorHumano2026.docx"
997303,"https://miu-documentos.s3.us-west-2.amazonaws.com/DATA-DOCS/miu-hml/documentos/142924/20010656/miuDocumento_958948_Poderdelageografia.pdf"
997368,"https://miu-documentos.s3.us-west-2.amazonaws.com/DATA-DOCS/miu-hml/documentos/144002/20010656/miuDocumento_997368_FactorEconomico_2026.doc"
997305,"https://miu-documentos.s3.us-west-2.amazonaws.com/DATA-DOCS/miu-hml/documentos/142924/20010656/miuDocumento_958950_EstrategiasdeSeguridad2022_MUNDIAL.pdf"
997369,"https://miu-documentos.s3.us-west-2.amazonaws.com/DATA-DOCS/miu-hml/documentos/144003/20010656/miuDocumento_997369_FactorEconomico_2026.doc"
997307,"https://miu-documentos.s3.us-west-2.amazonaws.com/DATA-DOCS/miu-hml/documentos/142924/20010656/miuDocumento_959483_8_2025_DeunmundobipolaralaGuerraFria.pptx"
997308,"https://miu-documentos.s3.us-west-2.amazonaws.com/DATA-DOCS/miu-hml/documentos/142924/20010656/miuDocumento_959484_9_2025_OperacionesdePaz_ONU.pptx"
997370,"https://miu-documentos.s3.us-west-2.amazonaws.com/DATA-DOCS/miu-hml/documentos/144002/20010656/miuDocumento_997370_FactorSociopolitico_2026.doc"
997310,"https://miu-documentos.s3.us-west-2.amazonaws.com/DATA-DOCS/miu-hml/documentos/142924/20010656/miuDocumento_958953_0Laguerradelosrobots.docx"
997311,"https://miu-documentos.s3.us-west-2.amazonaws.com/DATA-DOCS/miu-hml/documentos/142924/20010656/miuDocumento_959485_10_2025_OEA,TIARyTMSD.pptx"
997371,"https://miu-documentos.s3.us-west-2.amazonaws.com/DATA-DOCS/miu-hml/documentos/144003/20010656/miuDocumento_997371_FactorSociopolitico_2026.doc"
997372,"https://miu-documentos.s3.us-west-2.amazonaws.com/DATA-DOCS/miu-hml/documentos/144002/20010656/miuDocumento_661539_America_2015_690022_713996_745017_963460.ppt"
997373,"https://miu-documentos.s3.us-west-2.amazonaws.com/DATA-DOCS/miu-hml/documentos/144003/20010656/miuDocumento_661539_America_2015_690022_713996_745017_963460.ppt"
997374,"https://miu-documentos.s3.us-west-2.amazonaws.com/DATA-DOCS/miu-hml/documentos/144002/20010656/miuDocumento_689227_Africa_2017_718254_745020_963462.ppt"
997375,"https://miu-documentos.s3.us-west-2.amazonaws.com/DATA-DOCS/miu-hml/documentos/144003/20010656/miuDocumento_689227_Africa_2017_718254_745020_963462.ppt"
997376,"https://miu-documentos.s3.us-west-2.amazonaws.com/DATA-DOCS/miu-hml/documentos/144002/20010656/miuDocumento_689435_OrienteMedio_2017_714005_745021_963464.ppt"
997377,"https://miu-documentos.s3.us-west-2.amazonaws.com/DATA-DOCS/miu-hml/documentos/144003/20010656/miuDocumento_689435_OrienteMedio_2017_714005_745021_963464.ppt"
997378,"https://miu-documentos.s3.us-west-2.amazonaws.com/DATA-DOCS/miu-hml/documentos/144002/20010656/miuDocumento_689778_Asia_2017_714022_745023_963476.ppt"
997379,"https://miu-documentos.s3.us-west-2.amazonaws.com/DATA-DOCS/miu-hml/documentos/144003/20010656/miuDocumento_689778_Asia_2017_714022_745023_963476.ppt"
997380,"https://miu-documentos.s3.us-west-2.amazonaws.com/DATA-DOCS/miu-hml/documentos/144002/20010656/miuDocumento_745034_Europa_2019_963438.ppt"
997381,"https://miu-documentos.s3.us-west-2.amazonaws.com/DATA-DOCS/miu-hml/documentos/144003/20010656/miuDocumento_745034_Europa_2019_963438.ppt"
997382,"https://miu-documentos.s3.us-west-2.amazonaws.com/DATA-DOCS/miu-hml/documentos/144002/20010656/miuDocumento_745037_RUSIA_2019_774844_963727.ppt"
997383,"https://miu-documentos.s3.us-west-2.amazonaws.com/DATA-DOCS/miu-hml/documentos/144003/20010656/miuDocumento_745037_RUSIA_2019_774844_963727.ppt"
997513,"https://miu-documentos.s3.us-west-2.amazonaws.com/DATA-DOCS/miu-hml/documentos/143763/11930802/miuDocumento_997513_Rubricaactividades.pdf"
996769,"https://miu-documentos.s3.us-west-2.amazonaws.com/DATA-DOCS/miu-hml/documentos/143559/20100147/miuDocumento_996766_RUB.EV.CLINICOASISTENCIAL.pdf"
996770,"https://miu-documentos.s3.us-west-2.amazonaws.com/DATA-DOCS/miu-hml/documentos/143558/20100147/miuDocumento_996766_RUB.EV.CLINICOASISTENCIAL.pdf"
996771,"https://miu-documentos.s3.us-west-2.amazonaws.com/DATA-DOCS/miu-hml/documentos/143557/20100147/miuDocumento_996766_RUB.EV.CLINICOASISTENCIAL.pdf"
996786,"https://miu-documentos.s3.us-west-2.amazonaws.com/DATA-DOCS/miu-hml/documentos/143709/20150601/miuDocumento_996786_mc99-full-text.pdf"
996789,"https://miu-documentos.s3.us-west-2.amazonaws.com/DATA-DOCS/miu-hml/documentos/143709/20150601/miuDocumento_996789_Rbricadetrabajosasignados.pdf"
996919,"https://miu-documentos.s3.us-west-2.amazonaws.com/DATA-DOCS/miu-hml/documentos/143720/23820040/miuDocumento_996919_carbs.9aed.2018.JeffHardinGregoryBertoni-Becker_sWorldoftheCell-Pearson2018.pdf"
996920,"https://miu-documentos.s3.us-west-2.amazonaws.com/DATA-DOCS/miu-hml/documentos/143722/23820040/miuDocumento_996919_carbs.9aed.2018.JeffHardinGregoryBertoni-Becker_sWorldoftheCell-Pearson2018.pdf"
996921,"https://miu-documentos.s3.us-west-2.amazonaws.com/DATA-DOCS/miu-hml/documentos/143721/23820040/miuDocumento_996919_carbs.9aed.2018.JeffHardinGregoryBertoni-Becker_sWorldoftheCell-Pearson2018.pdf"
996958,"https://miu-documentos.s3.us-west-2.amazonaws.com/DATA-DOCS/miu-hml/documentos/143721/23820040/miuDocumento_996958_chapterone.EssentialCellBiologyFourthEdition-AlbertsBrayHopkin.pdf"
996959,"https://miu-documentos.s3.us-west-2.amazonaws.com/DATA-DOCS/miu-hml/documentos/143722/23820040/miuDocumento_996958_chapterone.EssentialCellBiologyFourthEdition-AlbertsBrayHopkin.pdf"
996970,"https://miu-documentos.s3.us-west-2.amazonaws.com/DATA-DOCS/miu-hml/documentos/143720/23820040/miuDocumento_996970_ionchannelsandmenbranepotential.new.MolecularBiologyoftheCell6thedition-Alberts-NEW.pdf"
996971,"https://miu-documentos.s3.us-west-2.amazonaws.com/DATA-DOCS/miu-hml/documentos/143722/23820040/miuDocumento_996970_ionchannelsandmenbranepotential.new.MolecularBiologyoftheCell6thedition-Alberts-NEW.pdf"
996972,"https://miu-documentos.s3.us-west-2.amazonaws.com/DATA-DOCS/miu-hml/documentos/143721/23820040/miuDocumento_996970_ionchannelsandmenbranepotential.new.MolecularBiologyoftheCell6thedition-Alberts-NEW.pdf"
996976,"https://miu-documentos.s3.us-west-2.amazonaws.com/DATA-DOCS/miu-hml/documentos/143720/23820040/miuDocumento_996976_stu.hojadetrabajoparanatesdelclase.Canalesproteicos2025.docx"
996977,"https://miu-documentos.s3.us-west-2.amazonaws.com/DATA-DOCS/miu-hml/documentos/143722/23820040/miuDocumento_996976_stu.hojadetrabajoparanatesdelclase.Canalesproteicos2025.docx"
996978,"https://miu-documentos.s3.us-west-2.amazonaws.com/DATA-DOCS/miu-hml/documentos/143721/23820040/miuDocumento_996976_stu.hojadetrabajoparanatesdelclase.Canalesproteicos2025.docx"
996981,"https://miu-documentos.s3.us-west-2.amazonaws.com/DATA-DOCS/miu-hml/documentos/143256/20040057/miuDocumento_996981_01BonosAccionesyTecnicasdeValuacion2025copy2.pdf"
996982,"https://miu-documentos.s3.us-west-2.amazonaws.com/DATA-DOCS/miu-hml/documentos/144259/20040057/miuDocumento_996981_01BonosAccionesyTecnicasdeValuacion2025copy2.pdf"
996991,"https://miu-documentos.s3.us-west-2.amazonaws.com/DATA-DOCS/miu-hml/documentos/144259/20040057/miuDocumento_996990_04Estructura_ptimadeCapital2025.pdf"
996990,"https://miu-documentos.s3.us-west-2.amazonaws.com/DATA-DOCS/miu-hml/documentos/143256/20040057/miuDocumento_996990_04Estructura_ptimadeCapital2025.pdf"
998223,"https://miu-documentos.s3.us-west-2.amazonaws.com/DATA-DOCS/miu-hml/documentos/143327/98000877/miuDocumento_998223_Anderson11aed..pdf"
998185,"https://miu-documentos.s3.us-west-2.amazonaws.com/DATA-DOCS/miu-hml/documentos/144121/12870542/miuDocumento_998185_260106ProgramaHayekH03ArquiGastroNutri.pdf"
997954,"https://miu-documentos.s3.us-west-2.amazonaws.com/DATA-DOCS/miu-hml/documentos/143760/20190190/miuDocumento_997954_BioMedResearchInternational-2019-Bohannon-ConsiderationsandPracticalOptionsforMeasuringMuscleStrengthA.pdf"
997955,"https://miu-documentos.s3.us-west-2.amazonaws.com/DATA-DOCS/miu-hml/documentos/143761/20190190/miuDocumento_997954_BioMedResearchInternational-2019-Bohannon-ConsiderationsandPracticalOptionsforMeasuringMuscleStrengthA.pdf"
997956,"https://miu-documentos.s3.us-west-2.amazonaws.com/DATA-DOCS/miu-hml/documentos/143762/20190190/miuDocumento_997954_BioMedResearchInternational-2019-Bohannon-ConsiderationsandPracticalOptionsforMeasuringMuscleStrengthA.pdf"
997962,"https://miu-documentos.s3.us-west-2.amazonaws.com/DATA-DOCS/miu-hml/documentos/143348/20130088/miuDocumento_997962_Syllabus.pdf"
997974,"https://miu-documentos.s3.us-west-2.amazonaws.com/DATA-DOCS/miu-hml/documentos/143736/20090036/miuDocumento_997974_CognitiveDistortions.docx"
997975,"https://miu-documentos.s3.us-west-2.amazonaws.com/DATA-DOCS/miu-hml/documentos/143738/20090036/miuDocumento_997974_CognitiveDistortions.docx"
997976,"https://miu-documentos.s3.us-west-2.amazonaws.com/DATA-DOCS/miu-hml/documentos/143737/20090036/miuDocumento_997974_CognitiveDistortions.docx"
997977,"https://miu-documentos.s3.us-west-2.amazonaws.com/DATA-DOCS/miu-hml/documentos/143736/20090036/miuDocumento_997977_El_ABC_de_la_Terapia_Cognitiva.pdf"
997978,"https://miu-documentos.s3.us-west-2.amazonaws.com/DATA-DOCS/miu-hml/documentos/143738/20090036/miuDocumento_997977_El_ABC_de_la_Terapia_Cognitiva.pdf"
997979,"https://miu-documentos.s3.us-west-2.amazonaws.com/DATA-DOCS/miu-hml/documentos/143737/20090036/miuDocumento_997977_El_ABC_de_la_Terapia_Cognitiva.pdf"
997986,"https://miu-documentos.s3.us-west-2.amazonaws.com/DATA-DOCS/miu-hml/documentos/143736/20090036/miuDocumento_997986_2.Copinganddefense-Whatsthedifference.pdf"
997987,"https://miu-documentos.s3.us-west-2.amazonaws.com/DATA-DOCS/miu-hml/documentos/143738/20090036/miuDocumento_997986_2.Copinganddefense-Whatsthedifference.pdf"
997988,"https://miu-documentos.s3.us-west-2.amazonaws.com/DATA-DOCS/miu-hml/documentos/143737/20090036/miuDocumento_997986_2.Copinganddefense-Whatsthedifference.pdf"
997989,"https://miu-documentos.s3.us-west-2.amazonaws.com/DATA-DOCS/miu-hml/documentos/143736/20090036/miuDocumento_997989_PrincipiosFundamentalesdelaBioetica.docx"
997990,"https://miu-documentos.s3.us-west-2.amazonaws.com/DATA-DOCS/miu-hml/documentos/143738/20090036/miuDocumento_997989_PrincipiosFundamentalesdelaBioetica.docx"
997991,"https://miu-documentos.s3.us-west-2.amazonaws.com/DATA-DOCS/miu-hml/documentos/143737/20090036/miuDocumento_997989_PrincipiosFundamentalesdelaBioetica.docx"
997992,"https://miu-documentos.s3.us-west-2.amazonaws.com/DATA-DOCS/miu-hml/documentos/143005/13950296/miuDocumento_997992_TATCATSATUsoclinico-126-129.pdf"
998011,"https://miu-documentos.s3.us-west-2.amazonaws.com/DATA-DOCS/miu-hml/documentos/143989/20060007/miuDocumento_998011_McLachlan2018NewLawversusBigLaw.pdf"
998021,"https://miu-documentos.s3.us-west-2.amazonaws.com/DATA-DOCS/miu-hml/documentos/144638/20080633/miuDocumento_998021_2026-Comovamosatrabajar.pdf"
998023,"https://miu-documentos.s3.us-west-2.amazonaws.com/DATA-DOCS/miu-hml/documentos/144725/20140469/miuDocumento_998023_PRINCIPALS-OF-CORPORATE-FINANCE-10th-Edition.pdf"
998025,"https://miu-documentos.s3.us-west-2.amazonaws.com/DATA-DOCS/miu-hml/documentos/144844/20110699/miuDocumento_998025_ContratoCashandValCourse.pdf"
998037,"https://miu-documentos.s3.us-west-2.amazonaws.com/DATA-DOCS/miu-hml/documentos/143396/20140597/miuDocumento_998037_ReglasMathHelp.pdf"
996312,"https://miu-documentos.s3.us-west-2.amazonaws.com/DATA-DOCS/miu-hml/documentos/143320/22810023/miuDocumento_996312_02.3Hayek-Usodelconocimientoensociedad.pdf"
996320,"https://miu-documentos.s3.us-west-2.amazonaws.com/DATA-DOCS/miu-hml/documentos/143292/20030596/miuDocumento_996320_Calendario1S-2026.xlsx"
996321,"https://miu-documentos.s3.us-west-2.amazonaws.com/DATA-DOCS/miu-hml/documentos/143292/20030596/miuDocumento_996321_H2-Capitulo2-Ejercicios.xlsx"
996322,"https://miu-documentos.s3.us-west-2.amazonaws.com/DATA-DOCS/miu-hml/documentos/143292/20030596/miuDocumento_996322_H2-Capitulo3-Ejercicios.xlsx"
996323,"https://miu-documentos.s3.us-west-2.amazonaws.com/DATA-DOCS/miu-hml/documentos/143292/20030596/miuDocumento_996323_H2-Capitulo4-Ejercicios.xlsx"
996324,"https://miu-documentos.s3.us-west-2.amazonaws.com/DATA-DOCS/miu-hml/documentos/143292/20030596/miuDocumento_996324_H2-Capitulo5-Ejercicios.xlsx"
996325,"https://miu-documentos.s3.us-west-2.amazonaws.com/DATA-DOCS/miu-hml/documentos/143292/20030596/miuDocumento_996325_H2-Capitulo7-Ejercicios.xlsx"
997532,"https://miu-documentos.s3.us-west-2.amazonaws.com/DATA-DOCS/miu-hml/documentos/143979/20020131/miuDocumento_997532_Lectura3-DerechoSocietarioFranciscoReyesVillamizar.pdf"
996346,"https://miu-documentos.s3.us-west-2.amazonaws.com/DATA-DOCS/miu-hml/documentos/143453/20030090/miuDocumento_712712_ENADE2016-PromoviendoCiudadesIntermedias(310816)Columnistas_774514_926463.pdf"
996347,"https://miu-documentos.s3.us-west-2.amazonaws.com/DATA-DOCS/miu-hml/documentos/143453/20030090/miuDocumento_712713_ENADE_2017_-_Mas_y_Mejor_Infraestructura_Vial_a-Futuro_(270917)_Columnistas_774513_926462.pdf"
997533,"https://miu-documentos.s3.us-west-2.amazonaws.com/DATA-DOCS/miu-hml/documentos/143980/20020131/miuDocumento_997532_Lectura3-DerechoSocietarioFranciscoReyesVillamizar.pdf"
997637,"https://miu-documentos.s3.us-west-2.amazonaws.com/DATA-DOCS/miu-hml/documentos/144060/20100579/miuDocumento_997637_Rbricadelaexposicinoral.pdf"
996350,"https://miu-documentos.s3.us-west-2.amazonaws.com/DATA-DOCS/miu-hml/documentos/143453/20030090/miuDocumento_712716_MonitorLogistico3-2017_774518_926468.pdf"
996352,"https://miu-documentos.s3.us-west-2.amazonaws.com/DATA-DOCS/miu-hml/documentos/143453/20030090/miuDocumento_712719_Soluciones_para_automatizar_CEDIS_774519_926469.pdf"
996353,"https://miu-documentos.s3.us-west-2.amazonaws.com/DATA-DOCS/miu-hml/documentos/143453/20030090/miuDocumento_712724_TheDemand-DrivenBCG_774524_926470.pdf"
996354,"https://miu-documentos.s3.us-west-2.amazonaws.com/DATA-DOCS/miu-hml/documentos/143453/20030090/miuDocumento_712720_Seven_keys_Forecast_774526_926472.pdf"
996355,"https://miu-documentos.s3.us-west-2.amazonaws.com/DATA-DOCS/miu-hml/documentos/143453/20030090/miuDocumento_712729_S&OPBCG_774523_926473.pdf"
996356,"https://miu-documentos.s3.us-west-2.amazonaws.com/DATA-DOCS/miu-hml/documentos/143453/20030090/miuDocumento_712721_ArticuloComomedirprecision_774527_926474.pdf"
996357,"https://miu-documentos.s3.us-west-2.amazonaws.com/DATA-DOCS/miu-hml/documentos/143453/20030090/miuDocumento_712722_ArticuloComopronosticar_774520_926471.pdf"
996358,"https://miu-documentos.s3.us-west-2.amazonaws.com/DATA-DOCS/miu-hml/documentos/143453/20030090/miuDocumento_712727_Los7pasosdelS&OP_774525_926476.pdf"
996359,"https://miu-documentos.s3.us-west-2.amazonaws.com/DATA-DOCS/miu-hml/documentos/143453/20030090/miuDocumento_712728_RecomendacionesS&OPKPMG_774522_926475.pdf"
996360,"https://miu-documentos.s3.us-west-2.amazonaws.com/DATA-DOCS/miu-hml/documentos/143453/20030090/miuDocumento_712723_A1_Comoacercarsealarealidad_774521_926477.pdf"
996415,"https://miu-documentos.s3.us-west-2.amazonaws.com/DATA-DOCS/miu-hml/documentos/144708/20180351/miuDocumento_996415_24.RogersB.W.1982.TheAtlanticAlliance..pdf"
996393,"https://miu-documentos.s3.us-west-2.amazonaws.com/DATA-DOCS/miu-hml/documentos/144708/20180351/miuDocumento_996393_3.DanielL.BymanKennethM.PollackLetUsNowPraiseGreatMen.pdf"
996714,"https://miu-documentos.s3.us-west-2.amazonaws.com/DATA-DOCS/miu-hml/documentos/143679/20100147/miuDocumento_996714_BITACORAPR.INT.pdf"
998040,"https://miu-documentos.s3.us-west-2.amazonaws.com/DATA-DOCS/miu-hml/documentos/143396/20140597/miuDocumento_998040_InstructivoMathHelp.pdf"
998042,"https://miu-documentos.s3.us-west-2.amazonaws.com/DATA-DOCS/miu-hml/documentos/143333/20140597/miuDocumento_998042_InstructivoMathHelp.pdf"
998045,"https://miu-documentos.s3.us-west-2.amazonaws.com/DATA-DOCS/miu-hml/documentos/144006/20110075/miuDocumento_960562_Elabogado-ManuelOssorioyFlorit(2).pdf"
998046,"https://miu-documentos.s3.us-west-2.amazonaws.com/DATA-DOCS/miu-hml/documentos/144006/20110075/miuDocumento_960565_Programa-IDA-2025.docx"
998047,"https://miu-documentos.s3.us-west-2.amazonaws.com/DATA-DOCS/miu-hml/documentos/144006/20110075/miuDocumento_960571_CVPedroFlores(2025)(ESP).pdf"
998048,"https://miu-documentos.s3.us-west-2.amazonaws.com/DATA-DOCS/miu-hml/documentos/144006/20110075/miuDocumento_960563_Larelacio_nabogado-clienteylahonorabilidadprofesional-H.H.ACooper(2).pdf"
998049,"https://miu-documentos.s3.us-west-2.amazonaws.com/DATA-DOCS/miu-hml/documentos/144006/20110075/miuDocumento_960564_Fischel-LawyersConfidentiality-1998(2).pdf"
998177,"https://miu-documentos.s3.us-west-2.amazonaws.com/DATA-DOCS/miu-hml/documentos/143749/20180251/miuDocumento_998176_HT1ConocimientoprevioEmbriologaNeuro.pdf"
998176,"https://miu-documentos.s3.us-west-2.amazonaws.com/DATA-DOCS/miu-hml/documentos/143748/20180251/miuDocumento_998176_HT1ConocimientoprevioEmbriologaNeuro.pdf"
998178,"https://miu-documentos.s3.us-west-2.amazonaws.com/DATA-DOCS/miu-hml/documentos/143750/20180251/miuDocumento_998176_HT1ConocimientoprevioEmbriologaNeuro.pdf"
998190,"https://miu-documentos.s3.us-west-2.amazonaws.com/DATA-DOCS/miu-hml/documentos/144242/96000385/miuDocumento_998190_DiariodeSesionesdelaConstitucin.pdf"
998191,"https://miu-documentos.s3.us-west-2.amazonaws.com/DATA-DOCS/miu-hml/documentos/144241/96000385/miuDocumento_998190_DiariodeSesionesdelaConstitucin.pdf"
998204,"https://miu-documentos.s3.us-west-2.amazonaws.com/DATA-DOCS/miu-hml/documentos/143284/26950228/miuDocumento_998204_AccountingMadeSimple-MikePiper.pdf"
998216,"https://miu-documentos.s3.us-west-2.amazonaws.com/DATA-DOCS/miu-hml/documentos/144216/20140399/miuDocumento_998216_UFMCronogramadeLecturas-ProcesalCivilI-.pdf"
998232,"https://miu-documentos.s3.us-west-2.amazonaws.com/DATA-DOCS/miu-hml/documentos/142970/20950031/miuDocumento_998232_Diseo3-2026-syllabus-JulioAlvarado.pdf"
998261,"https://miu-documentos.s3.us-west-2.amazonaws.com/DATA-DOCS/miu-hml/documentos/144246/20080541/miuDocumento_998261_Casodeljuiciooral.pdf"
998263,"https://miu-documentos.s3.us-west-2.amazonaws.com/DATA-DOCS/miu-hml/documentos/144605/20151049/miuDocumento_998263_1.Elenigmadelariqueza.pptx"
998272,"https://miu-documentos.s3.us-west-2.amazonaws.com/DATA-DOCS/miu-hml/documentos/143469/20241293/miuDocumento_998272_Cronograma2026.pdf"
998273,"https://miu-documentos.s3.us-west-2.amazonaws.com/DATA-DOCS/miu-hml/documentos/143470/20241293/miuDocumento_998272_Cronograma2026.pdf"
998280,"https://miu-documentos.s3.us-west-2.amazonaws.com/DATA-DOCS/miu-hml/documentos/144106/22880032/miuDocumento_998280_Cronograma.PEI.S122026ct.pdf"
996715,"https://miu-documentos.s3.us-west-2.amazonaws.com/DATA-DOCS/miu-hml/documentos/143865/20100147/miuDocumento_996714_BITACORAPR.INT.pdf"
996716,"https://miu-documentos.s3.us-west-2.amazonaws.com/DATA-DOCS/miu-hml/documentos/143683/20100147/miuDocumento_996714_BITACORAPR.INT.pdf"
996717,"https://miu-documentos.s3.us-west-2.amazonaws.com/DATA-DOCS/miu-hml/documentos/143682/20100147/miuDocumento_996714_BITACORAPR.INT.pdf"
996718,"https://miu-documentos.s3.us-west-2.amazonaws.com/DATA-DOCS/miu-hml/documentos/143681/20100147/miuDocumento_996714_BITACORAPR.INT.pdf"
996719,"https://miu-documentos.s3.us-west-2.amazonaws.com/DATA-DOCS/miu-hml/documentos/143680/20100147/miuDocumento_996714_BITACORAPR.INT.pdf"
996720,"https://miu-documentos.s3.us-west-2.amazonaws.com/DATA-DOCS/miu-hml/documentos/143684/20100147/miuDocumento_996714_BITACORAPR.INT.pdf"
996912,"https://miu-documentos.s3.us-west-2.amazonaws.com/DATA-DOCS/miu-hml/documentos/143981/12900745/miuDocumento_996912_05.SimulacionenAvicolaPRen26.docx"
996913,"https://miu-documentos.s3.us-west-2.amazonaws.com/DATA-DOCS/miu-hml/documentos/143011/12900745/miuDocumento_996912_05.SimulacionenAvicolaPRen26.docx"
996914,"https://miu-documentos.s3.us-west-2.amazonaws.com/DATA-DOCS/miu-hml/documentos/143981/12900745/miuDocumento_996914_06.RelacionycontratoScriaPRen26.docx"
996915,"https://miu-documentos.s3.us-west-2.amazonaws.com/DATA-DOCS/miu-hml/documentos/143011/12900745/miuDocumento_996914_06.RelacionycontratoScriaPRen26.docx"
997644,"https://miu-documentos.s3.us-west-2.amazonaws.com/DATA-DOCS/miu-hml/documentos/143711/20220110/miuDocumento_997644_Arrow.pdf"
997685,"https://miu-documentos.s3.us-west-2.amazonaws.com/DATA-DOCS/miu-hml/documentos/143374/20210218/miuDocumento_997685_MicroeconomaI_UFM_2026.pdf"
997826,"https://miu-documentos.s3.us-west-2.amazonaws.com/DATA-DOCS/miu-hml/documentos/144782/12890465/miuDocumento_997826_Syllabus2026provisional.docx"
997776,"https://miu-documentos.s3.us-west-2.amazonaws.com/DATA-DOCS/miu-hml/documentos/142778/20000326/miuDocumento_997771_Psicologiadelasaludycalidaddevida.pdf"
997774,"https://miu-documentos.s3.us-west-2.amazonaws.com/DATA-DOCS/miu-hml/documentos/142778/20000326/miuDocumento_997770_psicologia-medica-y-salud-mental2.pdf"
997829,"https://miu-documentos.s3.us-west-2.amazonaws.com/DATA-DOCS/miu-hml/documentos/144121/12870542/miuDocumento_997829_250105bienvenidosH03.docx"
997901,"https://miu-documentos.s3.us-west-2.amazonaws.com/DATA-DOCS/miu-hml/documentos/143873/20170280/miuDocumento_997901_cronograma-mate-med-2026-1.pdf"
997902,"https://miu-documentos.s3.us-west-2.amazonaws.com/DATA-DOCS/miu-hml/documentos/143874/20170280/miuDocumento_997901_cronograma-mate-med-2026-1.pdf"
997903,"https://miu-documentos.s3.us-west-2.amazonaws.com/DATA-DOCS/miu-hml/documentos/143875/20170280/miuDocumento_997901_cronograma-mate-med-2026-1.pdf"
997966,"https://miu-documentos.s3.us-west-2.amazonaws.com/DATA-DOCS/miu-hml/documentos/143348/20130088/miuDocumento_997966_CalendarioLecturas_IO2026.pdf"
997995,"https://miu-documentos.s3.us-west-2.amazonaws.com/DATA-DOCS/miu-hml/documentos/143005/13950296/miuDocumento_997995_KaplanySadock-SinopsisdePsiquiatria-11aEdicion.pdf"
998003,"https://miu-documentos.s3.us-west-2.amazonaws.com/DATA-DOCS/miu-hml/documentos/142780/20130378/miuDocumento_998003_SILABOINFOTECNOLOGIAS2026.pdf"
998006,"https://miu-documentos.s3.us-west-2.amazonaws.com/DATA-DOCS/miu-hml/documentos/142789/20130378/miuDocumento_998006_CRONOGRAMA-INFOTECNOLOGIASI.pdf"
998027,"https://miu-documentos.s3.us-west-2.amazonaws.com/DATA-DOCS/miu-hml/documentos/142911/20180614/miuDocumento_963376_DerechodelaOrganizacionMundialdelComercio.pdf"
998028,"https://miu-documentos.s3.us-west-2.amazonaws.com/DATA-DOCS/miu-hml/documentos/142912/20180614/miuDocumento_963376_DerechodelaOrganizacionMundialdelComercio.pdf"
995951,"https://miu-documentos.s3.us-west-2.amazonaws.com/DATA-DOCS/miu-hml/documentos/143583/20040100/miuDocumento_995947_6.ResourcesforPharmacogenomics.pdf"
995956,"https://miu-documentos.s3.us-west-2.amazonaws.com/DATA-DOCS/miu-hml/documentos/143583/20040100/miuDocumento_995952_8.Epigenetics.pdf"
998029,"https://miu-documentos.s3.us-west-2.amazonaws.com/DATA-DOCS/miu-hml/documentos/142911/20180614/miuDocumento_963515_RelacionesInternacionales.pdf"
998030,"https://miu-documentos.s3.us-west-2.amazonaws.com/DATA-DOCS/miu-hml/documentos/142912/20180614/miuDocumento_963515_RelacionesInternacionales.pdf"
998031,"https://miu-documentos.s3.us-west-2.amazonaws.com/DATA-DOCS/miu-hml/documentos/142911/20180614/miuDocumento_963516_RelacionesInternacionales2.pdf"
998032,"https://miu-documentos.s3.us-west-2.amazonaws.com/DATA-DOCS/miu-hml/documentos/142912/20180614/miuDocumento_963516_RelacionesInternacionales2.pdf"
998033,"https://miu-documentos.s3.us-west-2.amazonaws.com/DATA-DOCS/miu-hml/documentos/142911/20180614/miuDocumento_963517_RelacionesInternacionales3.pdf"
998034,"https://miu-documentos.s3.us-west-2.amazonaws.com/DATA-DOCS/miu-hml/documentos/142912/20180614/miuDocumento_963517_RelacionesInternacionales3.pdf"
998035,"https://miu-documentos.s3.us-west-2.amazonaws.com/DATA-DOCS/miu-hml/documentos/142911/20180614/miuDocumento_963518_historywto_e.pdf"
998036,"https://miu-documentos.s3.us-west-2.amazonaws.com/DATA-DOCS/miu-hml/documentos/142912/20180614/miuDocumento_963518_historywto_e.pdf"
998086,"https://miu-documentos.s3.us-west-2.amazonaws.com/DATA-DOCS/miu-hml/documentos/143330/20181150/miuDocumento_998086_EJERCICIOGRAFICAS.xls"
998098,"https://miu-documentos.s3.us-west-2.amazonaws.com/DATA-DOCS/miu-hml/documentos/143360/12910611/miuDocumento_914106_INSTRUCCIONESEXPERIMENTOL&EEntry-Congestion_925350_944915_960952_980791.pdf"
998099,"https://miu-documentos.s3.us-west-2.amazonaws.com/DATA-DOCS/miu-hml/documentos/143360/12910611/El_Problema_del_Costo_Social_628561_684203_712462_742866_774885_814245_836109_853012_910485_925349_944928_960943_980796.pdf"
998100,"https://miu-documentos.s3.us-west-2.amazonaws.com/DATA-DOCS/miu-hml/documentos/143360/12910611/20120716175418_656067_684214_712461_742865_774877_814247_836103_853013_910487_925347_944925_960955_980793.tif"
998101,"https://miu-documentos.s3.us-west-2.amazonaws.com/DATA-DOCS/miu-hml/documentos/143360/12910611/miuDocumento_784219_Externalidades,CostosdeTransaccionyDesarrollo_CasodeAnalisis_814242_990481.pdf"
998102,"https://miu-documentos.s3.us-west-2.amazonaws.com/DATA-DOCS/miu-hml/documentos/143360/12910611/miuDocumento_949248_miuDocumento_844271_INSTRUCCIONESEXPERIMENTOL&EWaterExternalities_853021_910497_925355_960949_980794.pdf"
998103,"https://miu-documentos.s3.us-west-2.amazonaws.com/DATA-DOCS/miu-hml/documentos/143360/12910611/Caso Disputa Civil_656064_684208_712460_742859_774883_814252_836123_853015_910492_925342_944926_960948_980790.doc"
998105,"https://miu-documentos.s3.us-west-2.amazonaws.com/DATA-DOCS/miu-hml/documentos/143360/12910611/miuDocumento_712478_Hayek_DLL_124_742863_774876_814243_836115_853014_910484_925346_944927_960950_980795.pdf"
998106,"https://miu-documentos.s3.us-west-2.amazonaws.com/DATA-DOCS/miu-hml/documentos/143360/12910611/CASO1_656068_684205_712456_742862_774880_814246_836119_853010_910482_925344_944924_960947_980789.docx"
998107,"https://miu-documentos.s3.us-west-2.amazonaws.com/DATA-DOCS/miu-hml/documentos/143360/12910611/miuDocumento_911698_INSTRUCCIONESEXPERIMENTOL&ETrustGame2023_925340_944922_960953_980788.pdf"
998108,"https://miu-documentos.s3.us-west-2.amazonaws.com/DATA-DOCS/miu-hml/documentos/143360/12910611/7_The_Origins_of_Virtue_Matt_Ridley_656065_684209_712463_742858_774878_814244_836117_853009_910486_925353_944923_960951_980787.pdf"
998110,"https://miu-documentos.s3.us-west-2.amazonaws.com/DATA-DOCS/miu-hml/documentos/143360/12910611/miuDocumento_712474_BrunoLeoni_Law,LibertyandtheCompetitiveMarket_742861_774879_814250_836105_853007_910483_925348_944902_960942_980792.pdf"
998111,"https://miu-documentos.s3.us-west-2.amazonaws.com/DATA-DOCS/miu-hml/documentos/143360/12910611/Friedman_Capitulo_12_656072_684212_712458_742867_774887_814249_836121_853011_910489_925343_944921_960944_980797.pdf"
998112,"https://miu-documentos.s3.us-west-2.amazonaws.com/DATA-DOCS/miu-hml/documentos/143347/20070408/miuDocumento_998112_NIIF9-MatrizdeProvisin.xlsx"
998182,"https://miu-documentos.s3.us-west-2.amazonaws.com/DATA-DOCS/miu-hml/documentos/143748/20180251/miuDocumento_998182_Ch17LecturaEmbriologaNervio.pdf"
998175,"https://miu-documentos.s3.us-west-2.amazonaws.com/DATA-DOCS/miu-hml/documentos/143372/20160336/miuDocumento_998175_Marketing-1.Intro.pdf"
998183,"https://miu-documentos.s3.us-west-2.amazonaws.com/DATA-DOCS/miu-hml/documentos/143749/20180251/miuDocumento_998182_Ch17LecturaEmbriologaNervio.pdf"
998184,"https://miu-documentos.s3.us-west-2.amazonaws.com/DATA-DOCS/miu-hml/documentos/143750/20180251/miuDocumento_998182_Ch17LecturaEmbriologaNervio.pdf"
998215,"https://miu-documentos.s3.us-west-2.amazonaws.com/DATA-DOCS/miu-hml/documentos/144216/20140399/miuDocumento_998215_UFMProgramadelCurso-DerechoProcesalCivilI-2026-.pdf"
998224,"https://miu-documentos.s3.us-west-2.amazonaws.com/DATA-DOCS/miu-hml/documentos/143345/98000877/3--Adam Smith_644278_672059_815411_890515_925359_960715.pdf"
998225,"https://miu-documentos.s3.us-west-2.amazonaws.com/DATA-DOCS/miu-hml/documentos/143345/98000877/Ashton (Standard of Life)_644279_672061_815408_890516_925360_960713.pdf"
998226,"https://miu-documentos.s3.us-west-2.amazonaws.com/DATA-DOCS/miu-hml/documentos/143345/98000877/Bostaph (Menger y los Historicistas Alemanes)_644282_672060_815409_890514_925357_960721.pdf"
998227,"https://miu-documentos.s3.us-west-2.amazonaws.com/DATA-DOCS/miu-hml/documentos/143345/98000877/miuDocumento_644544_1--Metodologia_672063_815412_890518_925361_960723.pdf"
998228,"https://miu-documentos.s3.us-west-2.amazonaws.com/DATA-DOCS/miu-hml/documentos/143345/98000877/miuDocumento_960717_ElNivelDeVidaDeLosTrabajadoresEnInglaterraDesde1790a1830-T.S.Ashton.pdf"
998229,"https://miu-documentos.s3.us-west-2.amazonaws.com/DATA-DOCS/miu-hml/documentos/143345/98000877/miuDocumento_960725_LosCuatroMundosdeJosephKeckeissen.pdf"
998230,"https://miu-documentos.s3.us-west-2.amazonaws.com/DATA-DOCS/miu-hml/documentos/143345/98000877/miuDocumento_934739_LF-26_960726.2(Friedman)"
998231,"https://miu-documentos.s3.us-west-2.amazonaws.com/DATA-DOCS/miu-hml/documentos/143345/98000877/miuDocumento_963707_LF-35.7(JoeKeck).pdf"
998233,"https://miu-documentos.s3.us-west-2.amazonaws.com/DATA-DOCS/miu-hml/documentos/142970/20950031/miuDocumento_998233_CalendarioUFMDesign2026-1.pdf"
998264,"https://miu-documentos.s3.us-west-2.amazonaws.com/DATA-DOCS/miu-hml/documentos/143512/20050531/miuDocumento_998264_Presentacin1Pensarycriticar.pdf"
995730,"https://miu-documentos.s3.us-west-2.amazonaws.com/DATA-DOCS/miu-hml/documentos/143595/20040100/miuDocumento_995727_T3.SindromesNeurocutaneos.pptx"
995402,"https://miu-documentos.s3.us-west-2.amazonaws.com/DATA-DOCS/miu-hml/documentos/143596/20090970/miuDocumento_995402_TheMeditationsofMarcusAurelius.pdf"
995942,"https://miu-documentos.s3.us-west-2.amazonaws.com/DATA-DOCS/miu-hml/documentos/143583/20040100/miuDocumento_995942_6.PharmacogenomicsKatzung.pdf"
995332,"https://miu-documentos.s3.us-west-2.amazonaws.com/DATA-DOCS/miu-hml/documentos/142810/20150864/miuDocumento_995332_FORO1Inflamacionyshock.pdf"
995333,"https://miu-documentos.s3.us-west-2.amazonaws.com/DATA-DOCS/miu-hml/documentos/142810/20150864/miuDocumento_995332_FORO1Inflamacionyshock.pdf"
995334,"https://miu-documentos.s3.us-west-2.amazonaws.com/DATA-DOCS/miu-hml/documentos/142810/20150864/miuDocumento_995334_FORO2PATOLOGIARESPIRATORIAYSNC.pdf"
995336,"https://miu-documentos.s3.us-west-2.amazonaws.com/DATA-DOCS/miu-hml/documentos/142810/20150864/miuDocumento_995336_FORO3PatologiaHepaticayRenal.pdf"
995337,"https://miu-documentos.s3.us-west-2.amazonaws.com/DATA-DOCS/miu-hml/documentos/142810/20150864/miuDocumento_995336_FORO3PatologiaHepaticayRenal.pdf"
995943,"https://miu-documentos.s3.us-west-2.amazonaws.com/DATA-DOCS/miu-hml/documentos/143583/20040100/miuDocumento_995942_6.PharmacogenomicsKatzung.pdf"
995388,"https://miu-documentos.s3.us-west-2.amazonaws.com/DATA-DOCS/miu-hml/documentos/143023/20241404/miuDocumento_995388_6.CartaConstanciadeCierrePE2026.pdf"
995944,"https://miu-documentos.s3.us-west-2.amazonaws.com/DATA-DOCS/miu-hml/documentos/143583/20040100/miuDocumento_995942_6.PharmacogenomicsKatzung.pdf"
995945,"https://miu-documentos.s3.us-west-2.amazonaws.com/DATA-DOCS/miu-hml/documentos/143583/20040100/miuDocumento_995942_6.PharmacogenomicsKatzung.pdf"
995946,"https://miu-documentos.s3.us-west-2.amazonaws.com/DATA-DOCS/miu-hml/documentos/143583/20040100/miuDocumento_995942_6.PharmacogenomicsKatzung.pdf"
995947,"https://miu-documentos.s3.us-west-2.amazonaws.com/DATA-DOCS/miu-hml/documentos/143583/20040100/miuDocumento_995947_6.ResourcesforPharmacogenomics.pdf"
995342,"https://miu-documentos.s3.us-west-2.amazonaws.com/DATA-DOCS/miu-hml/documentos/118238/20150864/miuDocumento_814686_robbins-patologiaestructuralyfuncional6ed-1_855144_959086_995331_995342.pdf"
995949,"https://miu-documentos.s3.us-west-2.amazonaws.com/DATA-DOCS/miu-hml/documentos/143583/20040100/miuDocumento_995947_6.ResourcesforPharmacogenomics.pdf"
995950,"https://miu-documentos.s3.us-west-2.amazonaws.com/DATA-DOCS/miu-hml/documentos/143583/20040100/miuDocumento_995947_6.ResourcesforPharmacogenomics.pdf"
995952,"https://miu-documentos.s3.us-west-2.amazonaws.com/DATA-DOCS/miu-hml/documentos/143583/20040100/miuDocumento_995952_8.Epigenetics.pdf"
995953,"https://miu-documentos.s3.us-west-2.amazonaws.com/DATA-DOCS/miu-hml/documentos/143583/20040100/miuDocumento_995952_8.Epigenetics.pdf"
995954,"https://miu-documentos.s3.us-west-2.amazonaws.com/DATA-DOCS/miu-hml/documentos/143583/20040100/miuDocumento_995952_8.Epigenetics.pdf"
995957,"https://miu-documentos.s3.us-west-2.amazonaws.com/DATA-DOCS/miu-hml/documentos/143583/20040100/miuDocumento_995957_9.NoncodingRNA.pdf"
995958,"https://miu-documentos.s3.us-west-2.amazonaws.com/DATA-DOCS/miu-hml/documentos/143583/20040100/miuDocumento_995957_9.NoncodingRNA.pdf"
995959,"https://miu-documentos.s3.us-west-2.amazonaws.com/DATA-DOCS/miu-hml/documentos/143583/20040100/miuDocumento_995957_9.NoncodingRNA.pdf"
995960,"https://miu-documentos.s3.us-west-2.amazonaws.com/DATA-DOCS/miu-hml/documentos/143583/20040100/miuDocumento_995957_9.NoncodingRNA.pdf"
995961,"https://miu-documentos.s3.us-west-2.amazonaws.com/DATA-DOCS/miu-hml/documentos/143583/20040100/miuDocumento_995957_9.NoncodingRNA.pdf"
995962,"https://miu-documentos.s3.us-west-2.amazonaws.com/DATA-DOCS/miu-hml/documentos/143583/20040100/miuDocumento_995962_9.Next-GenerationProteomics.pdf"
995965,"https://miu-documentos.s3.us-west-2.amazonaws.com/DATA-DOCS/miu-hml/documentos/143583/20040100/miuDocumento_995962_9.Next-GenerationProteomics.pdf"
995966,"https://miu-documentos.s3.us-west-2.amazonaws.com/DATA-DOCS/miu-hml/documentos/143583/20040100/miuDocumento_995962_9.Next-GenerationProteomics.pdf"
995972,"https://miu-documentos.s3.us-west-2.amazonaws.com/DATA-DOCS/miu-hml/documentos/143583/20040100/miuDocumento_995972_7.MetabolomicsinPersonalizedMedicine.pdf"
995973,"https://miu-documentos.s3.us-west-2.amazonaws.com/DATA-DOCS/miu-hml/documentos/143583/20040100/miuDocumento_995972_7.MetabolomicsinPersonalizedMedicine.pdf"
995974,"https://miu-documentos.s3.us-west-2.amazonaws.com/DATA-DOCS/miu-hml/documentos/143583/20040100/miuDocumento_995972_7.MetabolomicsinPersonalizedMedicine.pdf"
995975,"https://miu-documentos.s3.us-west-2.amazonaws.com/DATA-DOCS/miu-hml/documentos/143583/20040100/miuDocumento_995972_7.MetabolomicsinPersonalizedMedicine.pdf"
995976,"https://miu-documentos.s3.us-west-2.amazonaws.com/DATA-DOCS/miu-hml/documentos/143583/20040100/miuDocumento_995972_7.MetabolomicsinPersonalizedMedicine.pdf"
995977,"https://miu-documentos.s3.us-west-2.amazonaws.com/DATA-DOCS/miu-hml/documentos/143583/20040100/miuDocumento_995977_7.TheRoleofMicrobiomeinHumanDevelopment.pdf"
995978,"https://miu-documentos.s3.us-west-2.amazonaws.com/DATA-DOCS/miu-hml/documentos/143583/20040100/miuDocumento_995977_7.TheRoleofMicrobiomeinHumanDevelopment.pdf"
995979,"https://miu-documentos.s3.us-west-2.amazonaws.com/DATA-DOCS/miu-hml/documentos/143583/20040100/miuDocumento_995977_7.TheRoleofMicrobiomeinHumanDevelopment.pdf"
995980,"https://miu-documentos.s3.us-west-2.amazonaws.com/DATA-DOCS/miu-hml/documentos/143583/20040100/miuDocumento_995977_7.TheRoleofMicrobiomeinHumanDevelopment.pdf"
995981,"https://miu-documentos.s3.us-west-2.amazonaws.com/DATA-DOCS/miu-hml/documentos/143583/20040100/miuDocumento_995977_7.TheRoleofMicrobiomeinHumanDevelopment.pdf"
995982,"https://miu-documentos.s3.us-west-2.amazonaws.com/DATA-DOCS/miu-hml/documentos/143583/20040100/miuDocumento_995982_11.TreatmentofGeneticDisease.pdf"
995983,"https://miu-documentos.s3.us-west-2.amazonaws.com/DATA-DOCS/miu-hml/documentos/143583/20040100/miuDocumento_995982_11.TreatmentofGeneticDisease.pdf"
995984,"https://miu-documentos.s3.us-west-2.amazonaws.com/DATA-DOCS/miu-hml/documentos/143583/20040100/miuDocumento_995982_11.TreatmentofGeneticDisease.pdf"
995985,"https://miu-documentos.s3.us-west-2.amazonaws.com/DATA-DOCS/miu-hml/documentos/143583/20040100/miuDocumento_995982_11.TreatmentofGeneticDisease.pdf"
995986,"https://miu-documentos.s3.us-west-2.amazonaws.com/DATA-DOCS/miu-hml/documentos/143583/20040100/miuDocumento_995982_11.TreatmentofGeneticDisease.pdf"
995987,"https://miu-documentos.s3.us-west-2.amazonaws.com/DATA-DOCS/miu-hml/documentos/143583/20040100/miuDocumento_995987_10.GeneralTermsforCongenitalAnomalies.pdf"
995988,"https://miu-documentos.s3.us-west-2.amazonaws.com/DATA-DOCS/miu-hml/documentos/143583/20040100/miuDocumento_995987_10.GeneralTermsforCongenitalAnomalies.pdf"
995989,"https://miu-documentos.s3.us-west-2.amazonaws.com/DATA-DOCS/miu-hml/documentos/143583/20040100/miuDocumento_995987_10.GeneralTermsforCongenitalAnomalies.pdf"
995990,"https://miu-documentos.s3.us-west-2.amazonaws.com/DATA-DOCS/miu-hml/documentos/143583/20040100/miuDocumento_995987_10.GeneralTermsforCongenitalAnomalies.pdf"
995991,"https://miu-documentos.s3.us-west-2.amazonaws.com/DATA-DOCS/miu-hml/documentos/143583/20040100/miuDocumento_995987_10.GeneralTermsforCongenitalAnomalies.pdf"
995335,"https://miu-documentos.s3.us-west-2.amazonaws.com/DATA-DOCS/miu-hml/documentos/142810/20150864/miuDocumento_995334_FORO2PATOLOGIARESPIRATORIAYSNC.pdf"
996125,"https://miu-documentos.s3.us-west-2.amazonaws.com/DATA-DOCS/miu-hml/documentos/144895/20190671/miuDocumento_996125_Apuntes_y_ejercicios_CLCULO_II.pdf"
996127,"https://miu-documentos.s3.us-west-2.amazonaws.com/DATA-DOCS/miu-hml/documentos/143342/16860249/miuDocumento_996127_actadeindependenciaGuatemala.pdf"
996131,"https://miu-documentos.s3.us-west-2.amazonaws.com/DATA-DOCS/miu-hml/documentos/144354/20190671/miuDocumento_996131_Apuntes_y_ejercicios_ESTADSTICAI.pdf"
996153,"https://miu-documentos.s3.us-west-2.amazonaws.com/DATA-DOCS/miu-hml/documentos/144844/20110699/miuDocumento_996153_Class5_DriversofIndustryFinancialStructure-20251218T033849Z-3-001.zip"
995964,"https://miu-documentos.s3.us-west-2.amazonaws.com/DATA-DOCS/miu-hml/documentos/143583/20040100/miuDocumento_995962_9.Next-GenerationProteomics.pdf"
996157,"https://miu-documentos.s3.us-west-2.amazonaws.com/DATA-DOCS/miu-hml/documentos/144844/20110699/miuDocumento_996157_Class9_AmericanHomeProductsCorporation-20251218T033900Z-3-001.zip"
996198,"https://miu-documentos.s3.us-west-2.amazonaws.com/DATA-DOCS/miu-hml/documentos/143557/20100147/miuDocumento_996198_POE2026-G1.pdf"
996199,"https://miu-documentos.s3.us-west-2.amazonaws.com/DATA-DOCS/miu-hml/documentos/143830/20100147/miuDocumento_996198_POE2026-G1.pdf"
996200,"https://miu-documentos.s3.us-west-2.amazonaws.com/DATA-DOCS/miu-hml/documentos/143557/20100147/miuDocumento_996200_ROLLRENE-MAR26.pdf"
996201,"https://miu-documentos.s3.us-west-2.amazonaws.com/DATA-DOCS/miu-hml/documentos/143830/20100147/miuDocumento_996200_ROLLRENE-MAR26.pdf"
996202,"https://miu-documentos.s3.us-west-2.amazonaws.com/DATA-DOCS/miu-hml/documentos/143680/20100147/miuDocumento_996200_ROLLRENE-MAR26.pdf"
996203,"https://miu-documentos.s3.us-west-2.amazonaws.com/DATA-DOCS/miu-hml/documentos/143679/20100147/miuDocumento_996200_ROLLRENE-MAR26.pdf"
996795,"https://miu-documentos.s3.us-west-2.amazonaws.com/DATA-DOCS/miu-hml/documentos/143591/20030370/miuDocumento_960860_1.Plandeatencionnutricional,EGS,requermientos1.pdf"
996794,"https://miu-documentos.s3.us-west-2.amazonaws.com/DATA-DOCS/miu-hml/documentos/144215/20110535/miuDocumento_996794_ProgramaDerechoProcesalCivil12026.pdf"
996796,"https://miu-documentos.s3.us-west-2.amazonaws.com/DATA-DOCS/miu-hml/documentos/143825/20030370/miuDocumento_960860_1.Plandeatencionnutricional,EGS,requermientos1.pdf"
996797,"https://miu-documentos.s3.us-west-2.amazonaws.com/DATA-DOCS/miu-hml/documentos/143594/20030370/miuDocumento_960860_1.Plandeatencionnutricional,EGS,requermientos1.pdf"
996798,"https://miu-documentos.s3.us-west-2.amazonaws.com/DATA-DOCS/miu-hml/documentos/143592/20030370/miuDocumento_960860_1.Plandeatencionnutricional,EGS,requermientos1.pdf"
996799,"https://miu-documentos.s3.us-west-2.amazonaws.com/DATA-DOCS/miu-hml/documentos/143593/20030370/miuDocumento_960860_1.Plandeatencionnutricional,EGS,requermientos1.pdf"
996271,"https://miu-documentos.s3.us-west-2.amazonaws.com/DATA-DOCS/miu-hml/documentos/143819/20200573/miuDocumento_996271_Auditorias.pdf"
996272,"https://miu-documentos.s3.us-west-2.amazonaws.com/DATA-DOCS/miu-hml/documentos/143819/20200573/miuDocumento_996272_Bitacora.pdf"
996275,"https://miu-documentos.s3.us-west-2.amazonaws.com/DATA-DOCS/miu-hml/documentos/143819/20200573/miuDocumento_996275_RubricaCAS.pdf"
996277,"https://miu-documentos.s3.us-west-2.amazonaws.com/DATA-DOCS/miu-hml/documentos/143819/20200573/miuDocumento_996277_ProgramaAcademico-ExternadoMedicinaInterna.xlsx"
996278,"https://miu-documentos.s3.us-west-2.amazonaws.com/DATA-DOCS/miu-hml/documentos/143579/20200573/miuDocumento_996278_Auditorias.pdf"
996285,"https://miu-documentos.s3.us-west-2.amazonaws.com/DATA-DOCS/miu-hml/documentos/143709/20150601/miuDocumento_996285_CAUCAIV-RES-223-2008.pdf"
996287,"https://miu-documentos.s3.us-west-2.amazonaws.com/DATA-DOCS/miu-hml/documentos/143709/20150601/miuDocumento_996287_18_LeyAduanas.pdf"
996288,"https://miu-documentos.s3.us-west-2.amazonaws.com/DATA-DOCS/miu-hml/documentos/143709/20150601/miuDocumento_996288_ConveniosobreelRgimenArancelarioyAduaneroCentroamericano.pdf"
996300,"https://miu-documentos.s3.us-west-2.amazonaws.com/DATA-DOCS/miu-hml/documentos/143709/20150601/miuDocumento_996300_pf_txt_containers_contract.pdf"
996800,"https://miu-documentos.s3.us-west-2.amazonaws.com/DATA-DOCS/miu-hml/documentos/143591/20030370/miuDocumento_959173_MEZCLASVEGETALES.pdf"
996801,"https://miu-documentos.s3.us-west-2.amazonaws.com/DATA-DOCS/miu-hml/documentos/143825/20030370/miuDocumento_959173_MEZCLASVEGETALES.pdf"
996802,"https://miu-documentos.s3.us-west-2.amazonaws.com/DATA-DOCS/miu-hml/documentos/143594/20030370/miuDocumento_959173_MEZCLASVEGETALES.pdf"
996803,"https://miu-documentos.s3.us-west-2.amazonaws.com/DATA-DOCS/miu-hml/documentos/143592/20030370/miuDocumento_959173_MEZCLASVEGETALES.pdf"
995620,"https://miu-documentos.s3.us-west-2.amazonaws.com/DATA-DOCS/miu-hml/documentos/143595/20040100/miuDocumento_995618_3.PatronesdeHerencia,GeneticaClinica.pdf"
995622,"https://miu-documentos.s3.us-west-2.amazonaws.com/DATA-DOCS/miu-hml/documentos/143595/20040100/miuDocumento_995622_4.ConsejeriaGenetica,GeneticaClinica.pdf"
995623,"https://miu-documentos.s3.us-west-2.amazonaws.com/DATA-DOCS/miu-hml/documentos/143595/20040100/miuDocumento_995622_4.ConsejeriaGenetica,GeneticaClinica.pdf"
995624,"https://miu-documentos.s3.us-west-2.amazonaws.com/DATA-DOCS/miu-hml/documentos/143595/20040100/miuDocumento_995622_4.ConsejeriaGenetica,GeneticaClinica.pdf"
995625,"https://miu-documentos.s3.us-west-2.amazonaws.com/DATA-DOCS/miu-hml/documentos/143595/20040100/miuDocumento_995622_4.ConsejeriaGenetica,GeneticaClinica.pdf"
995630,"https://miu-documentos.s3.us-west-2.amazonaws.com/DATA-DOCS/miu-hml/documentos/143595/20040100/miuDocumento_995630_6.CasosClinicos-GenesContinuos.pdf"
995631,"https://miu-documentos.s3.us-west-2.amazonaws.com/DATA-DOCS/miu-hml/documentos/143595/20040100/miuDocumento_995630_6.CasosClinicos-GenesContinuos.pdf"
995632,"https://miu-documentos.s3.us-west-2.amazonaws.com/DATA-DOCS/miu-hml/documentos/143595/20040100/miuDocumento_995630_6.CasosClinicos-GenesContinuos.pdf"
995633,"https://miu-documentos.s3.us-west-2.amazonaws.com/DATA-DOCS/miu-hml/documentos/143595/20040100/miuDocumento_995630_6.CasosClinicos-GenesContinuos.pdf"
996804,"https://miu-documentos.s3.us-west-2.amazonaws.com/DATA-DOCS/miu-hml/documentos/143593/20030370/miuDocumento_959173_MEZCLASVEGETALES.pdf"
996805,"https://miu-documentos.s3.us-west-2.amazonaws.com/DATA-DOCS/miu-hml/documentos/143591/20030370/miuDocumento_959177_Formulasinfatiles.pdf"
996806,"https://miu-documentos.s3.us-west-2.amazonaws.com/DATA-DOCS/miu-hml/documentos/143825/20030370/miuDocumento_959177_Formulasinfatiles.pdf"
996807,"https://miu-documentos.s3.us-west-2.amazonaws.com/DATA-DOCS/miu-hml/documentos/143594/20030370/miuDocumento_959177_Formulasinfatiles.pdf"
996808,"https://miu-documentos.s3.us-west-2.amazonaws.com/DATA-DOCS/miu-hml/documentos/143592/20030370/miuDocumento_959177_Formulasinfatiles.pdf"
996809,"https://miu-documentos.s3.us-west-2.amazonaws.com/DATA-DOCS/miu-hml/documentos/143593/20030370/miuDocumento_959177_Formulasinfatiles.pdf"
996810,"https://miu-documentos.s3.us-west-2.amazonaws.com/DATA-DOCS/miu-hml/documentos/143591/20030370/miuDocumento_962560_2.PlandeatencionNutricionenelembarazo2.pdf"
996811,"https://miu-documentos.s3.us-west-2.amazonaws.com/DATA-DOCS/miu-hml/documentos/143825/20030370/miuDocumento_962560_2.PlandeatencionNutricionenelembarazo2.pdf"
996812,"https://miu-documentos.s3.us-west-2.amazonaws.com/DATA-DOCS/miu-hml/documentos/143594/20030370/miuDocumento_962560_2.PlandeatencionNutricionenelembarazo2.pdf"
996813,"https://miu-documentos.s3.us-west-2.amazonaws.com/DATA-DOCS/miu-hml/documentos/143592/20030370/miuDocumento_962560_2.PlandeatencionNutricionenelembarazo2.pdf"
996814,"https://miu-documentos.s3.us-west-2.amazonaws.com/DATA-DOCS/miu-hml/documentos/143593/20030370/miuDocumento_962560_2.PlandeatencionNutricionenelembarazo2.pdf"
996815,"https://miu-documentos.s3.us-west-2.amazonaws.com/DATA-DOCS/miu-hml/documentos/143591/20030370/miuDocumento_959133_ADAembarazo.pdf"
996816,"https://miu-documentos.s3.us-west-2.amazonaws.com/DATA-DOCS/miu-hml/documentos/143825/20030370/miuDocumento_959133_ADAembarazo.pdf"
996817,"https://miu-documentos.s3.us-west-2.amazonaws.com/DATA-DOCS/miu-hml/documentos/143594/20030370/miuDocumento_959133_ADAembarazo.pdf"
996818,"https://miu-documentos.s3.us-west-2.amazonaws.com/DATA-DOCS/miu-hml/documentos/143592/20030370/miuDocumento_959133_ADAembarazo.pdf"
996819,"https://miu-documentos.s3.us-west-2.amazonaws.com/DATA-DOCS/miu-hml/documentos/143593/20030370/miuDocumento_959133_ADAembarazo.pdf"
996820,"https://miu-documentos.s3.us-west-2.amazonaws.com/DATA-DOCS/miu-hml/documentos/143591/20030370/miuDocumento_963869_3.PlandeAtencionNutricionaldelPacientePediatrico1.pdf"
996821,"https://miu-documentos.s3.us-west-2.amazonaws.com/DATA-DOCS/miu-hml/documentos/143825/20030370/miuDocumento_963869_3.PlandeAtencionNutricionaldelPacientePediatrico1.pdf"
996822,"https://miu-documentos.s3.us-west-2.amazonaws.com/DATA-DOCS/miu-hml/documentos/143594/20030370/miuDocumento_963869_3.PlandeAtencionNutricionaldelPacientePediatrico1.pdf"
996823,"https://miu-documentos.s3.us-west-2.amazonaws.com/DATA-DOCS/miu-hml/documentos/143592/20030370/miuDocumento_963869_3.PlandeAtencionNutricionaldelPacientePediatrico1.pdf"
996824,"https://miu-documentos.s3.us-west-2.amazonaws.com/DATA-DOCS/miu-hml/documentos/143593/20030370/miuDocumento_963869_3.PlandeAtencionNutricionaldelPacientePediatrico1.pdf"
996825,"https://miu-documentos.s3.us-west-2.amazonaws.com/DATA-DOCS/miu-hml/documentos/143591/20030370/miuDocumento_959181_EGSinstrumentoadultos.pdf"
996826,"https://miu-documentos.s3.us-west-2.amazonaws.com/DATA-DOCS/miu-hml/documentos/143825/20030370/miuDocumento_959181_EGSinstrumentoadultos.pdf"
996827,"https://miu-documentos.s3.us-west-2.amazonaws.com/DATA-DOCS/miu-hml/documentos/143594/20030370/miuDocumento_959181_EGSinstrumentoadultos.pdf"
996828,"https://miu-documentos.s3.us-west-2.amazonaws.com/DATA-DOCS/miu-hml/documentos/143592/20030370/miuDocumento_959181_EGSinstrumentoadultos.pdf"
996829,"https://miu-documentos.s3.us-west-2.amazonaws.com/DATA-DOCS/miu-hml/documentos/143593/20030370/miuDocumento_959181_EGSinstrumentoadultos.pdf"
996830,"https://miu-documentos.s3.us-west-2.amazonaws.com/DATA-DOCS/miu-hml/documentos/143591/20030370/miuDocumento_959137_Measurementofgrowthinchildren.pdf"
996831,"https://miu-documentos.s3.us-west-2.amazonaws.com/DATA-DOCS/miu-hml/documentos/143825/20030370/miuDocumento_959137_Measurementofgrowthinchildren.pdf"
996832,"https://miu-documentos.s3.us-west-2.amazonaws.com/DATA-DOCS/miu-hml/documentos/143594/20030370/miuDocumento_959137_Measurementofgrowthinchildren.pdf"
995634,"https://miu-documentos.s3.us-west-2.amazonaws.com/DATA-DOCS/miu-hml/documentos/143595/20040100/miuDocumento_995634_7.AnomaliasMenoresyMayores,GeneticaClinica.pdf"
995635,"https://miu-documentos.s3.us-west-2.amazonaws.com/DATA-DOCS/miu-hml/documentos/143595/20040100/miuDocumento_995634_7.AnomaliasMenoresyMayores,GeneticaClinica.pdf"
995636,"https://miu-documentos.s3.us-west-2.amazonaws.com/DATA-DOCS/miu-hml/documentos/143595/20040100/miuDocumento_995634_7.AnomaliasMenoresyMayores,GeneticaClinica.pdf"
995637,"https://miu-documentos.s3.us-west-2.amazonaws.com/DATA-DOCS/miu-hml/documentos/143595/20040100/miuDocumento_995634_7.AnomaliasMenoresyMayores,GeneticaClinica.pdf"
995727,"https://miu-documentos.s3.us-west-2.amazonaws.com/DATA-DOCS/miu-hml/documentos/143595/20040100/miuDocumento_995727_T3.SindromesNeurocutaneos.pdf"
995728,"https://miu-documentos.s3.us-west-2.amazonaws.com/DATA-DOCS/miu-hml/documentos/143595/20040100/miuDocumento_995727_T3.SindromesNeurocutaneos.pptx"
995729,"https://miu-documentos.s3.us-west-2.amazonaws.com/DATA-DOCS/miu-hml/documentos/143595/20040100/miuDocumento_995727_T3.SindromesNeurocutaneos.pptx"
995731,"https://miu-documentos.s3.us-west-2.amazonaws.com/DATA-DOCS/miu-hml/documentos/143595/20040100/miuDocumento_995727_T3.SindromesNeurocutaneos.pptx"
995732,"https://miu-documentos.s3.us-west-2.amazonaws.com/DATA-DOCS/miu-hml/documentos/143595/20040100/miuDocumento_995727_T3.SindromesNeurocutaneos.pptx"
995741,"https://miu-documentos.s3.us-west-2.amazonaws.com/DATA-DOCS/miu-hml/documentos/143595/20040100/miuDocumento_995741_T5.ErroresInnatosdelMetabolismo.pdf"
995742,"https://miu-documentos.s3.us-west-2.amazonaws.com/DATA-DOCS/miu-hml/documentos/143595/20040100/miuDocumento_995741_T5.ErroresInnatosdelMetabolismo.pptx"
995743,"https://miu-documentos.s3.us-west-2.amazonaws.com/DATA-DOCS/miu-hml/documentos/143595/20040100/miuDocumento_995741_T5.ErroresInnatosdelMetabolismo.pptx"
995744,"https://miu-documentos.s3.us-west-2.amazonaws.com/DATA-DOCS/miu-hml/documentos/143595/20040100/miuDocumento_995741_T5.ErroresInnatosdelMetabolismo.pptx"
995745,"https://miu-documentos.s3.us-west-2.amazonaws.com/DATA-DOCS/miu-hml/documentos/143595/20040100/miuDocumento_995741_T5.ErroresInnatosdelMetabolismo.pptx"
995746,"https://miu-documentos.s3.us-west-2.amazonaws.com/DATA-DOCS/miu-hml/documentos/143595/20040100/miuDocumento_995741_T5.ErroresInnatosdelMetabolismo.pptx"
995762,"https://miu-documentos.s3.us-west-2.amazonaws.com/DATA-DOCS/miu-hml/documentos/143595/20040100/miuDocumento_995762_H2.ArbolGenealogico.pdf"
995763,"https://miu-documentos.s3.us-west-2.amazonaws.com/DATA-DOCS/miu-hml/documentos/143595/20040100/miuDocumento_995762_H2.ArbolGenealogico.pptx"
995764,"https://miu-documentos.s3.us-west-2.amazonaws.com/DATA-DOCS/miu-hml/documentos/143595/20040100/miuDocumento_995762_H2.ArbolGenealogico.pptx"
995765,"https://miu-documentos.s3.us-west-2.amazonaws.com/DATA-DOCS/miu-hml/documentos/143595/20040100/miuDocumento_995762_H2.ArbolGenealogico.pptx"
995766,"https://miu-documentos.s3.us-west-2.amazonaws.com/DATA-DOCS/miu-hml/documentos/143595/20040100/miuDocumento_995762_H2.ArbolGenealogico.pptx"
995767,"https://miu-documentos.s3.us-west-2.amazonaws.com/DATA-DOCS/miu-hml/documentos/143595/20040100/miuDocumento_995762_H2.ArbolGenealogico.pptx"
995768,"https://miu-documentos.s3.us-west-2.amazonaws.com/DATA-DOCS/miu-hml/documentos/143595/20040100/miuDocumento_995762_H2.ArbolGenealogico.pptx"
996833,"https://miu-documentos.s3.us-west-2.amazonaws.com/DATA-DOCS/miu-hml/documentos/143592/20030370/miuDocumento_959137_Measurementofgrowthinchildren.pdf"
996834,"https://miu-documentos.s3.us-west-2.amazonaws.com/DATA-DOCS/miu-hml/documentos/143593/20030370/miuDocumento_959137_Measurementofgrowthinchildren.pdf"
996835,"https://miu-documentos.s3.us-west-2.amazonaws.com/DATA-DOCS/miu-hml/documentos/143591/20030370/miuDocumento_964895_4.Tratamientonutricionaldelpacientecondesnutricion2.pdf"
996836,"https://miu-documentos.s3.us-west-2.amazonaws.com/DATA-DOCS/miu-hml/documentos/143825/20030370/miuDocumento_964895_4.Tratamientonutricionaldelpacientecondesnutricion2.pdf"
996837,"https://miu-documentos.s3.us-west-2.amazonaws.com/DATA-DOCS/miu-hml/documentos/143594/20030370/miuDocumento_964895_4.Tratamientonutricionaldelpacientecondesnutricion2.pdf"
996838,"https://miu-documentos.s3.us-west-2.amazonaws.com/DATA-DOCS/miu-hml/documentos/143592/20030370/miuDocumento_964895_4.Tratamientonutricionaldelpacientecondesnutricion2.pdf"
996839,"https://miu-documentos.s3.us-west-2.amazonaws.com/DATA-DOCS/miu-hml/documentos/143593/20030370/miuDocumento_964895_4.Tratamientonutricionaldelpacientecondesnutricion2.pdf"
996840,"https://miu-documentos.s3.us-west-2.amazonaws.com/DATA-DOCS/miu-hml/documentos/143591/20030370/miuDocumento_959141_Estado-mundial-de-la-infancia.pdf"
996841,"https://miu-documentos.s3.us-west-2.amazonaws.com/DATA-DOCS/miu-hml/documentos/143825/20030370/miuDocumento_959141_Estado-mundial-de-la-infancia.pdf"
996842,"https://miu-documentos.s3.us-west-2.amazonaws.com/DATA-DOCS/miu-hml/documentos/143594/20030370/miuDocumento_959141_Estado-mundial-de-la-infancia.pdf"
996843,"https://miu-documentos.s3.us-west-2.amazonaws.com/DATA-DOCS/miu-hml/documentos/143592/20030370/miuDocumento_959141_Estado-mundial-de-la-infancia.pdf"
996844,"https://miu-documentos.s3.us-west-2.amazonaws.com/DATA-DOCS/miu-hml/documentos/143593/20030370/miuDocumento_959141_Estado-mundial-de-la-infancia.pdf"
996845,"https://miu-documentos.s3.us-west-2.amazonaws.com/DATA-DOCS/miu-hml/documentos/143591/20030370/miuDocumento_965840_5.Alimentacionoralyenteral.pdf"
996846,"https://miu-documentos.s3.us-west-2.amazonaws.com/DATA-DOCS/miu-hml/documentos/143825/20030370/miuDocumento_965840_5.Alimentacionoralyenteral.pdf"
996847,"https://miu-documentos.s3.us-west-2.amazonaws.com/DATA-DOCS/miu-hml/documentos/143594/20030370/miuDocumento_965840_5.Alimentacionoralyenteral.pdf"
996848,"https://miu-documentos.s3.us-west-2.amazonaws.com/DATA-DOCS/miu-hml/documentos/143592/20030370/miuDocumento_965840_5.Alimentacionoralyenteral.pdf"
996849,"https://miu-documentos.s3.us-west-2.amazonaws.com/DATA-DOCS/miu-hml/documentos/143593/20030370/miuDocumento_965840_5.Alimentacionoralyenteral.pdf"
996850,"https://miu-documentos.s3.us-west-2.amazonaws.com/DATA-DOCS/miu-hml/documentos/143591/20030370/miuDocumento_959145_Nutricionenteral.pdf"
996851,"https://miu-documentos.s3.us-west-2.amazonaws.com/DATA-DOCS/miu-hml/documentos/143825/20030370/miuDocumento_959145_Nutricionenteral.pdf"
996852,"https://miu-documentos.s3.us-west-2.amazonaws.com/DATA-DOCS/miu-hml/documentos/143594/20030370/miuDocumento_959145_Nutricionenteral.pdf"
996853,"https://miu-documentos.s3.us-west-2.amazonaws.com/DATA-DOCS/miu-hml/documentos/143592/20030370/miuDocumento_959145_Nutricionenteral.pdf"
996854,"https://miu-documentos.s3.us-west-2.amazonaws.com/DATA-DOCS/miu-hml/documentos/143593/20030370/miuDocumento_959145_Nutricionenteral.pdf"
996855,"https://miu-documentos.s3.us-west-2.amazonaws.com/DATA-DOCS/miu-hml/documentos/143591/20030370/miuDocumento_966777_6.Txnutricionaldelpacienteencuidadointensivo.pdf"
996856,"https://miu-documentos.s3.us-west-2.amazonaws.com/DATA-DOCS/miu-hml/documentos/143825/20030370/miuDocumento_966777_6.Txnutricionaldelpacienteencuidadointensivo.pdf"
996857,"https://miu-documentos.s3.us-west-2.amazonaws.com/DATA-DOCS/miu-hml/documentos/143594/20030370/miuDocumento_966777_6.Txnutricionaldelpacienteencuidadointensivo.pdf"
996858,"https://miu-documentos.s3.us-west-2.amazonaws.com/DATA-DOCS/miu-hml/documentos/143592/20030370/miuDocumento_966777_6.Txnutricionaldelpacienteencuidadointensivo.pdf"
996859,"https://miu-documentos.s3.us-west-2.amazonaws.com/DATA-DOCS/miu-hml/documentos/143593/20030370/miuDocumento_966777_6.Txnutricionaldelpacienteencuidadointensivo.pdf"
996860,"https://miu-documentos.s3.us-west-2.amazonaws.com/DATA-DOCS/miu-hml/documentos/143591/20030370/miuDocumento_959149_refeedingsyndrome(1).pdf"
995747,"https://miu-documentos.s3.us-west-2.amazonaws.com/DATA-DOCS/miu-hml/documentos/143595/20040100/miuDocumento_995741_T5.ErroresInnatosdelMetabolismo.pptx"
995948,"https://miu-documentos.s3.us-west-2.amazonaws.com/DATA-DOCS/miu-hml/documentos/143583/20040100/miuDocumento_995947_6.ResourcesforPharmacogenomics.pdf"
996122,"https://miu-documentos.s3.us-west-2.amazonaws.com/DATA-DOCS/miu-hml/documentos/142930/20260663/miuDocumento_996122_CronogramadeactividadesLaboratorioBiologiaCelular2026-01.pdf"
995379,"https://miu-documentos.s3.us-west-2.amazonaws.com/DATA-DOCS/miu-hml/documentos/143981/12900745/miuDocumento_995379_01.ProgramacionEmilioen26.docx"
996925,"https://miu-documentos.s3.us-west-2.amazonaws.com/DATA-DOCS/miu-hml/documentos/143720/23820040/miuDocumento_996925_dnastructure.9aed.2018.JeffHardinGregoryBertoni-Becker_sWorldoftheCell-Pearson2018.pdf"
996926,"https://miu-documentos.s3.us-west-2.amazonaws.com/DATA-DOCS/miu-hml/documentos/143722/23820040/miuDocumento_996925_dnastructure.9aed.2018.JeffHardinGregoryBertoni-Becker_sWorldoftheCell-Pearson2018.pdf"
996927,"https://miu-documentos.s3.us-west-2.amazonaws.com/DATA-DOCS/miu-hml/documentos/143721/23820040/miuDocumento_996925_dnastructure.9aed.2018.JeffHardinGregoryBertoni-Becker_sWorldoftheCell-Pearson2018.pdf"
996964,"https://miu-documentos.s3.us-west-2.amazonaws.com/DATA-DOCS/miu-hml/documentos/143720/23820040/miuDocumento_996964_transporteactivo.20222018.MolecularBiologyoftheCell6thedition-Alberts-NEW.pdf"
996965,"https://miu-documentos.s3.us-west-2.amazonaws.com/DATA-DOCS/miu-hml/documentos/143722/23820040/miuDocumento_996964_transporteactivo.20222018.MolecularBiologyoftheCell6thedition-Alberts-NEW.pdf"
996966,"https://miu-documentos.s3.us-west-2.amazonaws.com/DATA-DOCS/miu-hml/documentos/143721/23820040/miuDocumento_996964_transporteactivo.20222018.MolecularBiologyoftheCell6thedition-Alberts-NEW.pdf"
996280,"https://miu-documentos.s3.us-west-2.amazonaws.com/DATA-DOCS/miu-hml/documentos/143579/20200573/miuDocumento_996280_Hojadecalificaciondeservicio.pdf"
996282,"https://miu-documentos.s3.us-west-2.amazonaws.com/DATA-DOCS/miu-hml/documentos/143579/20200573/miuDocumento_996282_RubricaCAS.pdf"
996283,"https://miu-documentos.s3.us-west-2.amazonaws.com/DATA-DOCS/miu-hml/documentos/143579/20200573/miuDocumento_996283_RubricaParticipacionenclase.pdf"
996394,"https://miu-documentos.s3.us-west-2.amazonaws.com/DATA-DOCS/miu-hml/documentos/144708/20180351/miuDocumento_996394_4.GaddisJ.L.1986.TheLongPeace-ElementsofStabilityinthePostwarInternationalSystem.pdf"
996397,"https://miu-documentos.s3.us-west-2.amazonaws.com/DATA-DOCS/miu-hml/documentos/144708/20180351/miuDocumento_996397_6.LayneC.1993.TheUnipolarIllusion-WhyNewGreatPowersWillRise.pdf"
996400,"https://miu-documentos.s3.us-west-2.amazonaws.com/DATA-DOCS/miu-hml/documentos/144708/20180351/miuDocumento_996400_9.NSS2017.pdf"
996423,"https://miu-documentos.s3.us-west-2.amazonaws.com/DATA-DOCS/miu-hml/documentos/144708/20180351/miuDocumento_996423_32.SunY.2025.ChinaIsEnjoyingTrump2.0..pdf"
996700,"https://miu-documentos.s3.us-west-2.amazonaws.com/DATA-DOCS/miu-hml/documentos/143679/20100147/miuDocumento_996700_EV.SEMANALTURNOSINT.pdf"
996701,"https://miu-documentos.s3.us-west-2.amazonaws.com/DATA-DOCS/miu-hml/documentos/143865/20100147/miuDocumento_996700_EV.SEMANALTURNOSINT.pdf"
996702,"https://miu-documentos.s3.us-west-2.amazonaws.com/DATA-DOCS/miu-hml/documentos/143683/20100147/miuDocumento_996700_EV.SEMANALTURNOSINT.pdf"
996703,"https://miu-documentos.s3.us-west-2.amazonaws.com/DATA-DOCS/miu-hml/documentos/143682/20100147/miuDocumento_996700_EV.SEMANALTURNOSINT.pdf"
996704,"https://miu-documentos.s3.us-west-2.amazonaws.com/DATA-DOCS/miu-hml/documentos/143681/20100147/miuDocumento_996700_EV.SEMANALTURNOSINT.pdf"
996861,"https://miu-documentos.s3.us-west-2.amazonaws.com/DATA-DOCS/miu-hml/documentos/143825/20030370/miuDocumento_959149_refeedingsyndrome(1).pdf"
996862,"https://miu-documentos.s3.us-west-2.amazonaws.com/DATA-DOCS/miu-hml/documentos/143594/20030370/miuDocumento_959149_refeedingsyndrome(1).pdf"
996863,"https://miu-documentos.s3.us-west-2.amazonaws.com/DATA-DOCS/miu-hml/documentos/143592/20030370/miuDocumento_959149_refeedingsyndrome(1).pdf"
996864,"https://miu-documentos.s3.us-west-2.amazonaws.com/DATA-DOCS/miu-hml/documentos/143593/20030370/miuDocumento_959149_refeedingsyndrome(1).pdf"
996865,"https://miu-documentos.s3.us-west-2.amazonaws.com/DATA-DOCS/miu-hml/documentos/143591/20030370/miuDocumento_959153_Dietary_Fiber_and_Prebiotics_and_the_Gastrointesti.pdf"
996866,"https://miu-documentos.s3.us-west-2.amazonaws.com/DATA-DOCS/miu-hml/documentos/143825/20030370/miuDocumento_959153_Dietary_Fiber_and_Prebiotics_and_the_Gastrointesti.pdf"
996867,"https://miu-documentos.s3.us-west-2.amazonaws.com/DATA-DOCS/miu-hml/documentos/143594/20030370/miuDocumento_959153_Dietary_Fiber_and_Prebiotics_and_the_Gastrointesti.pdf"
996868,"https://miu-documentos.s3.us-west-2.amazonaws.com/DATA-DOCS/miu-hml/documentos/143592/20030370/miuDocumento_959153_Dietary_Fiber_and_Prebiotics_and_the_Gastrointesti.pdf"
996869,"https://miu-documentos.s3.us-west-2.amazonaws.com/DATA-DOCS/miu-hml/documentos/143593/20030370/miuDocumento_959153_Dietary_Fiber_and_Prebiotics_and_the_Gastrointesti.pdf"
996870,"https://miu-documentos.s3.us-west-2.amazonaws.com/DATA-DOCS/miu-hml/documentos/143591/20030370/miuDocumento_967507_7.Tratamientonutricionalenlasenfermedadesdigestivas.pdf"
996871,"https://miu-documentos.s3.us-west-2.amazonaws.com/DATA-DOCS/miu-hml/documentos/143825/20030370/miuDocumento_967507_7.Tratamientonutricionalenlasenfermedadesdigestivas.pdf"
996872,"https://miu-documentos.s3.us-west-2.amazonaws.com/DATA-DOCS/miu-hml/documentos/143594/20030370/miuDocumento_967507_7.Tratamientonutricionalenlasenfermedadesdigestivas.pdf"
996873,"https://miu-documentos.s3.us-west-2.amazonaws.com/DATA-DOCS/miu-hml/documentos/143592/20030370/miuDocumento_967507_7.Tratamientonutricionalenlasenfermedadesdigestivas.pdf"
996874,"https://miu-documentos.s3.us-west-2.amazonaws.com/DATA-DOCS/miu-hml/documentos/143593/20030370/miuDocumento_967507_7.Tratamientonutricionalenlasenfermedadesdigestivas.pdf"
996875,"https://miu-documentos.s3.us-west-2.amazonaws.com/DATA-DOCS/miu-hml/documentos/143591/20030370/miuDocumento_968156_8.TerapiaNutricionaldelPacienteObeso.pdf"
996876,"https://miu-documentos.s3.us-west-2.amazonaws.com/DATA-DOCS/miu-hml/documentos/143825/20030370/miuDocumento_968156_8.TerapiaNutricionaldelPacienteObeso.pdf"
996877,"https://miu-documentos.s3.us-west-2.amazonaws.com/DATA-DOCS/miu-hml/documentos/143594/20030370/miuDocumento_968156_8.TerapiaNutricionaldelPacienteObeso.pdf"
996878,"https://miu-documentos.s3.us-west-2.amazonaws.com/DATA-DOCS/miu-hml/documentos/143592/20030370/miuDocumento_968156_8.TerapiaNutricionaldelPacienteObeso.pdf"
996879,"https://miu-documentos.s3.us-west-2.amazonaws.com/DATA-DOCS/miu-hml/documentos/143593/20030370/miuDocumento_968156_8.TerapiaNutricionaldelPacienteObeso.pdf"
996880,"https://miu-documentos.s3.us-west-2.amazonaws.com/DATA-DOCS/miu-hml/documentos/143591/20030370/miuDocumento_959157_WeightManagementADA.pdf"
996881,"https://miu-documentos.s3.us-west-2.amazonaws.com/DATA-DOCS/miu-hml/documentos/143825/20030370/miuDocumento_959157_WeightManagementADA.pdf"
996882,"https://miu-documentos.s3.us-west-2.amazonaws.com/DATA-DOCS/miu-hml/documentos/143594/20030370/miuDocumento_959157_WeightManagementADA.pdf"
996883,"https://miu-documentos.s3.us-west-2.amazonaws.com/DATA-DOCS/miu-hml/documentos/143592/20030370/miuDocumento_959157_WeightManagementADA.pdf"
996884,"https://miu-documentos.s3.us-west-2.amazonaws.com/DATA-DOCS/miu-hml/documentos/143593/20030370/miuDocumento_959157_WeightManagementADA.pdf"
996885,"https://miu-documentos.s3.us-west-2.amazonaws.com/DATA-DOCS/miu-hml/documentos/143591/20030370/miuDocumento_969088_9y10.TxnutricionaldelpacienteconDMyenfermedadcardiovascular3.pdf"
996886,"https://miu-documentos.s3.us-west-2.amazonaws.com/DATA-DOCS/miu-hml/documentos/143825/20030370/miuDocumento_969088_9y10.TxnutricionaldelpacienteconDMyenfermedadcardiovascular3.pdf"
996705,"https://miu-documentos.s3.us-west-2.amazonaws.com/DATA-DOCS/miu-hml/documentos/143680/20100147/miuDocumento_996700_EV.SEMANALTURNOSINT.pdf"
996706,"https://miu-documentos.s3.us-west-2.amazonaws.com/DATA-DOCS/miu-hml/documentos/143684/20100147/miuDocumento_996700_EV.SEMANALTURNOSINT.pdf"
997030,"https://miu-documentos.s3.us-west-2.amazonaws.com/DATA-DOCS/miu-hml/documentos/143720/23820040/miuDocumento_997030_polimerasasytranscripcio_nI.promotores.9aed.2018.JeffHardinGregoryBertoni-Becker_sWorldoftheCell-Pearson2018.pdf"
997031,"https://miu-documentos.s3.us-west-2.amazonaws.com/DATA-DOCS/miu-hml/documentos/143722/23820040/miuDocumento_997030_polimerasasytranscripcio_nI.promotores.9aed.2018.JeffHardinGregoryBertoni-Becker_sWorldoftheCell-Pearson2018.pdf"
997032,"https://miu-documentos.s3.us-west-2.amazonaws.com/DATA-DOCS/miu-hml/documentos/143721/23820040/miuDocumento_997030_polimerasasytranscripcio_nI.promotores.9aed.2018.JeffHardinGregoryBertoni-Becker_sWorldoftheCell-Pearson2018.pdf"
997111,"https://miu-documentos.s3.us-west-2.amazonaws.com/DATA-DOCS/miu-hml/documentos/143720/23820040/miuDocumento_997111_GOLGI-2021MolecularBiologyoftheCell6thedition-Alberts-NEW.pdf"
997112,"https://miu-documentos.s3.us-west-2.amazonaws.com/DATA-DOCS/miu-hml/documentos/143722/23820040/miuDocumento_997111_GOLGI-2021MolecularBiologyoftheCell6thedition-Alberts-NEW.pdf"
997113,"https://miu-documentos.s3.us-west-2.amazonaws.com/DATA-DOCS/miu-hml/documentos/143721/23820040/miuDocumento_997111_GOLGI-2021MolecularBiologyoftheCell6thedition-Alberts-NEW.pdf"
997151,"https://miu-documentos.s3.us-west-2.amazonaws.com/DATA-DOCS/miu-hml/documentos/143309/20050380/miuDocumento_997151_Wooldridge-Espaol.pdf"
997152,"https://miu-documentos.s3.us-west-2.amazonaws.com/DATA-DOCS/miu-hml/documentos/143310/20050380/miuDocumento_997151_Wooldridge-Espaol.pdf"
997153,"https://miu-documentos.s3.us-west-2.amazonaws.com/DATA-DOCS/miu-hml/documentos/143309/20050380/miuDocumento_997153_Econometria-DamodarN.Gujarati.pdf"
997154,"https://miu-documentos.s3.us-west-2.amazonaws.com/DATA-DOCS/miu-hml/documentos/143310/20050380/miuDocumento_997153_Econometria-DamodarN.Gujarati.pdf"
997158,"https://miu-documentos.s3.us-west-2.amazonaws.com/DATA-DOCS/miu-hml/documentos/143309/20050380/miuDocumento_997158_ENCOVI_2023_Personas.xls"
997159,"https://miu-documentos.s3.us-west-2.amazonaws.com/DATA-DOCS/miu-hml/documentos/143310/20050380/miuDocumento_997158_ENCOVI_2023_Personas.xls"
997181,"https://miu-documentos.s3.us-west-2.amazonaws.com/DATA-DOCS/miu-hml/documentos/144518/20180989/miuDocumento_997181_10.DosalCap2.1871-1898.pdf"
997182,"https://miu-documentos.s3.us-west-2.amazonaws.com/DATA-DOCS/miu-hml/documentos/144519/20180989/miuDocumento_997181_10.DosalCap2.1871-1898.pdf"
997215,"https://miu-documentos.s3.us-west-2.amazonaws.com/DATA-DOCS/miu-hml/documentos/144518/20180989/miuDocumento_997215_12.Micklethwait.Cap.6.pdf"
997216,"https://miu-documentos.s3.us-west-2.amazonaws.com/DATA-DOCS/miu-hml/documentos/144519/20180989/miuDocumento_997215_12.Micklethwait.Cap.6.pdf"
997197,"https://miu-documentos.s3.us-west-2.amazonaws.com/DATA-DOCS/miu-hml/documentos/144544/20050380/miuDocumento_997197_2_DeubelRothAndr.pdf"
997219,"https://miu-documentos.s3.us-west-2.amazonaws.com/DATA-DOCS/miu-hml/documentos/144518/20180989/miuDocumento_997219_14.Micklethwait.Cap.8.pdf"
997220,"https://miu-documentos.s3.us-west-2.amazonaws.com/DATA-DOCS/miu-hml/documentos/144519/20180989/miuDocumento_997219_14.Micklethwait.Cap.8.pdf"
997227,"https://miu-documentos.s3.us-west-2.amazonaws.com/DATA-DOCS/miu-hml/documentos/144248/99000144/miuDocumento_997227_E483966339CONTRATODGA-90E48396633987-2021.pdf"
997232,"https://miu-documentos.s3.us-west-2.amazonaws.com/DATA-DOCS/miu-hml/documentos/143419/20041076/miuDocumento_997232_CalendarioSeminarioAdministracin1A2026.xlsx"
996887,"https://miu-documentos.s3.us-west-2.amazonaws.com/DATA-DOCS/miu-hml/documentos/143594/20030370/miuDocumento_969088_9y10.TxnutricionaldelpacienteconDMyenfermedadcardiovascular3.pdf"
996888,"https://miu-documentos.s3.us-west-2.amazonaws.com/DATA-DOCS/miu-hml/documentos/143592/20030370/miuDocumento_969088_9y10.TxnutricionaldelpacienteconDMyenfermedadcardiovascular3.pdf"
996889,"https://miu-documentos.s3.us-west-2.amazonaws.com/DATA-DOCS/miu-hml/documentos/143593/20030370/miuDocumento_969088_9y10.TxnutricionaldelpacienteconDMyenfermedadcardiovascular3.pdf"
996890,"https://miu-documentos.s3.us-west-2.amazonaws.com/DATA-DOCS/miu-hml/documentos/143591/20030370/miuDocumento_959161_LifestyleManagement_StandardsofMedicalCareinDiabetes_2019.pdf"
996891,"https://miu-documentos.s3.us-west-2.amazonaws.com/DATA-DOCS/miu-hml/documentos/143825/20030370/miuDocumento_959161_LifestyleManagement_StandardsofMedicalCareinDiabetes_2019.pdf"
996892,"https://miu-documentos.s3.us-west-2.amazonaws.com/DATA-DOCS/miu-hml/documentos/143594/20030370/miuDocumento_959161_LifestyleManagement_StandardsofMedicalCareinDiabetes_2019.pdf"
996893,"https://miu-documentos.s3.us-west-2.amazonaws.com/DATA-DOCS/miu-hml/documentos/143592/20030370/miuDocumento_959161_LifestyleManagement_StandardsofMedicalCareinDiabetes_2019.pdf"
996894,"https://miu-documentos.s3.us-west-2.amazonaws.com/DATA-DOCS/miu-hml/documentos/143593/20030370/miuDocumento_959161_LifestyleManagement_StandardsofMedicalCareinDiabetes_2019.pdf"
996895,"https://miu-documentos.s3.us-west-2.amazonaws.com/DATA-DOCS/miu-hml/documentos/143591/20030370/miuDocumento_959165_Dietaryrestrictioninthepreventionandtxofcardiovasculardisease.pdf"
996896,"https://miu-documentos.s3.us-west-2.amazonaws.com/DATA-DOCS/miu-hml/documentos/143825/20030370/miuDocumento_959165_Dietaryrestrictioninthepreventionandtxofcardiovasculardisease.pdf"
996897,"https://miu-documentos.s3.us-west-2.amazonaws.com/DATA-DOCS/miu-hml/documentos/143594/20030370/miuDocumento_959165_Dietaryrestrictioninthepreventionandtxofcardiovasculardisease.pdf"
996898,"https://miu-documentos.s3.us-west-2.amazonaws.com/DATA-DOCS/miu-hml/documentos/143592/20030370/miuDocumento_959165_Dietaryrestrictioninthepreventionandtxofcardiovasculardisease.pdf"
996899,"https://miu-documentos.s3.us-west-2.amazonaws.com/DATA-DOCS/miu-hml/documentos/143593/20030370/miuDocumento_959165_Dietaryrestrictioninthepreventionandtxofcardiovasculardisease.pdf"
996900,"https://miu-documentos.s3.us-west-2.amazonaws.com/DATA-DOCS/miu-hml/documentos/143591/20030370/miuDocumento_969208_Etiquetasnutricionales.pdf"
996901,"https://miu-documentos.s3.us-west-2.amazonaws.com/DATA-DOCS/miu-hml/documentos/143825/20030370/miuDocumento_969208_Etiquetasnutricionales.pdf"
996902,"https://miu-documentos.s3.us-west-2.amazonaws.com/DATA-DOCS/miu-hml/documentos/143594/20030370/miuDocumento_969208_Etiquetasnutricionales.pdf"
996903,"https://miu-documentos.s3.us-west-2.amazonaws.com/DATA-DOCS/miu-hml/documentos/143592/20030370/miuDocumento_969208_Etiquetasnutricionales.pdf"
996904,"https://miu-documentos.s3.us-west-2.amazonaws.com/DATA-DOCS/miu-hml/documentos/143593/20030370/miuDocumento_969208_Etiquetasnutricionales.pdf"
996905,"https://miu-documentos.s3.us-west-2.amazonaws.com/DATA-DOCS/miu-hml/documentos/143591/20030370/miuDocumento_959169_RenalDisease(1).pdf"
996906,"https://miu-documentos.s3.us-west-2.amazonaws.com/DATA-DOCS/miu-hml/documentos/143825/20030370/miuDocumento_959169_RenalDisease(1).pdf"
996907,"https://miu-documentos.s3.us-west-2.amazonaws.com/DATA-DOCS/miu-hml/documentos/143594/20030370/miuDocumento_959169_RenalDisease(1).pdf"
996908,"https://miu-documentos.s3.us-west-2.amazonaws.com/DATA-DOCS/miu-hml/documentos/143592/20030370/miuDocumento_959169_RenalDisease(1).pdf"
996909,"https://miu-documentos.s3.us-west-2.amazonaws.com/DATA-DOCS/miu-hml/documentos/143593/20030370/miuDocumento_959169_RenalDisease(1).pdf"
997163,"https://miu-documentos.s3.us-west-2.amazonaws.com/DATA-DOCS/miu-hml/documentos/144518/20180989/miuDocumento_997163_1.Micklethwait.Intro.pdf"
997243,"https://miu-documentos.s3.us-west-2.amazonaws.com/DATA-DOCS/miu-hml/documentos/143672/20161353/miuDocumento_958221_InstrumentoExamenProfesionalareaclinica-MEDICINAINTERNA_959191_969502_974179_980070_986807_993865.pdf"
997244,"https://miu-documentos.s3.us-west-2.amazonaws.com/DATA-DOCS/miu-hml/documentos/143867/20161353/miuDocumento_958221_InstrumentoExamenProfesionalareaclinica-MEDICINAINTERNA_959191_969502_974179_980070_986807_993865.pdf"
997245,"https://miu-documentos.s3.us-west-2.amazonaws.com/DATA-DOCS/miu-hml/documentos/143672/20161353/miuDocumento_958222_RubricaCAS_959192_969504_974181_980072_986808_993867.pdf"
997246,"https://miu-documentos.s3.us-west-2.amazonaws.com/DATA-DOCS/miu-hml/documentos/143867/20161353/miuDocumento_958222_RubricaCAS_959192_969504_974181_980072_986808_993867.pdf"
997247,"https://miu-documentos.s3.us-west-2.amazonaws.com/DATA-DOCS/miu-hml/documentos/143672/20161353/miuDocumento_958223_PlantillaEvaluacionAuditoriasPresenciales_959193_969506_974183_980074_986809_993869.pdf"
997248,"https://miu-documentos.s3.us-west-2.amazonaws.com/DATA-DOCS/miu-hml/documentos/143867/20161353/miuDocumento_958223_PlantillaEvaluacionAuditoriasPresenciales_959193_969506_974183_980074_986809_993869.pdf"
997249,"https://miu-documentos.s3.us-west-2.amazonaws.com/DATA-DOCS/miu-hml/documentos/143672/20161353/miuDocumento_958224_NOTASDESERVICIOINTERNADOUFM-IGSS_959194_969508_974185_980076_986810_993871.pdf"
997250,"https://miu-documentos.s3.us-west-2.amazonaws.com/DATA-DOCS/miu-hml/documentos/143867/20161353/miuDocumento_958224_NOTASDESERVICIOINTERNADOUFM-IGSS_959194_969508_974185_980076_986810_993871.pdf"
997251,"https://miu-documentos.s3.us-west-2.amazonaws.com/DATA-DOCS/miu-hml/documentos/143672/20161353/miuDocumento_958225_PlantillaEvaluacionLecturadeRevistas_959195_969510_974187_980078_986811_993873.pdf"
997252,"https://miu-documentos.s3.us-west-2.amazonaws.com/DATA-DOCS/miu-hml/documentos/143867/20161353/miuDocumento_958225_PlantillaEvaluacionLecturadeRevistas_959195_969510_974187_980078_986811_993873.pdf"
997253,"https://miu-documentos.s3.us-west-2.amazonaws.com/DATA-DOCS/miu-hml/documentos/143672/20161353/miuDocumento_958226_RubricaParticipacionenclase_959196_969512_974189_980080_986812_993875.pdf"
997254,"https://miu-documentos.s3.us-west-2.amazonaws.com/DATA-DOCS/miu-hml/documentos/143867/20161353/miuDocumento_958226_RubricaParticipacionenclase_959196_969512_974189_980080_986812_993875.pdf"
997265,"https://miu-documentos.s3.us-west-2.amazonaws.com/DATA-DOCS/miu-hml/documentos/143415/97000473/miuDocumento_997265_Lectura5.CasoRedLobster.pdf"
997271,"https://miu-documentos.s3.us-west-2.amazonaws.com/DATA-DOCS/miu-hml/documentos/142918/12890465/miuDocumento_997271_criteriosdeevaluacinsocrticaRCM.docx"
997276,"https://miu-documentos.s3.us-west-2.amazonaws.com/DATA-DOCS/miu-hml/documentos/142917/12890465/miuDocumento_997276_2.SamuelSolonpp.16-43.pdf"
997344,"https://miu-documentos.s3.us-west-2.amazonaws.com/DATA-DOCS/miu-hml/documentos/143772/20151104/miuDocumento_997344_ReglamentoyManualdeusuariosdelabBM_20200210.pdf"
997345,"https://miu-documentos.s3.us-west-2.amazonaws.com/DATA-DOCS/miu-hml/documentos/143773/20151104/miuDocumento_997344_ReglamentoyManualdeusuariosdelabBM_20200210.pdf"
997354,"https://miu-documentos.s3.us-west-2.amazonaws.com/DATA-DOCS/miu-hml/documentos/144221/97000142/miuDocumento_997354_ProgramaObligacionesCivilesII2026.docx"
997355,"https://miu-documentos.s3.us-west-2.amazonaws.com/DATA-DOCS/miu-hml/documentos/144222/97000142/miuDocumento_997354_ProgramaObligacionesCivilesII2026.docx"
997394,"https://miu-documentos.s3.us-west-2.amazonaws.com/DATA-DOCS/miu-hml/documentos/143563/20131039/miuDocumento_997394_1.InformacindelCurso.pdf"
997395,"https://miu-documentos.s3.us-west-2.amazonaws.com/DATA-DOCS/miu-hml/documentos/143562/20131039/miuDocumento_997394_1.InformacindelCurso.pdf"
997396,"https://miu-documentos.s3.us-west-2.amazonaws.com/DATA-DOCS/miu-hml/documentos/143561/20131039/miuDocumento_997394_1.InformacindelCurso.pdf"
997511,"https://miu-documentos.s3.us-west-2.amazonaws.com/DATA-DOCS/miu-hml/documentos/143979/20020131/miuDocumento_997511_ProgramaCursoElComercianteSocial2026.pdf"
997512,"https://miu-documentos.s3.us-west-2.amazonaws.com/DATA-DOCS/miu-hml/documentos/143980/20020131/miuDocumento_997511_ProgramaCursoElComercianteSocial2026.pdf"
997164,"https://miu-documentos.s3.us-west-2.amazonaws.com/DATA-DOCS/miu-hml/documentos/144519/20180989/miuDocumento_997163_1.Micklethwait.Intro.pdf"
997425,"https://miu-documentos.s3.us-west-2.amazonaws.com/DATA-DOCS/miu-hml/documentos/143699/30920008/miuDocumento_959235_1_Programa_Corporate_GovernanceEPRI.pdf"
997426,"https://miu-documentos.s3.us-west-2.amazonaws.com/DATA-DOCS/miu-hml/documentos/143699/30920008/miuDocumento_889429_Clase1aIntroduccion_al_cursoALUMNO_924108_959236.pptx"
997198,"https://miu-documentos.s3.us-west-2.amazonaws.com/DATA-DOCS/miu-hml/documentos/144544/20050380/miuDocumento_997198_3rboldeproblemayreasdeintervencin..pdf"
997199,"https://miu-documentos.s3.us-west-2.amazonaws.com/DATA-DOCS/miu-hml/documentos/144544/20050380/miuDocumento_997199_4.TallerMapeo_C40.pdf"
997201,"https://miu-documentos.s3.us-west-2.amazonaws.com/DATA-DOCS/miu-hml/documentos/144248/99000144/miuDocumento_997201_2026LEYDECONTRATACIONESDELESTADODECRETO57-92.pdf"
997202,"https://miu-documentos.s3.us-west-2.amazonaws.com/DATA-DOCS/miu-hml/documentos/144249/99000144/miuDocumento_997201_2026LEYDECONTRATACIONESDELESTADODECRETO57-92.pdf"
997203,"https://miu-documentos.s3.us-west-2.amazonaws.com/DATA-DOCS/miu-hml/documentos/144248/99000144/miuDocumento_997203_2026REGLAMENTODELALEYDECONTRATACIONESDELESTADO.pdf"
997204,"https://miu-documentos.s3.us-west-2.amazonaws.com/DATA-DOCS/miu-hml/documentos/144249/99000144/miuDocumento_997203_2026REGLAMENTODELALEYDECONTRATACIONESDELESTADO.pdf"
997427,"https://miu-documentos.s3.us-west-2.amazonaws.com/DATA-DOCS/miu-hml/documentos/143699/30920008/miuDocumento_891172_Clase1bModelodelAgenteManoso_924112_959238.pptx"
997428,"https://miu-documentos.s3.us-west-2.amazonaws.com/DATA-DOCS/miu-hml/documentos/143699/30920008/miuDocumento_959239_CurriculumCM2024formatoacademico.pdf"
997429,"https://miu-documentos.s3.us-west-2.amazonaws.com/DATA-DOCS/miu-hml/documentos/143699/30920008/miuDocumento_775902_LecturasCasos1_813676_852503_889433_924114_959237.zip"
997430,"https://miu-documentos.s3.us-west-2.amazonaws.com/DATA-DOCS/miu-hml/documentos/143699/30920008/miuDocumento_891174_Clase1cQueeselcorporategovernanceysuimportancia_924118_959242.pptx"
997431,"https://miu-documentos.s3.us-west-2.amazonaws.com/DATA-DOCS/miu-hml/documentos/143699/30920008/miuDocumento_775903_LecturasCasos2_813678_852504_889439_924115_959241.zip"
997432,"https://miu-documentos.s3.us-west-2.amazonaws.com/DATA-DOCS/miu-hml/documentos/143699/30920008/miuDocumento_775900_GLOSARIODECASOSCOMPARTIDOSENFBactualizadoafebrero2019_813677_852506_889437_924116_959240.pdf"
997433,"https://miu-documentos.s3.us-west-2.amazonaws.com/DATA-DOCS/miu-hml/documentos/143699/30920008/miuDocumento_783528_LecturasCasos3_813681_852507_889443_924122_959243.zip"
997434,"https://miu-documentos.s3.us-west-2.amazonaws.com/DATA-DOCS/miu-hml/documentos/143699/30920008/miuDocumento_889435_Clase2aEmprendedoresyelpropositodesunegocio-OFICIAL_924119_959244.pptx"
997435,"https://miu-documentos.s3.us-west-2.amazonaws.com/DATA-DOCS/miu-hml/documentos/143699/30920008/miuDocumento_894871_2022-01-25-gobernanzacorporativa-codigodecomercio_924120_959245.pptx"
997436,"https://miu-documentos.s3.us-west-2.amazonaws.com/DATA-DOCS/miu-hml/documentos/143699/30920008/miuDocumento_783527_Clase2bDefiniendolaporciondelemprendedorydelinversionista_813679_852505_889441_924124_959247.pptx"
997437,"https://miu-documentos.s3.us-west-2.amazonaws.com/DATA-DOCS/miu-hml/documentos/143699/30920008/miuDocumento_785971_Clase3LacunadecontroldeZuckerberg_813683_852510_889449_924123_959246.xlsx"
997438,"https://miu-documentos.s3.us-west-2.amazonaws.com/DATA-DOCS/miu-hml/documentos/143699/30920008/miuDocumento_889454_Leadershipthatgetsresults_924127_959249.pdf"
997439,"https://miu-documentos.s3.us-west-2.amazonaws.com/DATA-DOCS/miu-hml/documentos/143699/30920008/miuDocumento_784930_Clase3aUnateoriaparaeltipodeaccionesyregladevotacion_813680_852508_889445_924126_959248.pptx"
997440,"https://miu-documentos.s3.us-west-2.amazonaws.com/DATA-DOCS/miu-hml/documentos/143699/30920008/miuDocumento_889453_LecturasCompensacion_924128_959250.zip"
997441,"https://miu-documentos.s3.us-west-2.amazonaws.com/DATA-DOCS/miu-hml/documentos/143699/30920008/miuDocumento_785970_Clase3bElcontenidodelaleyylagobernanzacorporativa2016_813682_852509_889447_924129_959251.pptx"
997442,"https://miu-documentos.s3.us-west-2.amazonaws.com/DATA-DOCS/miu-hml/documentos/143699/30920008/miuDocumento_790004_Clase4Empresasfamiliares-FCE_813684_852511_889451_924130_959252.pptx"
995380,"https://miu-documentos.s3.us-west-2.amazonaws.com/DATA-DOCS/miu-hml/documentos/143981/12900745/miuDocumento_995379_01.ProgramacionEmilioen26.docx"
995381,"https://miu-documentos.s3.us-west-2.amazonaws.com/DATA-DOCS/miu-hml/documentos/143981/12900745/miuDocumento_995381_02.ContratacionGerente.docx"
995382,"https://miu-documentos.s3.us-west-2.amazonaws.com/DATA-DOCS/miu-hml/documentos/143981/12900745/miuDocumento_995381_02.ContratacionGerente.docx"
995386,"https://miu-documentos.s3.us-west-2.amazonaws.com/DATA-DOCS/miu-hml/documentos/143023/20241404/miuDocumento_995386_4.InstruccionesReuniondeCierrePE2026.pdf"
995406,"https://miu-documentos.s3.us-west-2.amazonaws.com/DATA-DOCS/miu-hml/documentos/143597/20090970/miuDocumento_995406_BeyondGoodandEvilPreludetoaPhilosophyoftheFuture.pdf"
995614,"https://miu-documentos.s3.us-west-2.amazonaws.com/DATA-DOCS/miu-hml/documentos/143595/20040100/miuDocumento_995614_2.ElaboraciondeArboles,GeneticaClinica.pdf"
995615,"https://miu-documentos.s3.us-west-2.amazonaws.com/DATA-DOCS/miu-hml/documentos/143595/20040100/miuDocumento_995614_2.ElaboraciondeArboles,GeneticaClinica.pdf"
995616,"https://miu-documentos.s3.us-west-2.amazonaws.com/DATA-DOCS/miu-hml/documentos/143595/20040100/miuDocumento_995614_2.ElaboraciondeArboles,GeneticaClinica.pdf"
995617,"https://miu-documentos.s3.us-west-2.amazonaws.com/DATA-DOCS/miu-hml/documentos/143595/20040100/miuDocumento_995614_2.ElaboraciondeArboles,GeneticaClinica.pdf"
995618,"https://miu-documentos.s3.us-west-2.amazonaws.com/DATA-DOCS/miu-hml/documentos/143595/20040100/miuDocumento_995618_3.PatronesdeHerencia,GeneticaClinica.pdf"
995619,"https://miu-documentos.s3.us-west-2.amazonaws.com/DATA-DOCS/miu-hml/documentos/143595/20040100/miuDocumento_995618_3.PatronesdeHerencia,GeneticaClinica.pdf"
997541,"https://miu-documentos.s3.us-west-2.amazonaws.com/DATA-DOCS/miu-hml/documentos/143979/20020131/miuDocumento_997541_FormatoCuadroGeneralTiposSocietarios.docx"
997542,"https://miu-documentos.s3.us-west-2.amazonaws.com/DATA-DOCS/miu-hml/documentos/143980/20020131/miuDocumento_997541_FormatoCuadroGeneralTiposSocietarios.docx"
997546,"https://miu-documentos.s3.us-west-2.amazonaws.com/DATA-DOCS/miu-hml/documentos/144723/21810012/miuDocumento_997546_CLO1Lecturaprincipal5ElacuerdoarbitralAlvaroCastellanos.pdf"
997549,"https://miu-documentos.s3.us-west-2.amazonaws.com/DATA-DOCS/miu-hml/documentos/143460/22880028/miuDocumento_997549_Investments_10E_by_Bodie_Kane_Marcus2.pdf"
997554,"https://miu-documentos.s3.us-west-2.amazonaws.com/DATA-DOCS/miu-hml/documentos/143460/22880028/miuDocumento_997554_2026_PresentacinFondos.pdf"
997569,"https://miu-documentos.s3.us-west-2.amazonaws.com/DATA-DOCS/miu-hml/documentos/143379/30910351/miuDocumento_997569_Grandesideasenlaeconomia2025.pptx"
997574,"https://miu-documentos.s3.us-west-2.amazonaws.com/DATA-DOCS/miu-hml/documentos/142925/20140469/miuDocumento_997574_2.Helfert-FinancialAnalysisToolsandTechniques.pdf"
997575,"https://miu-documentos.s3.us-west-2.amazonaws.com/DATA-DOCS/miu-hml/documentos/142925/20140469/miuDocumento_997575_3.Mary_Buffett_David_Clark_Warren_Buffett_and_the.pdf"
997577,"https://miu-documentos.s3.us-west-2.amazonaws.com/DATA-DOCS/miu-hml/documentos/143636/20190609/miuDocumento_889807_Libro_AlexisdeTocqueville-lademocraciaenamericacompleto_959311.pdf"
997578,"https://miu-documentos.s3.us-west-2.amazonaws.com/DATA-DOCS/miu-hml/documentos/144642/20190609/miuDocumento_889807_Libro_AlexisdeTocqueville-lademocraciaenamericacompleto_959311.pdf"
997579,"https://miu-documentos.s3.us-west-2.amazonaws.com/DATA-DOCS/miu-hml/documentos/143636/20190609/miuDocumento_889335_miuDocumento_851710_Turnitin-ManualEstudiantes(1)_959312.pdf"
997580,"https://miu-documentos.s3.us-west-2.amazonaws.com/DATA-DOCS/miu-hml/documentos/144642/20190609/miuDocumento_889335_miuDocumento_851710_Turnitin-ManualEstudiantes(1)_959312.pdf"
997581,"https://miu-documentos.s3.us-west-2.amazonaws.com/DATA-DOCS/miu-hml/documentos/143636/20190609/miuDocumento_774455_Comoescribiruntrabajodefilosofia1_923313_959313.pdf"
997582,"https://miu-documentos.s3.us-west-2.amazonaws.com/DATA-DOCS/miu-hml/documentos/144642/20190609/miuDocumento_774455_Comoescribiruntrabajodefilosofia1_923313_959313.pdf"
997601,"https://miu-documentos.s3.us-west-2.amazonaws.com/DATA-DOCS/miu-hml/documentos/143286/20140469/miuDocumento_997601_AccountingMadeSimple-Accountingexplainedin100pagesorless.pdf"
997605,"https://miu-documentos.s3.us-west-2.amazonaws.com/DATA-DOCS/miu-hml/documentos/143259/20100914/miuDocumento_997605_ArchivosTarea01.zip"
997606,"https://miu-documentos.s3.us-west-2.amazonaws.com/DATA-DOCS/miu-hml/documentos/143260/20100914/miuDocumento_997605_ArchivosTarea01.zip"
997607,"https://miu-documentos.s3.us-west-2.amazonaws.com/DATA-DOCS/miu-hml/documentos/143809/20100914/miuDocumento_997605_ArchivosTarea01.zip"
997611,"https://miu-documentos.s3.us-west-2.amazonaws.com/DATA-DOCS/miu-hml/documentos/143259/20100914/miuDocumento_997611_ArchivosTarea03.zip"
997612,"https://miu-documentos.s3.us-west-2.amazonaws.com/DATA-DOCS/miu-hml/documentos/143260/20100914/miuDocumento_997611_ArchivosTarea03.zip"
997613,"https://miu-documentos.s3.us-west-2.amazonaws.com/DATA-DOCS/miu-hml/documentos/143809/20100914/miuDocumento_997611_ArchivosTarea03.zip"
997620,"https://miu-documentos.s3.us-west-2.amazonaws.com/DATA-DOCS/miu-hml/documentos/142892/20190609/miuDocumento_841824_Turnitin-ManualEstudiantes_890151_959322.pdf"
997621,"https://miu-documentos.s3.us-west-2.amazonaws.com/DATA-DOCS/miu-hml/documentos/142893/20190609/miuDocumento_841824_Turnitin-ManualEstudiantes_890151_959322.pdf"
995397,"https://miu-documentos.s3.us-west-2.amazonaws.com/DATA-DOCS/miu-hml/documentos/143253/20021249/miuDocumento_995397_01BonosAccionesyTecnicasdeValuacion2025.pdf"
995606,"https://miu-documentos.s3.us-west-2.amazonaws.com/DATA-DOCS/miu-hml/documentos/144646/20210445/miuDocumento_995606_AlchianKlein-OnaCorrectMeasureofInflation.pdf"
995887,"https://miu-documentos.s3.us-west-2.amazonaws.com/DATA-DOCS/miu-hml/documentos/143583/20040100/miuDocumento_995887_VancouverReferenceGuide.pdf"
995888,"https://miu-documentos.s3.us-west-2.amazonaws.com/DATA-DOCS/miu-hml/documentos/143583/20040100/miuDocumento_995887_VancouverReferenceGuide.pdf"
995889,"https://miu-documentos.s3.us-west-2.amazonaws.com/DATA-DOCS/miu-hml/documentos/143583/20040100/miuDocumento_995887_VancouverReferenceGuide.pdf"
997443,"https://miu-documentos.s3.us-west-2.amazonaws.com/DATA-DOCS/miu-hml/documentos/143699/30920008/miuDocumento_889455_GRETLcompensacion(1)_924131_959253.xlsx"
997444,"https://miu-documentos.s3.us-west-2.amazonaws.com/DATA-DOCS/miu-hml/documentos/143699/30920008/miuDocumento_937561_Clase5JuntasDirectivas_959254.pptx"
997445,"https://miu-documentos.s3.us-west-2.amazonaws.com/DATA-DOCS/miu-hml/documentos/143699/30920008/miuDocumento_937563_Clase6ContratosdeCompensacion_959255.pptx"
997520,"https://miu-documentos.s3.us-west-2.amazonaws.com/DATA-DOCS/miu-hml/documentos/144008/C0016630/miuDocumento_997520_AcentuacionJennifer.pptx"
997521,"https://miu-documentos.s3.us-west-2.amazonaws.com/DATA-DOCS/miu-hml/documentos/144009/C0016630/miuDocumento_997520_AcentuacionJennifer.pptx"
997534,"https://miu-documentos.s3.us-west-2.amazonaws.com/DATA-DOCS/miu-hml/documentos/143979/20020131/miuDocumento_997534_Lectura4-EstudiodeDerechoSocietario.pdf"
997535,"https://miu-documentos.s3.us-west-2.amazonaws.com/DATA-DOCS/miu-hml/documentos/143980/20020131/miuDocumento_997534_Lectura4-EstudiodeDerechoSocietario.pdf"
997562,"https://miu-documentos.s3.us-west-2.amazonaws.com/DATA-DOCS/miu-hml/documentos/143375/20130088/miuDocumento_997562_Clase1.pdf"
997557,"https://miu-documentos.s3.us-west-2.amazonaws.com/DATA-DOCS/miu-hml/documentos/143460/22880028/miuDocumento_997557_2026_InversionesAlternativas_v01.pdf"
997558,"https://miu-documentos.s3.us-west-2.amazonaws.com/DATA-DOCS/miu-hml/documentos/143460/22880028/miuDocumento_997558_2026_ProgramadelCurso_TeoriadeInversiones.pdf"
997563,"https://miu-documentos.s3.us-west-2.amazonaws.com/DATA-DOCS/miu-hml/documentos/143376/20130088/miuDocumento_997562_Clase1.pdf"
997590,"https://miu-documentos.s3.us-west-2.amazonaws.com/DATA-DOCS/miu-hml/documentos/144062/20100579/miuDocumento_997590_ProgramaHC.pdf"
997641,"https://miu-documentos.s3.us-west-2.amazonaws.com/DATA-DOCS/miu-hml/documentos/144697/20180351/miuDocumento_997641_FrankA.G.LatinAmericaundervelopmentorrevolution.pdf"
997642,"https://miu-documentos.s3.us-west-2.amazonaws.com/DATA-DOCS/miu-hml/documentos/144697/20180351/miuDocumento_997642_From-Mobilization-to-Revolution-by-Charles-Tilly-1.pdf"
997648,"https://miu-documentos.s3.us-west-2.amazonaws.com/DATA-DOCS/miu-hml/documentos/143711/20220110/miuDocumento_997648_Governingtheircommons-ElinorandVincentOstromandtheBloomingtonSchool.pdf"
997649,"https://miu-documentos.s3.us-west-2.amazonaws.com/DATA-DOCS/miu-hml/documentos/143711/20220110/miuDocumento_997649_PublicAdministrationPublicChoiceandtheOstroms-theachievementsthefailurethepromise.pdf"
997671,"https://miu-documentos.s3.us-west-2.amazonaws.com/DATA-DOCS/miu-hml/documentos/143697/20040078/miuDocumento_962612_miuDocumento_926402_miuDocumento_894956_RCQI_Resource_Guide.pdf"
997672,"https://miu-documentos.s3.us-west-2.amazonaws.com/DATA-DOCS/miu-hml/documentos/143861/20040078/miuDocumento_962612_miuDocumento_926402_miuDocumento_894956_RCQI_Resource_Guide.pdf"
997673,"https://miu-documentos.s3.us-west-2.amazonaws.com/DATA-DOCS/miu-hml/documentos/143856/20040078/miuDocumento_962612_miuDocumento_926402_miuDocumento_894956_RCQI_Resource_Guide.pdf"
997674,"https://miu-documentos.s3.us-west-2.amazonaws.com/DATA-DOCS/miu-hml/documentos/143701/20040078/miuDocumento_962612_miuDocumento_926402_miuDocumento_894956_RCQI_Resource_Guide.pdf"
997675,"https://miu-documentos.s3.us-west-2.amazonaws.com/DATA-DOCS/miu-hml/documentos/143700/20040078/miuDocumento_962612_miuDocumento_926402_miuDocumento_894956_RCQI_Resource_Guide.pdf"
997691,"https://miu-documentos.s3.us-west-2.amazonaws.com/DATA-DOCS/miu-hml/documentos/144612/20190609/miuDocumento_977443_Filosofosgriegos_984789.zip"
997692,"https://miu-documentos.s3.us-west-2.amazonaws.com/DATA-DOCS/miu-hml/documentos/144612/20190609/miuDocumento_982219_FilosofosAntiguosyModernos-MorisPolanco.pdf"
997693,"https://miu-documentos.s3.us-west-2.amazonaws.com/DATA-DOCS/miu-hml/documentos/144612/20190609/miuDocumento_760677_MariasJulian-HistoriaDeLaFilosofia(3)_774448_976497_981784.PDF"
998013,"https://miu-documentos.s3.us-west-2.amazonaws.com/DATA-DOCS/miu-hml/documentos/143736/20090036/miuDocumento_998013_PPICInstrucciones2026.docx"
997622,"https://miu-documentos.s3.us-west-2.amazonaws.com/DATA-DOCS/miu-hml/documentos/142892/20190609/miuDocumento_873145_Comonoscontrolanlasclasesdominantes(1)_890153_959324.pdf"
997623,"https://miu-documentos.s3.us-west-2.amazonaws.com/DATA-DOCS/miu-hml/documentos/142893/20190609/miuDocumento_873145_Comonoscontrolanlasclasesdominantes(1)_890153_959324.pdf"
997700,"https://miu-documentos.s3.us-west-2.amazonaws.com/DATA-DOCS/miu-hml/documentos/143512/20050531/miuDocumento_997700_Daniel_Cassany_La_cocina_de_la_escriturab-ok.org.pdf"
997738,"https://miu-documentos.s3.us-west-2.amazonaws.com/DATA-DOCS/miu-hml/documentos/143324/20240700/miuDocumento_997738_IntegralesFormulario.pdf"
997739,"https://miu-documentos.s3.us-west-2.amazonaws.com/DATA-DOCS/miu-hml/documentos/143323/20240700/miuDocumento_997738_IntegralesFormulario.pdf"
997798,"https://miu-documentos.s3.us-west-2.amazonaws.com/DATA-DOCS/miu-hml/documentos/144605/20151049/miuDocumento_997798_Frieden.Capitalismoglobal..pdf"
997801,"https://miu-documentos.s3.us-west-2.amazonaws.com/DATA-DOCS/miu-hml/documentos/144605/20151049/miuDocumento_997801_Nakamoto.pdf"
997803,"https://miu-documentos.s3.us-west-2.amazonaws.com/DATA-DOCS/miu-hml/documentos/144605/20151049/miuDocumento_997803_Satia.EmpireofGuns.pdf"
997813,"https://miu-documentos.s3.us-west-2.amazonaws.com/DATA-DOCS/miu-hml/documentos/143318/20220206/miuDocumento_997813_ElProcesoEconmico-ExposicindeMotivoseIntro.pdf"
997819,"https://miu-documentos.s3.us-west-2.amazonaws.com/DATA-DOCS/miu-hml/documentos/144782/12890465/miuDocumento_997819_1.TheEndofIRTheoryDunne-Hanson-Wight.pdf"
997821,"https://miu-documentos.s3.us-west-2.amazonaws.com/DATA-DOCS/miu-hml/documentos/144782/12890465/miuDocumento_997821_TheEndofDemocraticPeaceTheoryStephenM.Walt.docx"
997832,"https://miu-documentos.s3.us-west-2.amazonaws.com/DATA-DOCS/miu-hml/documentos/144262/22950328/miuDocumento_997832_LECTURA1-IntroductiontoStrategyHarvard.pdf"
997896,"https://miu-documentos.s3.us-west-2.amazonaws.com/DATA-DOCS/miu-hml/documentos/142830/98000341/miuDocumento_961612_Jeffrey_Okeson_Management_of_Temporomand8ed.pdf"
997897,"https://miu-documentos.s3.us-west-2.amazonaws.com/DATA-DOCS/miu-hml/documentos/142830/98000341/miuDocumento_961613_TOMO1DAWSON.pdf"
997898,"https://miu-documentos.s3.us-west-2.amazonaws.com/DATA-DOCS/miu-hml/documentos/142830/98000341/miuDocumento_961614_TOMO2DAWSON.pdf"
997899,"https://miu-documentos.s3.us-west-2.amazonaws.com/DATA-DOCS/miu-hml/documentos/142830/98000341/miuDocumento_961618_OclusionMcNeill.pdf"
997900,"https://miu-documentos.s3.us-west-2.amazonaws.com/DATA-DOCS/miu-hml/documentos/142830/98000341/miuDocumento_957910_Fundamentalsoffixedprosthodontics.pdf"
997915,"https://miu-documentos.s3.us-west-2.amazonaws.com/DATA-DOCS/miu-hml/documentos/143873/20170280/miuDocumento_997915_Tarea4-Fundamentos.pdf"
997916,"https://miu-documentos.s3.us-west-2.amazonaws.com/DATA-DOCS/miu-hml/documentos/143874/20170280/miuDocumento_997915_Tarea4-Fundamentos.pdf"
997917,"https://miu-documentos.s3.us-west-2.amazonaws.com/DATA-DOCS/miu-hml/documentos/143875/20170280/miuDocumento_997915_Tarea4-Fundamentos.pdf"
997924,"https://miu-documentos.s3.us-west-2.amazonaws.com/DATA-DOCS/miu-hml/documentos/143873/20170280/miuDocumento_997924_Tarea9-Funcionesexponencialesylogaritmicas.pdf"
997925,"https://miu-documentos.s3.us-west-2.amazonaws.com/DATA-DOCS/miu-hml/documentos/143874/20170280/miuDocumento_997924_Tarea9-Funcionesexponencialesylogaritmicas.pdf"
997926,"https://miu-documentos.s3.us-west-2.amazonaws.com/DATA-DOCS/miu-hml/documentos/143875/20170280/miuDocumento_997924_Tarea9-Funcionesexponencialesylogaritmicas.pdf"
997948,"https://miu-documentos.s3.us-west-2.amazonaws.com/DATA-DOCS/miu-hml/documentos/143257/20060096/miuDocumento_997948_01ReglasEvaluacionesFinanciera2026.pdf"
997949,"https://miu-documentos.s3.us-west-2.amazonaws.com/DATA-DOCS/miu-hml/documentos/143762/20190190/miuDocumento_997949_mental-status-examination.pdf"
995890,"https://miu-documentos.s3.us-west-2.amazonaws.com/DATA-DOCS/miu-hml/documentos/143583/20040100/miuDocumento_995887_VancouverReferenceGuide.pdf"
995891,"https://miu-documentos.s3.us-west-2.amazonaws.com/DATA-DOCS/miu-hml/documentos/143583/20040100/miuDocumento_995887_VancouverReferenceGuide.pdf"
995999,"https://miu-documentos.s3.us-west-2.amazonaws.com/DATA-DOCS/miu-hml/documentos/144827/20230676/miuDocumento_995999_prompter.jpg"
996160,"https://miu-documentos.s3.us-west-2.amazonaws.com/DATA-DOCS/miu-hml/documentos/144844/20110699/miuDocumento_996160_Class12_BerkshirePartners-20251218T033803Z-3-001.zip"
996088,"https://miu-documentos.s3.us-west-2.amazonaws.com/DATA-DOCS/miu-hml/documentos/143587/20021275/miuDocumento_996088_1CronogramabarbaraBarbaraeneromarzo2026.xlsx"
996090,"https://miu-documentos.s3.us-west-2.amazonaws.com/DATA-DOCS/miu-hml/documentos/143589/20021275/miuDocumento_996088_1CronogramabarbaraBarbaraeneromarzo2026.xlsx"
996091,"https://miu-documentos.s3.us-west-2.amazonaws.com/DATA-DOCS/miu-hml/documentos/143588/20021275/miuDocumento_996088_1CronogramabarbaraBarbaraeneromarzo2026.xlsx"
996092,"https://miu-documentos.s3.us-west-2.amazonaws.com/DATA-DOCS/miu-hml/documentos/143590/20021275/miuDocumento_996088_1CronogramabarbaraBarbaraeneromarzo2026.xlsx"
995955,"https://miu-documentos.s3.us-west-2.amazonaws.com/DATA-DOCS/miu-hml/documentos/143583/20040100/miuDocumento_995952_8.Epigenetics.pdf"
995733,"https://miu-documentos.s3.us-west-2.amazonaws.com/DATA-DOCS/miu-hml/documentos/143595/20040100/miuDocumento_995727_T3.SindromesNeurocutaneos.pptx"
995621,"https://miu-documentos.s3.us-west-2.amazonaws.com/DATA-DOCS/miu-hml/documentos/143595/20040100/miuDocumento_995618_3.PatronesdeHerencia,GeneticaClinica.pdf"
995963,"https://miu-documentos.s3.us-west-2.amazonaws.com/DATA-DOCS/miu-hml/documentos/143583/20040100/miuDocumento_995962_9.Next-GenerationProteomics.pdf"
996150,"https://miu-documentos.s3.us-west-2.amazonaws.com/DATA-DOCS/miu-hml/documentos/144844/20110699/miuDocumento_996150_Class2_TheInvestmentDetective-InvestmentAlternatives-20251218T033902Z-3-001.zip"
996161,"https://miu-documentos.s3.us-west-2.amazonaws.com/DATA-DOCS/miu-hml/documentos/144844/20110699/miuDocumento_996161_Class13_TiffanyandCompany-20251218T033829Z-3-001.zip"
996247,"https://miu-documentos.s3.us-west-2.amazonaws.com/DATA-DOCS/miu-hml/documentos/143557/20100147/miuDocumento_996247_BITACORAPR.EXTERNADO.pdf"
996248,"https://miu-documentos.s3.us-west-2.amazonaws.com/DATA-DOCS/miu-hml/documentos/143828/20100147/miuDocumento_996247_BITACORAPR.EXTERNADO.pdf"
996249,"https://miu-documentos.s3.us-west-2.amazonaws.com/DATA-DOCS/miu-hml/documentos/143830/20100147/miuDocumento_996247_BITACORAPR.EXTERNADO.pdf"
996250,"https://miu-documentos.s3.us-west-2.amazonaws.com/DATA-DOCS/miu-hml/documentos/143559/20100147/miuDocumento_996247_BITACORAPR.EXTERNADO.pdf"
996251,"https://miu-documentos.s3.us-west-2.amazonaws.com/DATA-DOCS/miu-hml/documentos/143558/20100147/miuDocumento_996247_BITACORAPR.EXTERNADO.pdf"
996252,"https://miu-documentos.s3.us-west-2.amazonaws.com/DATA-DOCS/miu-hml/documentos/143560/20100147/miuDocumento_996247_BITACORAPR.EXTERNADO.pdf"
996293,"https://miu-documentos.s3.us-west-2.amazonaws.com/DATA-DOCS/miu-hml/documentos/143709/20150601/miuDocumento_996293_vclt-s.pdf"
996294,"https://miu-documentos.s3.us-west-2.amazonaws.com/DATA-DOCS/miu-hml/documentos/143709/20150601/miuDocumento_996294_AFC_sp.pdf"
996302,"https://miu-documentos.s3.us-west-2.amazonaws.com/DATA-DOCS/miu-hml/documentos/143709/20150601/miuDocumento_996302_pf_ata_conv_text1.pdf"
997694,"https://miu-documentos.s3.us-west-2.amazonaws.com/DATA-DOCS/miu-hml/documentos/144612/20190609/miuDocumento_851710_Turnitin-ManualEstudiantes(1)_940287_943797_976491_981788.pdf"
997695,"https://miu-documentos.s3.us-west-2.amazonaws.com/DATA-DOCS/miu-hml/documentos/144612/20190609/miuDocumento_842343_FilosfiaHelenistica_951418_977923_986008.zip"
997696,"https://miu-documentos.s3.us-west-2.amazonaws.com/DATA-DOCS/miu-hml/documentos/144612/20190609/miuDocumento_988615_EdadMedia.zip"
997697,"https://miu-documentos.s3.us-west-2.amazonaws.com/DATA-DOCS/miu-hml/documentos/144612/20190609/miuDocumento_920456_FilosofosModernos_942072_955538_979144_993101.zip"
997749,"https://miu-documentos.s3.us-west-2.amazonaws.com/DATA-DOCS/miu-hml/documentos/144092/12870542/miuDocumento_997749_250105-temario-etica-de-la-libertad.docx"
997830,"https://miu-documentos.s3.us-west-2.amazonaws.com/DATA-DOCS/miu-hml/documentos/144125/12870542/miuDocumento_997830_250105bienvenidosH7.docx"
997858,"https://miu-documentos.s3.us-west-2.amazonaws.com/DATA-DOCS/miu-hml/documentos/143464/97000034/miuDocumento_997858_Studynotes-Definitions.docx"
997890,"https://miu-documentos.s3.us-west-2.amazonaws.com/DATA-DOCS/miu-hml/documentos/143254/99000086/miuDocumento_997890_02CostodeCapital2025.pdf"
997891,"https://miu-documentos.s3.us-west-2.amazonaws.com/DATA-DOCS/miu-hml/documentos/143255/99000086/miuDocumento_997890_02CostodeCapital2025.pdf"
998014,"https://miu-documentos.s3.us-west-2.amazonaws.com/DATA-DOCS/miu-hml/documentos/143738/20090036/miuDocumento_998013_PPICInstrucciones2026.docx"
998015,"https://miu-documentos.s3.us-west-2.amazonaws.com/DATA-DOCS/miu-hml/documentos/143737/20090036/miuDocumento_998013_PPICInstrucciones2026.docx"
998121,"https://miu-documentos.s3.us-west-2.amazonaws.com/DATA-DOCS/miu-hml/documentos/144233/97000389/miuDocumento_998121_LoscontratospreparatoriosPromesaCO.pdf"
998088,"https://miu-documentos.s3.us-west-2.amazonaws.com/DATA-DOCS/miu-hml/documentos/143358/20200419/miuDocumento_998088_ProgramaIO1B-2026.pdf"
998124,"https://miu-documentos.s3.us-west-2.amazonaws.com/DATA-DOCS/miu-hml/documentos/144059/20010492/miuDocumento_998124_RushworthM.Kidder_capitulo1.pdf"
998127,"https://miu-documentos.s3.us-west-2.amazonaws.com/DATA-DOCS/miu-hml/documentos/144064/20010492/miuDocumento_998127_1.Los_Fundamentos_de_la_Libertad_Friedrich.pdf"
998138,"https://miu-documentos.s3.us-west-2.amazonaws.com/DATA-DOCS/miu-hml/documentos/143321/20220093/miuDocumento_998138_ProcesoEconomico.pdf"
998139,"https://miu-documentos.s3.us-west-2.amazonaws.com/DATA-DOCS/miu-hml/documentos/143377/20220093/miuDocumento_998138_ProcesoEconomico.pdf"
998169,"https://miu-documentos.s3.us-west-2.amazonaws.com/DATA-DOCS/miu-hml/documentos/143518/20150065/miuDocumento_998169_CronogramaResearchLab.xlsx"
998220,"https://miu-documentos.s3.us-west-2.amazonaws.com/DATA-DOCS/miu-hml/documentos/144057/98000885/miuDocumento_998220_Profesinuniversitaria_20260106_170538_0000.pdf"
998234,"https://miu-documentos.s3.us-west-2.amazonaws.com/DATA-DOCS/miu-hml/documentos/142776/20070918/miuDocumento_998234_E-ticaparaAmadortildes1.pdf"
998235,"https://miu-documentos.s3.us-west-2.amazonaws.com/DATA-DOCS/miu-hml/documentos/142785/20070918/miuDocumento_998234_E-ticaparaAmadortildes1.pdf"
998245,"https://miu-documentos.s3.us-west-2.amazonaws.com/DATA-DOCS/miu-hml/documentos/144010/21890144/miuDocumento_998245_FormatoKarlPopper.pdf"
998246,"https://miu-documentos.s3.us-west-2.amazonaws.com/DATA-DOCS/miu-hml/documentos/144011/21890144/miuDocumento_998245_FormatoKarlPopper.pdf"
996340,"https://miu-documentos.s3.us-west-2.amazonaws.com/DATA-DOCS/miu-hml/documentos/143453/20030090/miuDocumento_712722_ArticuloComopronosticar_774520_926471.pdf"
996341,"https://miu-documentos.s3.us-west-2.amazonaws.com/DATA-DOCS/miu-hml/documentos/143453/20030090/miuDocumento_712727_Los7pasosdelS&OP_774525_926476.pdf"
996342,"https://miu-documentos.s3.us-west-2.amazonaws.com/DATA-DOCS/miu-hml/documentos/143453/20030090/miuDocumento_712728_RecomendacionesS&OPKPMG_774522_926475.pdf"
996343,"https://miu-documentos.s3.us-west-2.amazonaws.com/DATA-DOCS/miu-hml/documentos/143453/20030090/miuDocumento_712723_A1_Comoacercarsealarealidad_774521_926477.pdf"
996344,"https://miu-documentos.s3.us-west-2.amazonaws.com/DATA-DOCS/miu-hml/documentos/143453/20030090/miuDocumento_787103_Doc2(BarillaCase-Harvard)_926480.pdf"
996388,"https://miu-documentos.s3.us-west-2.amazonaws.com/DATA-DOCS/miu-hml/documentos/143741/20141005/miuDocumento_961575_Citar_referenciar_(Vancouver).pdf"
996392,"https://miu-documentos.s3.us-west-2.amazonaws.com/DATA-DOCS/miu-hml/documentos/144708/20180351/miuDocumento_996392_2.WendtAnarchyiswhatstatesmakeofit1992.pdf"
996402,"https://miu-documentos.s3.us-west-2.amazonaws.com/DATA-DOCS/miu-hml/documentos/144708/20180351/miuDocumento_996402_11.HeinrichsR.2025.WhatTrumpsNationalSecurityStrategyGetsRight.pdf"
996401,"https://miu-documentos.s3.us-west-2.amazonaws.com/DATA-DOCS/miu-hml/documentos/144708/20180351/miuDocumento_996401_10.2025-National-Security-Strategy1.pdf"
996403,"https://miu-documentos.s3.us-west-2.amazonaws.com/DATA-DOCS/miu-hml/documentos/144708/20180351/miuDocumento_996403_12.FedorL.2025.TheshockinglysmallcircleshapingDonaldTrumpsdiplomaticefforts..pdf"
996405,"https://miu-documentos.s3.us-west-2.amazonaws.com/DATA-DOCS/miu-hml/documentos/144708/20180351/miuDocumento_996405_14.DanielW.DreznerTheUnitedStatesofSanctions.pdf"
996407,"https://miu-documentos.s3.us-west-2.amazonaws.com/DATA-DOCS/miu-hml/documentos/144708/20180351/miuDocumento_996407_16.BrooksIkenberryWohlforthDontComeHomeAmerica.pdf"
996413,"https://miu-documentos.s3.us-west-2.amazonaws.com/DATA-DOCS/miu-hml/documentos/144708/20180351/miuDocumento_996413_22.RynholdJ2025TheSecondTrumpAdministrationForeignPolicytheMiddleEastandIsrael.pdf"
996416,"https://miu-documentos.s3.us-west-2.amazonaws.com/DATA-DOCS/miu-hml/documentos/144708/20180351/miuDocumento_996416_25.SnyderG.H.1997.AlliancePolitics..pdf"
996420,"https://miu-documentos.s3.us-west-2.amazonaws.com/DATA-DOCS/miu-hml/documentos/144708/20180351/miuDocumento_996420_29.HenryKissinger-OnChina.pdf"
996428,"https://miu-documentos.s3.us-west-2.amazonaws.com/DATA-DOCS/miu-hml/documentos/144708/20180351/miuDocumento_996428_37.StottM.TheDonroeDoctrineTrumpspowerplayinLatinAmerica.pdf"
996430,"https://miu-documentos.s3.us-west-2.amazonaws.com/DATA-DOCS/miu-hml/documentos/144708/20180351/miuDocumento_996430_39.MeadW.R.2025.IntroducingtheTrumpCorollary.pdf"
996734,"https://miu-documentos.s3.us-west-2.amazonaws.com/DATA-DOCS/miu-hml/documentos/144845/20110699/miuDocumento_996734_Class2_Trilogy-20251228T063925Z-3-001.zip"
996737,"https://miu-documentos.s3.us-west-2.amazonaws.com/DATA-DOCS/miu-hml/documentos/144845/20110699/miuDocumento_996737_Class5_CernerCorporation-20251228T063935Z-3-001.zip"
996738,"https://miu-documentos.s3.us-west-2.amazonaws.com/DATA-DOCS/miu-hml/documentos/144845/20110699/miuDocumento_996738_Class6_GregoryGunsandAmmo-20251228T063939Z-3-001.zip"
996743,"https://miu-documentos.s3.us-west-2.amazonaws.com/DATA-DOCS/miu-hml/documentos/144845/20110699/miuDocumento_996743_Class11_WetherillAssociates-20251228T064003Z-3-001.zip"
996748,"https://miu-documentos.s3.us-west-2.amazonaws.com/DATA-DOCS/miu-hml/documentos/144845/20110699/miuDocumento_996748_Class16_NetAppStanford-20251228T064113Z-3-001.zip"
995423,"https://miu-documentos.s3.us-west-2.amazonaws.com/DATA-DOCS/miu-hml/documentos/143784/20191108/miuDocumento_995423_CronogramadeactividadesQuimicaInorganica,2026-01(1).pdf"
995424,"https://miu-documentos.s3.us-west-2.amazonaws.com/DATA-DOCS/miu-hml/documentos/143784/20191108/miuDocumento_995423_CronogramadeactividadesQuimicaInorganica,2026-01(1).pdf"
995478,"https://miu-documentos.s3.us-west-2.amazonaws.com/DATA-DOCS/miu-hml/documentos/136208/20090970/miuDocumento_944206_Teoriadelajusticia-Rawls_958659_980233_995478.pdf"
995479,"https://miu-documentos.s3.us-west-2.amazonaws.com/DATA-DOCS/miu-hml/documentos/136208/20090970/miuDocumento_944206_Teoriadelajusticia-Rawls_958659_980233_995479.pdf"
995482,"https://miu-documentos.s3.us-west-2.amazonaws.com/DATA-DOCS/miu-hml/documentos/136208/20090970/miuDocumento_944207_ATheoryofJustice-Rawls_958661_980234_995482.pdf"
995483,"https://miu-documentos.s3.us-west-2.amazonaws.com/DATA-DOCS/miu-hml/documentos/136208/20090970/miuDocumento_944207_ATheoryofJustice-Rawls_958661_980234_995483.pdf"
995522,"https://miu-documentos.s3.us-west-2.amazonaws.com/DATA-DOCS/miu-hml/documentos/136208/20090970/miuDocumento_944229_GenderTrouble-Butler_958681_980244_995522.pdf"
995626,"https://miu-documentos.s3.us-west-2.amazonaws.com/DATA-DOCS/miu-hml/documentos/143595/20040100/miuDocumento_995626_5.CasosClinicos-Cromosomopatias.pdf"
995627,"https://miu-documentos.s3.us-west-2.amazonaws.com/DATA-DOCS/miu-hml/documentos/143595/20040100/miuDocumento_995626_5.CasosClinicos-Cromosomopatias.pdf"
995752,"https://miu-documentos.s3.us-west-2.amazonaws.com/DATA-DOCS/miu-hml/documentos/143595/20040100/miuDocumento_995748_T6.Tamizajes.pptx"
995628,"https://miu-documentos.s3.us-west-2.amazonaws.com/DATA-DOCS/miu-hml/documentos/143595/20040100/miuDocumento_995626_5.CasosClinicos-Cromosomopatias.pdf"
995774,"https://miu-documentos.s3.us-west-2.amazonaws.com/DATA-DOCS/miu-hml/documentos/143595/20040100/miuDocumento_995769_H3.PatronesdeHerencia.pptx"
995725,"https://miu-documentos.s3.us-west-2.amazonaws.com/DATA-DOCS/miu-hml/documentos/143595/20040100/miuDocumento_995720_T2.AnomaliasMayores.pptx"
995775,"https://miu-documentos.s3.us-west-2.amazonaws.com/DATA-DOCS/miu-hml/documentos/143595/20040100/miuDocumento_995769_H3.PatronesdeHerencia.pptx"
996027,"https://miu-documentos.s3.us-west-2.amazonaws.com/DATA-DOCS/miu-hml/documentos/143667/20021275/miuDocumento_959966_si-desarrollo1_961213.pdf"
996028,"https://miu-documentos.s3.us-west-2.amazonaws.com/DATA-DOCS/miu-hml/documentos/143668/20021275/miuDocumento_959966_si-desarrollo1_961213.pdf"
996008,"https://miu-documentos.s3.us-west-2.amazonaws.com/DATA-DOCS/miu-hml/documentos/143669/20021275/miuDocumento_959964_LINEAMIENTOSGENERALESPARAINTERNOSUNOPv10_961228.05"
996022,"https://miu-documentos.s3.us-west-2.amazonaws.com/DATA-DOCS/miu-hml/documentos/143669/20021275/miuDocumento_959965_EVALUACIONINICIALCONFERERENCIA2016_961242.pptx"
996016,"https://miu-documentos.s3.us-west-2.amazonaws.com/DATA-DOCS/miu-hml/documentos/143670/20021275/miuDocumento_959968_REGISTRO_CLINICO_PEDIATRICO_961220.doc"
996012,"https://miu-documentos.s3.us-west-2.amazonaws.com/DATA-DOCS/miu-hml/documentos/143671/20021275/miuDocumento_959968_REGISTRO_CLINICO_PEDIATRICO_961220.doc"
996047,"https://miu-documentos.s3.us-west-2.amazonaws.com/DATA-DOCS/miu-hml/documentos/143671/20021275/miuDocumento_986364_REQUISITOSPARAROTARENUNIDADCUIDADOSINTENSIVOSUNOP.docx"
995558,"https://miu-documentos.s3.us-west-2.amazonaws.com/DATA-DOCS/miu-hml/documentos/138170/20090970/miuDocumento_958707_TeoriaDelConocimiento-SanchezMeca_995558.pdf"
996018,"https://miu-documentos.s3.us-west-2.amazonaws.com/DATA-DOCS/miu-hml/documentos/143868/20021275/miuDocumento_959965_EVALUACIONINICIALCONFERERENCIA2016_961242.pptx"
996162,"https://miu-documentos.s3.us-west-2.amazonaws.com/DATA-DOCS/miu-hml/documentos/144844/20110699/miuDocumento_996162_Class14_Dressen-20251218T033806Z-3-001.zip"
996164,"https://miu-documentos.s3.us-west-2.amazonaws.com/DATA-DOCS/miu-hml/documentos/144844/20110699/miuDocumento_996164_Class16_BostonChickenInc-20251218T033831Z-3-001.zip"
996165,"https://miu-documentos.s3.us-west-2.amazonaws.com/DATA-DOCS/miu-hml/documentos/144844/20110699/miuDocumento_996165_Class17_FINALEXAMDyantronicsInc-20251218T033832Z-3-001.zip"
996750,"https://miu-documentos.s3.us-west-2.amazonaws.com/DATA-DOCS/miu-hml/documentos/144845/20110699/miuDocumento_996750_Class18_HabitforHumanityInternational-20251228T064150Z-3-001.zip"
996773,"https://miu-documentos.s3.us-west-2.amazonaws.com/DATA-DOCS/miu-hml/documentos/143828/20100147/miuDocumento_996772_EV.SEMANALTURNOSEXT.pdf"
996774,"https://miu-documentos.s3.us-west-2.amazonaws.com/DATA-DOCS/miu-hml/documentos/143560/20100147/miuDocumento_996772_EV.SEMANALTURNOSEXT.pdf"
996775,"https://miu-documentos.s3.us-west-2.amazonaws.com/DATA-DOCS/miu-hml/documentos/143559/20100147/miuDocumento_996772_EV.SEMANALTURNOSEXT.pdf"
996776,"https://miu-documentos.s3.us-west-2.amazonaws.com/DATA-DOCS/miu-hml/documentos/143558/20100147/miuDocumento_996772_EV.SEMANALTURNOSEXT.pdf"
996777,"https://miu-documentos.s3.us-west-2.amazonaws.com/DATA-DOCS/miu-hml/documentos/143557/20100147/miuDocumento_996772_EV.SEMANALTURNOSEXT.pdf"
996778,"https://miu-documentos.s3.us-west-2.amazonaws.com/DATA-DOCS/miu-hml/documentos/143830/20100147/miuDocumento_996778_EV.SEMANALSERVICIOSEXT.pdf"
996779,"https://miu-documentos.s3.us-west-2.amazonaws.com/DATA-DOCS/miu-hml/documentos/143828/20100147/miuDocumento_996778_EV.SEMANALSERVICIOSEXT.pdf"
996780,"https://miu-documentos.s3.us-west-2.amazonaws.com/DATA-DOCS/miu-hml/documentos/143560/20100147/miuDocumento_996778_EV.SEMANALSERVICIOSEXT.pdf"
996781,"https://miu-documentos.s3.us-west-2.amazonaws.com/DATA-DOCS/miu-hml/documentos/143559/20100147/miuDocumento_996778_EV.SEMANALSERVICIOSEXT.pdf"
996782,"https://miu-documentos.s3.us-west-2.amazonaws.com/DATA-DOCS/miu-hml/documentos/143558/20100147/miuDocumento_996778_EV.SEMANALSERVICIOSEXT.pdf"
996783,"https://miu-documentos.s3.us-west-2.amazonaws.com/DATA-DOCS/miu-hml/documentos/143557/20100147/miuDocumento_996778_EV.SEMANALSERVICIOSEXT.pdf"
996935,"https://miu-documentos.s3.us-west-2.amazonaws.com/DATA-DOCS/miu-hml/documentos/143722/23820040/miuDocumento_996934_li_pidos.9aed.2018.JeffHardinGregoryBertoni-Becker_sWorldoftheCell-Pearson2018.pdf"
996936,"https://miu-documentos.s3.us-west-2.amazonaws.com/DATA-DOCS/miu-hml/documentos/143721/23820040/miuDocumento_996934_li_pidos.9aed.2018.JeffHardinGregoryBertoni-Becker_sWorldoftheCell-Pearson2018.pdf"
996960,"https://miu-documentos.s3.us-west-2.amazonaws.com/DATA-DOCS/miu-hml/documentos/143721/23820040/miuDocumento_996960_leer5RESUMENElProyectodelGenomaHumano.docx"
996961,"https://miu-documentos.s3.us-west-2.amazonaws.com/DATA-DOCS/miu-hml/documentos/143722/23820040/miuDocumento_996960_leer5RESUMENElProyectodelGenomaHumano.docx"
997018,"https://miu-documentos.s3.us-west-2.amazonaws.com/DATA-DOCS/miu-hml/documentos/143720/23820040/miuDocumento_997018_duplica.AD.JeffHardinGregoryBertoni-Becker_sWorldoftheCell-Pearson2018.pdf"
997019,"https://miu-documentos.s3.us-west-2.amazonaws.com/DATA-DOCS/miu-hml/documentos/143722/23820040/miuDocumento_997018_duplica.AD.JeffHardinGregoryBertoni-Becker_sWorldoftheCell-Pearson2018.pdf"
997020,"https://miu-documentos.s3.us-west-2.amazonaws.com/DATA-DOCS/miu-hml/documentos/143721/23820040/miuDocumento_997018_duplica.AD.JeffHardinGregoryBertoni-Becker_sWorldoftheCell-Pearson2018.pdf"
996455,"https://miu-documentos.s3.us-west-2.amazonaws.com/DATA-DOCS/miu-hml/documentos/143720/23820040/miuDocumento_960403_chapterone.EssentialCellBiology,FourthEdition-Alberts,Bray,Hopkin.pdf"
997093,"https://miu-documentos.s3.us-west-2.amazonaws.com/DATA-DOCS/miu-hml/documentos/143720/23820040/miuDocumento_997093_Senalizacioncelular.ESTA.JeffHardinGregoryBertoni-BeckersWorldoftheCell-Pearson2018.pdf"
997094,"https://miu-documentos.s3.us-west-2.amazonaws.com/DATA-DOCS/miu-hml/documentos/143722/23820040/miuDocumento_997093_Senalizacioncelular.ESTA.JeffHardinGregoryBertoni-BeckersWorldoftheCell-Pearson2018.pdf"
995484,"https://miu-documentos.s3.us-west-2.amazonaws.com/DATA-DOCS/miu-hml/documentos/136208/20090970/miuDocumento_944207_ATheoryofJustice-Rawls_958661_980234_995484.pdf"
995530,"https://miu-documentos.s3.us-west-2.amazonaws.com/DATA-DOCS/miu-hml/documentos/132865/20090970/miuDocumento_922988_RazonamientoCritico-Polanco_958688_995530.pdf"
995492,"https://miu-documentos.s3.us-west-2.amazonaws.com/DATA-DOCS/miu-hml/documentos/136208/20090970/miuDocumento_944212_TheHumanCondition-Arendt_958665_980236_995492.pdf"
995494,"https://miu-documentos.s3.us-west-2.amazonaws.com/DATA-DOCS/miu-hml/documentos/136208/20090970/miuDocumento_944215_DisciplineandPunish-Foucault_958667_980237_995494.pdf"
995532,"https://miu-documentos.s3.us-west-2.amazonaws.com/DATA-DOCS/miu-hml/documentos/132865/20090970/miuDocumento_922990_CriticalThinkingSkills-StellaCottrell_958690_995532.pdf"
995499,"https://miu-documentos.s3.us-west-2.amazonaws.com/DATA-DOCS/miu-hml/documentos/136208/20090970/miuDocumento_944218_QueeslaIlustracion_Foucault_958669_980238_995499.pdf"
995534,"https://miu-documentos.s3.us-west-2.amazonaws.com/DATA-DOCS/miu-hml/documentos/132865/20090970/miuDocumento_923150_ElGeniodeOccidente_958692_995534.pdf"
995502,"https://miu-documentos.s3.us-west-2.amazonaws.com/DATA-DOCS/miu-hml/documentos/136208/20090970/miuDocumento_944219_TheOpenSocietyandItsEnemies-Popper_958671_980239_995502.pdf"
995504,"https://miu-documentos.s3.us-west-2.amazonaws.com/DATA-DOCS/miu-hml/documentos/136208/20090970/miuDocumento_944219_TheOpenSocietyandItsEnemies-Popper_958671_980239_995504.pdf"
995536,"https://miu-documentos.s3.us-west-2.amazonaws.com/DATA-DOCS/miu-hml/documentos/118286/20090970/miuDocumento_813154_Notes_on_Dialogue_958686_995536.pdf"
995508,"https://miu-documentos.s3.us-west-2.amazonaws.com/DATA-DOCS/miu-hml/documentos/136208/20090970/miuDocumento_944220_TheOpenSocietyandItsEnemies-Popper_958673_980240_995508.pdf"
995512,"https://miu-documentos.s3.us-west-2.amazonaws.com/DATA-DOCS/miu-hml/documentos/136208/20090970/miuDocumento_944221_StructuralAnthropology-Levi-Strauss_958675_980241_995512.pdf"
995514,"https://miu-documentos.s3.us-west-2.amazonaws.com/DATA-DOCS/miu-hml/documentos/136208/20090970/miuDocumento_944225_TheTheoryofCommunicativeAction-Habermas_958677_980242_995514.pdf"
995516,"https://miu-documentos.s3.us-west-2.amazonaws.com/DATA-DOCS/miu-hml/documentos/136208/20090970/miuDocumento_944225_TheTheoryofCommunicativeAction-Habermas_958677_980242_995516.pdf"
996174,"https://miu-documentos.s3.us-west-2.amazonaws.com/DATA-DOCS/miu-hml/documentos/143697/20070803/miuDocumento_996174_ROLDETURNOESPECIALISTAS.docx"
996175,"https://miu-documentos.s3.us-west-2.amazonaws.com/DATA-DOCS/miu-hml/documentos/143861/20070803/miuDocumento_996174_ROLDETURNOESPECIALISTAS.docx"
996176,"https://miu-documentos.s3.us-west-2.amazonaws.com/DATA-DOCS/miu-hml/documentos/143697/20070803/miuDocumento_996176_Codigorojo2019.pdf"
996177,"https://miu-documentos.s3.us-west-2.amazonaws.com/DATA-DOCS/miu-hml/documentos/143861/20070803/miuDocumento_996176_Codigorojo2019.pdf"
996184,"https://miu-documentos.s3.us-west-2.amazonaws.com/DATA-DOCS/miu-hml/documentos/143697/20070803/miuDocumento_996184_MinutodeOro.DraDiez.mp4"
996185,"https://miu-documentos.s3.us-west-2.amazonaws.com/DATA-DOCS/miu-hml/documentos/143861/20070803/miuDocumento_996184_MinutodeOro.DraDiez.mp4"
996186,"https://miu-documentos.s3.us-west-2.amazonaws.com/DATA-DOCS/miu-hml/documentos/143697/20070803/miuDocumento_996186_reanimacionneonatal.pdf"
996187,"https://miu-documentos.s3.us-west-2.amazonaws.com/DATA-DOCS/miu-hml/documentos/143861/20070803/miuDocumento_996186_reanimacionneonatal.pdf"
996784,"https://miu-documentos.s3.us-west-2.amazonaws.com/DATA-DOCS/miu-hml/documentos/143709/20150601/miuDocumento_996784_PROTOCOLO_CONVENIO_LIMITACION_ESPONSABILIDAD_NACIDA_RECLAMACIONES_DERECHO_MARITIMO.pdf"
996785,"https://miu-documentos.s3.us-west-2.amazonaws.com/DATA-DOCS/miu-hml/documentos/143709/20150601/miuDocumento_996785_hamburg_rules_s.pdf"
996790,"https://miu-documentos.s3.us-west-2.amazonaws.com/DATA-DOCS/miu-hml/documentos/143317/22770076/miuDocumento_996790_ProgramaEconomiaI2026FT.pdf"
996791,"https://miu-documentos.s3.us-west-2.amazonaws.com/DATA-DOCS/miu-hml/documentos/143316/22770076/miuDocumento_996790_ProgramaEconomiaI2026FT.pdf"
996792,"https://miu-documentos.s3.us-west-2.amazonaws.com/DATA-DOCS/miu-hml/documentos/143312/22770076/miuDocumento_996792_ProgramaEA20261FT.pdf"
996934,"https://miu-documentos.s3.us-west-2.amazonaws.com/DATA-DOCS/miu-hml/documentos/143720/23820040/miuDocumento_996934_li_pidos.9aed.2018.JeffHardinGregoryBertoni-Becker_sWorldoftheCell-Pearson2018.pdf"
996241,"https://miu-documentos.s3.us-west-2.amazonaws.com/DATA-DOCS/miu-hml/documentos/143557/20100147/miuDocumento_996241_miuDocumento_960956_miuDocumento_927377_miuDocumento_892607_ExpedienteparaleloyProfesionalismo_917980.pdf"
996242,"https://miu-documentos.s3.us-west-2.amazonaws.com/DATA-DOCS/miu-hml/documentos/143828/20100147/miuDocumento_996241_miuDocumento_960956_miuDocumento_927377_miuDocumento_892607_ExpedienteparaleloyProfesionalismo_917980.pdf"
996243,"https://miu-documentos.s3.us-west-2.amazonaws.com/DATA-DOCS/miu-hml/documentos/143830/20100147/miuDocumento_996241_miuDocumento_960956_miuDocumento_927377_miuDocumento_892607_ExpedienteparaleloyProfesionalismo_917980.pdf"
996244,"https://miu-documentos.s3.us-west-2.amazonaws.com/DATA-DOCS/miu-hml/documentos/143559/20100147/miuDocumento_996241_miuDocumento_960956_miuDocumento_927377_miuDocumento_892607_ExpedienteparaleloyProfesionalismo_917980.pdf"
996245,"https://miu-documentos.s3.us-west-2.amazonaws.com/DATA-DOCS/miu-hml/documentos/143558/20100147/miuDocumento_996241_miuDocumento_960956_miuDocumento_927377_miuDocumento_892607_ExpedienteparaleloyProfesionalismo_917980.pdf"
996246,"https://miu-documentos.s3.us-west-2.amazonaws.com/DATA-DOCS/miu-hml/documentos/143560/20100147/miuDocumento_996241_miuDocumento_960956_miuDocumento_927377_miuDocumento_892607_ExpedienteparaleloyProfesionalismo_917980.pdf"
996253,"https://miu-documentos.s3.us-west-2.amazonaws.com/DATA-DOCS/miu-hml/documentos/143830/20100147/miuDocumento_996253_7.ProtocolodeAccidentesClinicosIntrahospitalarios2024.docx.pdf"
996772,"https://miu-documentos.s3.us-west-2.amazonaws.com/DATA-DOCS/miu-hml/documentos/143830/20100147/miuDocumento_996772_EV.SEMANALTURNOSEXT.pdf"
997095,"https://miu-documentos.s3.us-west-2.amazonaws.com/DATA-DOCS/miu-hml/documentos/143721/23820040/miuDocumento_997093_Senalizacioncelular.ESTA.JeffHardinGregoryBertoni-BeckersWorldoftheCell-Pearson2018.pdf"
997165,"https://miu-documentos.s3.us-west-2.amazonaws.com/DATA-DOCS/miu-hml/documentos/144518/20180989/miuDocumento_997165_2.Micklethwait.Cap.1.pdf"
997166,"https://miu-documentos.s3.us-west-2.amazonaws.com/DATA-DOCS/miu-hml/documentos/144519/20180989/miuDocumento_997165_2.Micklethwait.Cap.1.pdf"
997171,"https://miu-documentos.s3.us-west-2.amazonaws.com/DATA-DOCS/miu-hml/documentos/144518/20180989/miuDocumento_997171_5.TSAshton.LaRevolucionIndustrial.1760-1830.pdf"
997172,"https://miu-documentos.s3.us-west-2.amazonaws.com/DATA-DOCS/miu-hml/documentos/144519/20180989/miuDocumento_997171_5.TSAshton.LaRevolucionIndustrial.1760-1830.pdf"
997175,"https://miu-documentos.s3.us-west-2.amazonaws.com/DATA-DOCS/miu-hml/documentos/144518/20180989/miuDocumento_997175_7.MicklethwaitCap.4.pdf"
997176,"https://miu-documentos.s3.us-west-2.amazonaws.com/DATA-DOCS/miu-hml/documentos/144519/20180989/miuDocumento_997175_7.MicklethwaitCap.4.pdf"
997179,"https://miu-documentos.s3.us-west-2.amazonaws.com/DATA-DOCS/miu-hml/documentos/144518/20180989/miuDocumento_997179_9.Micklethwait.Cap.5.pdf"
997180,"https://miu-documentos.s3.us-west-2.amazonaws.com/DATA-DOCS/miu-hml/documentos/144519/20180989/miuDocumento_997179_9.Micklethwait.Cap.5.pdf"
997267,"https://miu-documentos.s3.us-west-2.amazonaws.com/DATA-DOCS/miu-hml/documentos/143710/20050380/miuDocumento_997267_Cronograma_Herramientas_I_Sem_2026.xlsx"
997230,"https://miu-documentos.s3.us-west-2.amazonaws.com/DATA-DOCS/miu-hml/documentos/143476/20180479/miuDocumento_997230_InstruccionesproyectofinalCom.yEE202601.pdf"
997196,"https://miu-documentos.s3.us-west-2.amazonaws.com/DATA-DOCS/miu-hml/documentos/144544/20050380/miuDocumento_997196_1_PolticasPblicas_KAS.pdf"
997200,"https://miu-documentos.s3.us-west-2.amazonaws.com/DATA-DOCS/miu-hml/documentos/144544/20050380/miuDocumento_997200_5.Evaluacin_Experimental_del_Programa_Una_Laptop_por_Nio_en_Per.pdf"
997275,"https://miu-documentos.s3.us-west-2.amazonaws.com/DATA-DOCS/miu-hml/documentos/142918/12890465/miuDocumento_997275_2.SamuelSolonpp.16-43.pdf"
997273,"https://miu-documentos.s3.us-west-2.amazonaws.com/DATA-DOCS/miu-hml/documentos/142917/12890465/miuDocumento_997273_ES.1.docx"
997340,"https://miu-documentos.s3.us-west-2.amazonaws.com/DATA-DOCS/miu-hml/documentos/143772/20151104/miuDocumento_997340_IntroduccinaBiologaMolecular.pptx"
997341,"https://miu-documentos.s3.us-west-2.amazonaws.com/DATA-DOCS/miu-hml/documentos/143773/20151104/miuDocumento_997340_IntroduccinaBiologaMolecular.pptx"
997342,"https://miu-documentos.s3.us-west-2.amazonaws.com/DATA-DOCS/miu-hml/documentos/143772/20151104/miuDocumento_997342_Bioseguridad.pdf"
997343,"https://miu-documentos.s3.us-west-2.amazonaws.com/DATA-DOCS/miu-hml/documentos/143773/20151104/miuDocumento_997342_Bioseguridad.pdf"
997384,"https://miu-documentos.s3.us-west-2.amazonaws.com/DATA-DOCS/miu-hml/documentos/144003/20010656/miuDocumento_997384_GuiaparatrabajosHGMM2026.pdf"
997385,"https://miu-documentos.s3.us-west-2.amazonaws.com/DATA-DOCS/miu-hml/documentos/144002/20010656/miuDocumento_997384_GuiaparatrabajosHGMM2026.pdf"
997386,"https://miu-documentos.s3.us-west-2.amazonaws.com/DATA-DOCS/miu-hml/documentos/144003/20010656/miuDocumento_997386_ProgramadiariodeHGCM.pdf"
997387,"https://miu-documentos.s3.us-west-2.amazonaws.com/DATA-DOCS/miu-hml/documentos/144002/20010656/miuDocumento_997386_ProgramadiariodeHGCM.pdf"
996254,"https://miu-documentos.s3.us-west-2.amazonaws.com/DATA-DOCS/miu-hml/documentos/143828/20100147/miuDocumento_996253_7.ProtocolodeAccidentesClinicosIntrahospitalarios2024.docx.pdf"
996255,"https://miu-documentos.s3.us-west-2.amazonaws.com/DATA-DOCS/miu-hml/documentos/143865/20100147/miuDocumento_996253_7.ProtocolodeAccidentesClinicosIntrahospitalarios2024.docx.pdf"
996256,"https://miu-documentos.s3.us-west-2.amazonaws.com/DATA-DOCS/miu-hml/documentos/143684/20100147/miuDocumento_996253_7.ProtocolodeAccidentesClinicosIntrahospitalarios2024.docx.pdf"
996257,"https://miu-documentos.s3.us-west-2.amazonaws.com/DATA-DOCS/miu-hml/documentos/143680/20100147/miuDocumento_996253_7.ProtocolodeAccidentesClinicosIntrahospitalarios2024.docx.pdf"
996258,"https://miu-documentos.s3.us-west-2.amazonaws.com/DATA-DOCS/miu-hml/documentos/143679/20100147/miuDocumento_996253_7.ProtocolodeAccidentesClinicosIntrahospitalarios2024.docx.pdf"
996259,"https://miu-documentos.s3.us-west-2.amazonaws.com/DATA-DOCS/miu-hml/documentos/143681/20100147/miuDocumento_996253_7.ProtocolodeAccidentesClinicosIntrahospitalarios2024.docx.pdf"
996260,"https://miu-documentos.s3.us-west-2.amazonaws.com/DATA-DOCS/miu-hml/documentos/143559/20100147/miuDocumento_996253_7.ProtocolodeAccidentesClinicosIntrahospitalarios2024.docx.pdf"
996261,"https://miu-documentos.s3.us-west-2.amazonaws.com/DATA-DOCS/miu-hml/documentos/143558/20100147/miuDocumento_996253_7.ProtocolodeAccidentesClinicosIntrahospitalarios2024.docx.pdf"
996262,"https://miu-documentos.s3.us-west-2.amazonaws.com/DATA-DOCS/miu-hml/documentos/143557/20100147/miuDocumento_996253_7.ProtocolodeAccidentesClinicosIntrahospitalarios2024.docx.pdf"
996263,"https://miu-documentos.s3.us-west-2.amazonaws.com/DATA-DOCS/miu-hml/documentos/143683/20100147/miuDocumento_996253_7.ProtocolodeAccidentesClinicosIntrahospitalarios2024.docx.pdf"
996264,"https://miu-documentos.s3.us-west-2.amazonaws.com/DATA-DOCS/miu-hml/documentos/143682/20100147/miuDocumento_996253_7.ProtocolodeAccidentesClinicosIntrahospitalarios2024.docx.pdf"
996265,"https://miu-documentos.s3.us-west-2.amazonaws.com/DATA-DOCS/miu-hml/documentos/143560/20100147/miuDocumento_996253_7.ProtocolodeAccidentesClinicosIntrahospitalarios2024.docx.pdf"
996273,"https://miu-documentos.s3.us-west-2.amazonaws.com/DATA-DOCS/miu-hml/documentos/143819/20200573/miuDocumento_996273_Hojadecalificaciondeservicio.pdf"
996276,"https://miu-documentos.s3.us-west-2.amazonaws.com/DATA-DOCS/miu-hml/documentos/143819/20200573/miuDocumento_996276_RubricaParticipacionenclase.pdf"
996286,"https://miu-documentos.s3.us-west-2.amazonaws.com/DATA-DOCS/miu-hml/documentos/143709/20150601/miuDocumento_996286_recaucaIV.pdf"
996298,"https://miu-documentos.s3.us-west-2.amazonaws.com/DATA-DOCS/miu-hml/documentos/143709/20150601/miuDocumento_996298_arusha_declaration_revised_spanish.pdf"
996301,"https://miu-documentos.s3.us-west-2.amazonaws.com/DATA-DOCS/miu-hml/documentos/143709/20150601/miuDocumento_996301_istanbul_legal_text_eng.pdf"
996303,"https://miu-documentos.s3.us-west-2.amazonaws.com/DATA-DOCS/miu-hml/documentos/143709/20150601/miuDocumento_996303_WA-DOC-19-Public-Docs-Vol-I-Founding-Documents.pdf"
996319,"https://miu-documentos.s3.us-west-2.amazonaws.com/DATA-DOCS/miu-hml/documentos/143320/22810023/miuDocumento_996319_11.2Kirzner-leydeofertaydemanda.pdf"
996385,"https://miu-documentos.s3.us-west-2.amazonaws.com/DATA-DOCS/miu-hml/documentos/143741/20141005/miuDocumento_961570_NORMASVANCOUVER.pdf"
996386,"https://miu-documentos.s3.us-west-2.amazonaws.com/DATA-DOCS/miu-hml/documentos/143741/20141005/miuDocumento_961558_Acentuaciongraficaenespanol(Enclave)MayraFranke.pdf"
997388,"https://miu-documentos.s3.us-west-2.amazonaws.com/DATA-DOCS/miu-hml/documentos/143983/20120406/miuDocumento_997388_Hervada-FilosofiayFilosofiadelDerecho.pdf"
996730,"https://miu-documentos.s3.us-west-2.amazonaws.com/DATA-DOCS/miu-hml/documentos/143720/23820040/miuDocumento_996730_leer5RESUMENElProyectodelGenomaHumano.docx"
997389,"https://miu-documentos.s3.us-west-2.amazonaws.com/DATA-DOCS/miu-hml/documentos/143984/20120406/miuDocumento_997388_Hervada-FilosofiayFilosofiadelDerecho.pdf"
997390,"https://miu-documentos.s3.us-west-2.amazonaws.com/DATA-DOCS/miu-hml/documentos/143983/20120406/miuDocumento_997390_Bobbio-DerechoyFilosofiap31-77.pdf"
997391,"https://miu-documentos.s3.us-west-2.amazonaws.com/DATA-DOCS/miu-hml/documentos/143984/20120406/miuDocumento_997390_Bobbio-DerechoyFilosofiap31-77.pdf"
998218,"https://miu-documentos.s3.us-west-2.amazonaws.com/DATA-DOCS/miu-hml/documentos/143738/20090036/miuDocumento_998217_GuiaLecturasPB12026.docx"
998217,"https://miu-documentos.s3.us-west-2.amazonaws.com/DATA-DOCS/miu-hml/documentos/143736/20090036/miuDocumento_998217_GuiaLecturasPB12026.docx"
997409,"https://miu-documentos.s3.us-west-2.amazonaws.com/DATA-DOCS/miu-hml/documentos/143754/20130546/miuDocumento_997409_2026PROGRAMALABMICROEXCELL1S.xlsx"
997410,"https://miu-documentos.s3.us-west-2.amazonaws.com/DATA-DOCS/miu-hml/documentos/143755/20130546/miuDocumento_997409_2026PROGRAMALABMICROEXCELL1S.xlsx"
997411,"https://miu-documentos.s3.us-west-2.amazonaws.com/DATA-DOCS/miu-hml/documentos/143756/20130546/miuDocumento_997409_2026PROGRAMALABMICROEXCELL1S.xlsx"
997420,"https://miu-documentos.s3.us-west-2.amazonaws.com/DATA-DOCS/miu-hml/documentos/144686/21810012/miuDocumento_997420_Tradici_C3_B3n-Jur_C3_ADdica-Romano-Can_C3_B3nica-Merryman-M_C3_A9xico.pdf.pdf"
997424,"https://miu-documentos.s3.us-west-2.amazonaws.com/DATA-DOCS/miu-hml/documentos/144686/21810012/miuDocumento_997424_partedogmaticayparteorganica.pdf"
997529,"https://miu-documentos.s3.us-west-2.amazonaws.com/DATA-DOCS/miu-hml/documentos/144009/C0016630/miuDocumento_997528_PUNTUACIONpuntoylacoma.pptx"
997547,"https://miu-documentos.s3.us-west-2.amazonaws.com/DATA-DOCS/miu-hml/documentos/144723/21810012/miuDocumento_997547_AcuerdodeArbitrajeDiccionarioCecilaFloresRueda.pdf"
997528,"https://miu-documentos.s3.us-west-2.amazonaws.com/DATA-DOCS/miu-hml/documentos/144008/C0016630/miuDocumento_997528_PUNTUACIONpuntoylacoma.pptx"
997550,"https://miu-documentos.s3.us-west-2.amazonaws.com/DATA-DOCS/miu-hml/documentos/143380/30880182/miuDocumento_997550_M1IntroduccionClase1.pptx"
997551,"https://miu-documentos.s3.us-west-2.amazonaws.com/DATA-DOCS/miu-hml/documentos/143381/30880182/miuDocumento_997550_M1IntroduccionClase1.pptx"
997576,"https://miu-documentos.s3.us-west-2.amazonaws.com/DATA-DOCS/miu-hml/documentos/142925/20140469/miuDocumento_997576_4.InternationalTradeFinance-APragmaticApproach.pdf"
997639,"https://miu-documentos.s3.us-west-2.amazonaws.com/DATA-DOCS/miu-hml/documentos/143711/20220110/miuDocumento_997639_PublicChoiceSyllabusUFM.pdf"
997640,"https://miu-documentos.s3.us-west-2.amazonaws.com/DATA-DOCS/miu-hml/documentos/144697/20180351/miuDocumento_997640_GoldstoneJ.A.1991.Revolutionandrebellionintheearlymodernworld.pdf"
997602,"https://miu-documentos.s3.us-west-2.amazonaws.com/DATA-DOCS/miu-hml/documentos/143259/20100914/miuDocumento_997602_AnalisisdeDatosdeNegocios2026.xlsx"
997603,"https://miu-documentos.s3.us-west-2.amazonaws.com/DATA-DOCS/miu-hml/documentos/143260/20100914/miuDocumento_997602_AnalisisdeDatosdeNegocios2026.xlsx"
997604,"https://miu-documentos.s3.us-west-2.amazonaws.com/DATA-DOCS/miu-hml/documentos/143809/20100914/miuDocumento_997602_AnalisisdeDatosdeNegocios2026.xlsx"
997645,"https://miu-documentos.s3.us-west-2.amazonaws.com/DATA-DOCS/miu-hml/documentos/143711/20220110/miuDocumento_997645_ChinaDilemma.pdf"
997651,"https://miu-documentos.s3.us-west-2.amazonaws.com/DATA-DOCS/miu-hml/documentos/143697/20040078/miuDocumento_962562_miuDocumento_927879_GuiadeintervencionhumanitariamhGAP.pdf"
997652,"https://miu-documentos.s3.us-west-2.amazonaws.com/DATA-DOCS/miu-hml/documentos/143861/20040078/miuDocumento_962562_miuDocumento_927879_GuiadeintervencionhumanitariamhGAP.pdf"
997653,"https://miu-documentos.s3.us-west-2.amazonaws.com/DATA-DOCS/miu-hml/documentos/143856/20040078/miuDocumento_962562_miuDocumento_927879_GuiadeintervencionhumanitariamhGAP.pdf"
997654,"https://miu-documentos.s3.us-west-2.amazonaws.com/DATA-DOCS/miu-hml/documentos/143701/20040078/miuDocumento_962562_miuDocumento_927879_GuiadeintervencionhumanitariamhGAP.pdf"
997655,"https://miu-documentos.s3.us-west-2.amazonaws.com/DATA-DOCS/miu-hml/documentos/143700/20040078/miuDocumento_962562_miuDocumento_927879_GuiadeintervencionhumanitariamhGAP.pdf"
997656,"https://miu-documentos.s3.us-west-2.amazonaws.com/DATA-DOCS/miu-hml/documentos/143697/20040078/miuDocumento_927885_NegotiationStrategiesforDoctorsandHospitals_962576.pdf"
997657,"https://miu-documentos.s3.us-west-2.amazonaws.com/DATA-DOCS/miu-hml/documentos/143861/20040078/miuDocumento_927885_NegotiationStrategiesforDoctorsandHospitals_962576.pdf"
997658,"https://miu-documentos.s3.us-west-2.amazonaws.com/DATA-DOCS/miu-hml/documentos/143856/20040078/miuDocumento_927885_NegotiationStrategiesforDoctorsandHospitals_962576.pdf"
997659,"https://miu-documentos.s3.us-west-2.amazonaws.com/DATA-DOCS/miu-hml/documentos/143701/20040078/miuDocumento_927885_NegotiationStrategiesforDoctorsandHospitals_962576.pdf"
997660,"https://miu-documentos.s3.us-west-2.amazonaws.com/DATA-DOCS/miu-hml/documentos/143700/20040078/miuDocumento_927885_NegotiationStrategiesforDoctorsandHospitals_962576.pdf"
997661,"https://miu-documentos.s3.us-west-2.amazonaws.com/DATA-DOCS/miu-hml/documentos/143697/20040078/miuDocumento_962600_miuDocumento_926411_miuDocumento_894962_process_of_cultural_competence.pdf"
997662,"https://miu-documentos.s3.us-west-2.amazonaws.com/DATA-DOCS/miu-hml/documentos/143861/20040078/miuDocumento_962600_miuDocumento_926411_miuDocumento_894962_process_of_cultural_competence.pdf"
997663,"https://miu-documentos.s3.us-west-2.amazonaws.com/DATA-DOCS/miu-hml/documentos/143856/20040078/miuDocumento_962600_miuDocumento_926411_miuDocumento_894962_process_of_cultural_competence.pdf"
997664,"https://miu-documentos.s3.us-west-2.amazonaws.com/DATA-DOCS/miu-hml/documentos/143701/20040078/miuDocumento_962600_miuDocumento_926411_miuDocumento_894962_process_of_cultural_competence.pdf"
997665,"https://miu-documentos.s3.us-west-2.amazonaws.com/DATA-DOCS/miu-hml/documentos/143700/20040078/miuDocumento_962600_miuDocumento_926411_miuDocumento_894962_process_of_cultural_competence.pdf"
997666,"https://miu-documentos.s3.us-west-2.amazonaws.com/DATA-DOCS/miu-hml/documentos/143697/20040078/miuDocumento_962608_miuDocumento_926405_miuDocumento_894959_Cross-CulturalMedicine.pdf"
997667,"https://miu-documentos.s3.us-west-2.amazonaws.com/DATA-DOCS/miu-hml/documentos/143861/20040078/miuDocumento_962608_miuDocumento_926405_miuDocumento_894959_Cross-CulturalMedicine.pdf"
997668,"https://miu-documentos.s3.us-west-2.amazonaws.com/DATA-DOCS/miu-hml/documentos/143856/20040078/miuDocumento_962608_miuDocumento_926405_miuDocumento_894959_Cross-CulturalMedicine.pdf"
995754,"https://miu-documentos.s3.us-west-2.amazonaws.com/DATA-DOCS/miu-hml/documentos/143595/20040100/miuDocumento_995748_T6.Tamizajes.pptx"
996044,"https://miu-documentos.s3.us-west-2.amazonaws.com/DATA-DOCS/miu-hml/documentos/143670/20021275/miuDocumento_961528_papeleta_por_Weed.doc"
995546,"https://miu-documentos.s3.us-west-2.amazonaws.com/DATA-DOCS/miu-hml/documentos/138170/20090970/miuDocumento_958695_Introduccionalaepistemologiacontemporanea-Dancy_995546.PDF"
997669,"https://miu-documentos.s3.us-west-2.amazonaws.com/DATA-DOCS/miu-hml/documentos/143701/20040078/miuDocumento_962608_miuDocumento_926405_miuDocumento_894959_Cross-CulturalMedicine.pdf"
997670,"https://miu-documentos.s3.us-west-2.amazonaws.com/DATA-DOCS/miu-hml/documentos/143700/20040078/miuDocumento_962608_miuDocumento_926405_miuDocumento_894959_Cross-CulturalMedicine.pdf"
997708,"https://miu-documentos.s3.us-west-2.amazonaws.com/DATA-DOCS/miu-hml/documentos/143322/97000353/miuDocumento_997708_1-Lectura-HayekElusodelconocimientoenlasociedad.pdf"
997725,"https://miu-documentos.s3.us-west-2.amazonaws.com/DATA-DOCS/miu-hml/documentos/143330/20181150/miuDocumento_997725_Programa_Estadstica2026.pdf"
997740,"https://miu-documentos.s3.us-west-2.amazonaws.com/DATA-DOCS/miu-hml/documentos/143324/20240700/miuDocumento_997740_TecnicasIntegracionFormulario.pdf"
997741,"https://miu-documentos.s3.us-west-2.amazonaws.com/DATA-DOCS/miu-hml/documentos/143323/20240700/miuDocumento_997740_TecnicasIntegracionFormulario.pdf"
997748,"https://miu-documentos.s3.us-west-2.amazonaws.com/DATA-DOCS/miu-hml/documentos/144092/12870542/miuDocumento_997748_250105-rubrica-ensayos.docx"
997763,"https://miu-documentos.s3.us-west-2.amazonaws.com/DATA-DOCS/miu-hml/documentos/142914/20060194/miuDocumento_997763_PrincesasTlaxcaltecas.pdf"
997764,"https://miu-documentos.s3.us-west-2.amazonaws.com/DATA-DOCS/miu-hml/documentos/142913/20060194/miuDocumento_997763_PrincesasTlaxcaltecas.pdf"
997756,"https://miu-documentos.s3.us-west-2.amazonaws.com/DATA-DOCS/miu-hml/documentos/142908/20070140/miuDocumento_997756_1.Lijphart.ComparativepoliticsandtheComparativemethod.pdf"
997762,"https://miu-documentos.s3.us-west-2.amazonaws.com/DATA-DOCS/miu-hml/documentos/142908/20070140/miuDocumento_997762_3.ODonell.Teoria-democratica-y-politica-comparada.pdf"
997767,"https://miu-documentos.s3.us-west-2.amazonaws.com/DATA-DOCS/miu-hml/documentos/144092/12870542/miuDocumento_997767_250105-prompter.jpg"
997772,"https://miu-documentos.s3.us-west-2.amazonaws.com/DATA-DOCS/miu-hml/documentos/142914/20060194/miuDocumento_997772_Guatemala1524.pptx"
997773,"https://miu-documentos.s3.us-west-2.amazonaws.com/DATA-DOCS/miu-hml/documentos/142913/20060194/miuDocumento_997772_Guatemala1524.pptx"
997782,"https://miu-documentos.s3.us-west-2.amazonaws.com/DATA-DOCS/miu-hml/documentos/144605/20151049/miuDocumento_997782_Braudel.Ladinamicadelcapitalismo.pdf"
997795,"https://miu-documentos.s3.us-west-2.amazonaws.com/DATA-DOCS/miu-hml/documentos/144605/20151049/miuDocumento_997795_Acemoglu.Porqufracasanlospaises.pdf"
997800,"https://miu-documentos.s3.us-west-2.amazonaws.com/DATA-DOCS/miu-hml/documentos/144605/20151049/miuDocumento_997800_McCloskey.Bourgeoisequaliyty.pdf"
997804,"https://miu-documentos.s3.us-west-2.amazonaws.com/DATA-DOCS/miu-hml/documentos/144605/20151049/miuDocumento_997804_Spitz.RobberBarons.pdf"
997805,"https://miu-documentos.s3.us-west-2.amazonaws.com/DATA-DOCS/miu-hml/documentos/144605/20151049/miuDocumento_997805_Weber.Laticaprotestanteyelespritudelcapitalismo.pdf"
997807,"https://miu-documentos.s3.us-west-2.amazonaws.com/DATA-DOCS/miu-hml/documentos/143280/20160308/miuDocumento_997807_CMMPrograma2026.docx.pdf"
997808,"https://miu-documentos.s3.us-west-2.amazonaws.com/DATA-DOCS/miu-hml/documentos/143698/20080869/miuDocumento_997808_programacurso-talleriinternacionalizacion2026.pdf"
997809,"https://miu-documentos.s3.us-west-2.amazonaws.com/DATA-DOCS/miu-hml/documentos/143698/20080869/miuDocumento_997809_GuiaBasicaparaProyectodeinternacionalizacion2026.pdf"
995503,"https://miu-documentos.s3.us-west-2.amazonaws.com/DATA-DOCS/miu-hml/documentos/136208/20090970/miuDocumento_944219_TheOpenSocietyandItsEnemies-Popper_958671_980239_995503.pdf"
997816,"https://miu-documentos.s3.us-west-2.amazonaws.com/DATA-DOCS/miu-hml/documentos/143720/23820040/miuDocumento_997816_introalacelula.2026copy.pdf"
997817,"https://miu-documentos.s3.us-west-2.amazonaws.com/DATA-DOCS/miu-hml/documentos/143722/23820040/miuDocumento_997816_introalacelula.2026copy.pdf"
997818,"https://miu-documentos.s3.us-west-2.amazonaws.com/DATA-DOCS/miu-hml/documentos/143721/23820040/miuDocumento_997816_introalacelula.2026copy.pdf"
997845,"https://miu-documentos.s3.us-west-2.amazonaws.com/DATA-DOCS/miu-hml/documentos/143417/22950328/miuDocumento_997845_LECTURA5-ShouldYourCompanySellonAmazonHarvard.pdf"
997834,"https://miu-documentos.s3.us-west-2.amazonaws.com/DATA-DOCS/miu-hml/documentos/144262/22950328/miuDocumento_997834_LECTURA2-LibroALIGNINGSTRATEGYANDSALESCapitulo4.pdf"
997857,"https://miu-documentos.s3.us-west-2.amazonaws.com/DATA-DOCS/miu-hml/documentos/142796/98000341/miuDocumento_962207_WheelerAnatomiaFisiologiaYOclusionDental9aed.pdf"
997859,"https://miu-documentos.s3.us-west-2.amazonaws.com/DATA-DOCS/miu-hml/documentos/142801/98000341/miuDocumento_962207_WheelerAnatomiaFisiologiaYOclusionDental9aed.pdf"
997860,"https://miu-documentos.s3.us-west-2.amazonaws.com/DATA-DOCS/miu-hml/documentos/142796/98000341/miuDocumento_925184_AnatomiaDentalRiojas.pdf"
997861,"https://miu-documentos.s3.us-west-2.amazonaws.com/DATA-DOCS/miu-hml/documentos/142801/98000341/miuDocumento_925184_AnatomiaDentalRiojas.pdf"
997862,"https://miu-documentos.s3.us-west-2.amazonaws.com/DATA-DOCS/miu-hml/documentos/143464/97000034/miuDocumento_997862_CaseStudyFlamingov2026.docx"
997863,"https://miu-documentos.s3.us-west-2.amazonaws.com/DATA-DOCS/miu-hml/documentos/143356/20260709/miuDocumento_997863_Programadelcurso.pdf"
997864,"https://miu-documentos.s3.us-west-2.amazonaws.com/DATA-DOCS/miu-hml/documentos/143351/20120084/miuDocumento_997864_RubricadeParticipacionSocraticav2.xlsx"
997885,"https://miu-documentos.s3.us-west-2.amazonaws.com/DATA-DOCS/miu-hml/documentos/143255/99000086/miuDocumento_997885_01ReglasEvaluacionesFinanciera2026.pdf"
996560,"https://miu-documentos.s3.us-west-2.amazonaws.com/DATA-DOCS/miu-hml/documentos/143720/23820040/miuDocumento_960407_INTROALASBIOMOLECULASJeffHardin,GregoryBertoni-BeckersWorldoftheCell-Pearson(2018).pdf"
997886,"https://miu-documentos.s3.us-west-2.amazonaws.com/DATA-DOCS/miu-hml/documentos/143254/99000086/miuDocumento_997885_01ReglasEvaluacionesFinanciera2026.pdf"
997887,"https://miu-documentos.s3.us-west-2.amazonaws.com/DATA-DOCS/miu-hml/documentos/144719/20150320/miuDocumento_997887_0ProgramaDITII2026-JAC.pdf"
997888,"https://miu-documentos.s3.us-west-2.amazonaws.com/DATA-DOCS/miu-hml/documentos/143254/99000086/miuDocumento_997888_01BonosAccionesyTecnicasdeValuacion2025.pdf"
997889,"https://miu-documentos.s3.us-west-2.amazonaws.com/DATA-DOCS/miu-hml/documentos/143255/99000086/miuDocumento_997888_01BonosAccionesyTecnicasdeValuacion2025.pdf"
997907,"https://miu-documentos.s3.us-west-2.amazonaws.com/DATA-DOCS/miu-hml/documentos/144648/20150835/miuDocumento_997907_InstructivoMathHelp.pdf"
997908,"https://miu-documentos.s3.us-west-2.amazonaws.com/DATA-DOCS/miu-hml/documentos/144648/20150835/miuDocumento_997908_ReglasMathHelp.pdf"
997938,"https://miu-documentos.s3.us-west-2.amazonaws.com/DATA-DOCS/miu-hml/documentos/143376/20130088/miuDocumento_997938_Syllabus_C.pdf"
997944,"https://miu-documentos.s3.us-west-2.amazonaws.com/DATA-DOCS/miu-hml/documentos/143356/20260709/miuDocumento_997944_Chapter_2_V7_01.ppt"
997953,"https://miu-documentos.s3.us-west-2.amazonaws.com/DATA-DOCS/miu-hml/documentos/143257/20060096/miuDocumento_997953_02CostodeCapital-2026.pdf"
997960,"https://miu-documentos.s3.us-west-2.amazonaws.com/DATA-DOCS/miu-hml/documentos/143257/20060096/miuDocumento_997960_03Proyectosdeexpansionyreemplazo2026.pdf"
997967,"https://miu-documentos.s3.us-west-2.amazonaws.com/DATA-DOCS/miu-hml/documentos/143348/20130088/miuDocumento_997967_Clase1.pdf"
997983,"https://miu-documentos.s3.us-west-2.amazonaws.com/DATA-DOCS/miu-hml/documentos/143736/20090036/miuDocumento_997983_Elmedicofrentealamuerte.pdf"
997984,"https://miu-documentos.s3.us-west-2.amazonaws.com/DATA-DOCS/miu-hml/documentos/143738/20090036/miuDocumento_997983_Elmedicofrentealamuerte.pdf"
997985,"https://miu-documentos.s3.us-west-2.amazonaws.com/DATA-DOCS/miu-hml/documentos/143737/20090036/miuDocumento_997983_Elmedicofrentealamuerte.pdf"
997993,"https://miu-documentos.s3.us-west-2.amazonaws.com/DATA-DOCS/miu-hml/documentos/143005/13950296/miuDocumento_997993_EnglerMecanismosdeDefensadelYo.pdf"
997994,"https://miu-documentos.s3.us-west-2.amazonaws.com/DATA-DOCS/miu-hml/documentos/143005/13950296/miuDocumento_997994_FirstAidforthePsychiatryClerkship.pdf"
997998,"https://miu-documentos.s3.us-west-2.amazonaws.com/DATA-DOCS/miu-hml/documentos/143990/20060007/miuDocumento_997998_Tilt-2025LegalTechMap.pdf"
997999,"https://miu-documentos.s3.us-west-2.amazonaws.com/DATA-DOCS/miu-hml/documentos/143989/20060007/miuDocumento_997998_Tilt-2025LegalTechMap.pdf"
998005,"https://miu-documentos.s3.us-west-2.amazonaws.com/DATA-DOCS/miu-hml/documentos/142789/20130378/miuDocumento_998005_SILABOINFOTECNOLOGIAS2026.pdf"
998009,"https://miu-documentos.s3.us-west-2.amazonaws.com/DATA-DOCS/miu-hml/documentos/143989/20060007/miuDocumento_998009_TheFutureofBigLaw_AlternativeLegalServiceProviderstoCor.pdf"
998010,"https://miu-documentos.s3.us-west-2.amazonaws.com/DATA-DOCS/miu-hml/documentos/143990/20060007/miuDocumento_998009_TheFutureofBigLaw_AlternativeLegalServiceProviderstoCor.pdf"
998012,"https://miu-documentos.s3.us-west-2.amazonaws.com/DATA-DOCS/miu-hml/documentos/144723/21810012/miuDocumento_998012_Arbitraje9osemestre2026programa.docx"
998022,"https://miu-documentos.s3.us-west-2.amazonaws.com/DATA-DOCS/miu-hml/documentos/144725/20140469/miuDocumento_998022_Programa_FinanzasCorporativas_2026.pdf"
998057,"https://miu-documentos.s3.us-west-2.amazonaws.com/DATA-DOCS/miu-hml/documentos/144704/20180264/miuDocumento_998057_Superforecasting-AnOptimisticSkeptic.pdf"
998090,"https://miu-documentos.s3.us-west-2.amazonaws.com/DATA-DOCS/miu-hml/documentos/143514/20180701/miuDocumento_998090_GruposdetrabajoparadialogosseccionF202601-Sheet1.pdf"
998092,"https://miu-documentos.s3.us-west-2.amazonaws.com/DATA-DOCS/miu-hml/documentos/142915/20160894/miuDocumento_998092_GaryKingRobertO.KeohaneSidneyVerbaDesigningSocialInquiry1994.pdf"
998093,"https://miu-documentos.s3.us-west-2.amazonaws.com/DATA-DOCS/miu-hml/documentos/142916/20160894/miuDocumento_998092_GaryKingRobertO.KeohaneSidneyVerbaDesigningSocialInquiry1994.pdf"
998094,"https://miu-documentos.s3.us-west-2.amazonaws.com/DATA-DOCS/miu-hml/documentos/143313/20220206/miuDocumento_998094_NicolasJacquemet_OlivierLHaridon-ExperimentalEconomics_MethodandApplications-CambridgeUniversityPress.pdf"
998097,"https://miu-documentos.s3.us-west-2.amazonaws.com/DATA-DOCS/miu-hml/documentos/143275/20240700/miuDocumento_998097_IntegralesFormulario.pdf"
998087,"https://miu-documentos.s3.us-west-2.amazonaws.com/DATA-DOCS/miu-hml/documentos/143330/20181150/miuDocumento_998087_DISTRIBUCIONESDEFRECUENCIASAGRUPADASENINTERVALOS.doc"
998196,"https://miu-documentos.s3.us-west-2.amazonaws.com/DATA-DOCS/miu-hml/documentos/143748/20050772/miuDocumento_998196_MALFORMACIONESDELSIST.VENTRICULAR2026.pptx"
998120,"https://miu-documentos.s3.us-west-2.amazonaws.com/DATA-DOCS/miu-hml/documentos/144233/97000389/miuDocumento_998120_caso_el_profesorjannetmacombe2026.pdf"
998129,"https://miu-documentos.s3.us-west-2.amazonaws.com/DATA-DOCS/miu-hml/documentos/144064/20010492/miuDocumento_998129_elusodelconocimientoenlasociedad.pdf"
998170,"https://miu-documentos.s3.us-west-2.amazonaws.com/DATA-DOCS/miu-hml/documentos/143518/20150065/miuDocumento_998170_PlantillaSyllabus.docx"
998195,"https://miu-documentos.s3.us-west-2.amazonaws.com/DATA-DOCS/miu-hml/documentos/143748/20050772/miuDocumento_998195_MALFORMACIONESCONGENITAS2026.ppt"
998197,"https://miu-documentos.s3.us-west-2.amazonaws.com/DATA-DOCS/miu-hml/documentos/143749/20050772/miuDocumento_998196_MALFORMACIONESDELSIST.VENTRICULAR2026.pptx"
998198,"https://miu-documentos.s3.us-west-2.amazonaws.com/DATA-DOCS/miu-hml/documentos/143750/20050772/miuDocumento_998196_MALFORMACIONESDELSIST.VENTRICULAR2026.pptx"
998199,"https://miu-documentos.s3.us-west-2.amazonaws.com/DATA-DOCS/miu-hml/documentos/143750/20050772/miuDocumento_998199_MALFORMACIONESCONGENITAS2026.ppt"
998200,"https://miu-documentos.s3.us-west-2.amazonaws.com/DATA-DOCS/miu-hml/documentos/143749/20050772/miuDocumento_998199_MALFORMACIONESCONGENITAS2026.ppt"
998219,"https://miu-documentos.s3.us-west-2.amazonaws.com/DATA-DOCS/miu-hml/documentos/143737/20090036/miuDocumento_998217_GuiaLecturasPB12026.docx"
998236,"https://miu-documentos.s3.us-west-2.amazonaws.com/DATA-DOCS/miu-hml/documentos/143516/20160581/miuDocumento_998236_real-estate-finance-and-investments_compress.pdf"
998237,"https://miu-documentos.s3.us-west-2.amazonaws.com/DATA-DOCS/miu-hml/documentos/143766/20050291/miuDocumento_998237_Malformacionescongnitasdeltractogastrointestinal.pdf"
998238,"https://miu-documentos.s3.us-west-2.amazonaws.com/DATA-DOCS/miu-hml/documentos/143767/20050291/miuDocumento_998237_Malformacionescongnitasdeltractogastrointestinal.pdf"
998240,"https://miu-documentos.s3.us-west-2.amazonaws.com/DATA-DOCS/miu-hml/documentos/144004/20070993/miuDocumento_998240_TEMA1PLATNBLOQUEGRECIA.pdf"
998244,"https://miu-documentos.s3.us-west-2.amazonaws.com/DATA-DOCS/miu-hml/documentos/143738/20190187/miuDocumento_998244_GruposPsicobiologiaISeccionC.pdf"
998253,"https://miu-documentos.s3.us-west-2.amazonaws.com/DATA-DOCS/miu-hml/documentos/144603/20100914/miuDocumento_998253_NetworkEst.pdf"
998254,"https://miu-documentos.s3.us-west-2.amazonaws.com/DATA-DOCS/miu-hml/documentos/144604/20100914/miuDocumento_998253_NetworkEst.pdf"
998255,"https://miu-documentos.s3.us-west-2.amazonaws.com/DATA-DOCS/miu-hml/documentos/144603/20100914/miuDocumento_998255_CompTIA.Network.AllInOne.Exam.Guide.6th.Edition.Exam.N10006.pdf"
998256,"https://miu-documentos.s3.us-west-2.amazonaws.com/DATA-DOCS/miu-hml/documentos/144604/20100914/miuDocumento_998255_CompTIA.Network.AllInOne.Exam.Guide.6th.Edition.Exam.N10006.pdf"
998260,"https://miu-documentos.s3.us-west-2.amazonaws.com/DATA-DOCS/miu-hml/documentos/144237/21860003/miuDocumento_998260_PruebaDiagnsticaObligacionesMercantiles2026_ContratosMercantiles.docx"
998275,"https://miu-documentos.s3.us-west-2.amazonaws.com/DATA-DOCS/miu-hml/documentos/144721/20180609/miuDocumento_998275_UFM-Programas2026.pdf"
998276,"https://miu-documentos.s3.us-west-2.amazonaws.com/DATA-DOCS/miu-hml/documentos/144722/20180609/miuDocumento_998275_UFM-Programas2026.pdf"
995384,"https://miu-documentos.s3.us-west-2.amazonaws.com/DATA-DOCS/miu-hml/documentos/143023/20241404/miuDocumento_995384_2.InstruccionesDiagnosticoOrganizacionalPE2026.pdf"
995392,"https://miu-documentos.s3.us-west-2.amazonaws.com/DATA-DOCS/miu-hml/documentos/143023/20241404/miuDocumento_995392_PrimerareuniongrupalPE2025.pdf"
995403,"https://miu-documentos.s3.us-west-2.amazonaws.com/DATA-DOCS/miu-hml/documentos/143596/20090970/miuDocumento_995403_NietzscheHuman,AllTooHumanABookforFreeSpirits-Nietzsche.pdf"
995404,"https://miu-documentos.s3.us-west-2.amazonaws.com/DATA-DOCS/miu-hml/documentos/143597/20090970/miuDocumento_995404_TheConfessionsofSaintAugustine.pdf"
995408,"https://miu-documentos.s3.us-west-2.amazonaws.com/DATA-DOCS/miu-hml/documentos/143598/20090970/miuDocumento_995408_TheRepublic-Plato.pdf"
995412,"https://miu-documentos.s3.us-west-2.amazonaws.com/DATA-DOCS/miu-hml/documentos/143599/20090970/miuDocumento_995412_TheGeneralTheory-Keynes.pdf"
995413,"https://miu-documentos.s3.us-west-2.amazonaws.com/DATA-DOCS/miu-hml/documentos/143981/12900745/miuDocumento_995413_03.DescuentosIGSSen26.docx"
995414,"https://miu-documentos.s3.us-west-2.amazonaws.com/DATA-DOCS/miu-hml/documentos/143981/12900745/miuDocumento_995413_03.DescuentosIGSSen26.docx"
995518,"https://miu-documentos.s3.us-west-2.amazonaws.com/DATA-DOCS/miu-hml/documentos/136208/20090970/miuDocumento_944227_TheTheoryofCommunicativeAction-Habermas_958679_980243_995518.pdf"
995538,"https://miu-documentos.s3.us-west-2.amazonaws.com/DATA-DOCS/miu-hml/documentos/137916/20090970/miuDocumento_958776_ThinkAgainHowtoReasonandArguebyWalterSinnott-Armstrong_995538.pdf"
995520,"https://miu-documentos.s3.us-west-2.amazonaws.com/DATA-DOCS/miu-hml/documentos/136208/20090970/miuDocumento_944227_TheTheoryofCommunicativeAction-Habermas_958679_980243_995520.pdf"
995524,"https://miu-documentos.s3.us-west-2.amazonaws.com/DATA-DOCS/miu-hml/documentos/136208/20090970/miuDocumento_944229_GenderTrouble-Butler_958681_980244_995524.pdf"
995540,"https://miu-documentos.s3.us-west-2.amazonaws.com/DATA-DOCS/miu-hml/documentos/137916/20090970/miuDocumento_958777_SmartThinkingSkillsforCriticalUnderstandingandWritingbyMatthewAllen_995540.pdf"
995527,"https://miu-documentos.s3.us-west-2.amazonaws.com/DATA-DOCS/miu-hml/documentos/136208/20090970/miuDocumento_944230_DevelopmentAsFreedom-AmartyaSen_958683_980245_995527.pdf"
995542,"https://miu-documentos.s3.us-west-2.amazonaws.com/DATA-DOCS/miu-hml/documentos/137916/20090970/miuDocumento_961969_Discursorectoral_995542.pdf"
995602,"https://miu-documentos.s3.us-west-2.amazonaws.com/DATA-DOCS/miu-hml/documentos/144646/20210445/miuDocumento_995602_Mehrling-TheInherentHierarchyofMoney.pdf"
995605,"https://miu-documentos.s3.us-west-2.amazonaws.com/DATA-DOCS/miu-hml/documentos/144646/20210445/miuDocumento_995605_Horwitz-TheCostsofInflationRevisited.pdf"
995610,"https://miu-documentos.s3.us-west-2.amazonaws.com/DATA-DOCS/miu-hml/documentos/143595/20040100/miuDocumento_995610_1.ExamenFisicoGenetico,GeneticaClinica.pdf"
995611,"https://miu-documentos.s3.us-west-2.amazonaws.com/DATA-DOCS/miu-hml/documentos/143595/20040100/miuDocumento_995610_1.ExamenFisicoGenetico,GeneticaClinica.pdf"
995612,"https://miu-documentos.s3.us-west-2.amazonaws.com/DATA-DOCS/miu-hml/documentos/143595/20040100/miuDocumento_995610_1.ExamenFisicoGenetico,GeneticaClinica.pdf"
995629,"https://miu-documentos.s3.us-west-2.amazonaws.com/DATA-DOCS/miu-hml/documentos/143595/20040100/miuDocumento_995626_5.CasosClinicos-Cromosomopatias.pdf"
995720,"https://miu-documentos.s3.us-west-2.amazonaws.com/DATA-DOCS/miu-hml/documentos/143595/20040100/miuDocumento_995720_T2.AnomaliasMayores.pdf"
995721,"https://miu-documentos.s3.us-west-2.amazonaws.com/DATA-DOCS/miu-hml/documentos/143595/20040100/miuDocumento_995720_T2.AnomaliasMayores.pptx"
995722,"https://miu-documentos.s3.us-west-2.amazonaws.com/DATA-DOCS/miu-hml/documentos/143595/20040100/miuDocumento_995720_T2.AnomaliasMayores.pptx"
995723,"https://miu-documentos.s3.us-west-2.amazonaws.com/DATA-DOCS/miu-hml/documentos/143595/20040100/miuDocumento_995720_T2.AnomaliasMayores.pptx"
995724,"https://miu-documentos.s3.us-west-2.amazonaws.com/DATA-DOCS/miu-hml/documentos/143595/20040100/miuDocumento_995720_T2.AnomaliasMayores.pptx"
995726,"https://miu-documentos.s3.us-west-2.amazonaws.com/DATA-DOCS/miu-hml/documentos/143595/20040100/miuDocumento_995720_T2.AnomaliasMayores.pptx"
995748,"https://miu-documentos.s3.us-west-2.amazonaws.com/DATA-DOCS/miu-hml/documentos/143595/20040100/miuDocumento_995748_T6.Tamizajes.pdf"
995749,"https://miu-documentos.s3.us-west-2.amazonaws.com/DATA-DOCS/miu-hml/documentos/143595/20040100/miuDocumento_995748_T6.Tamizajes.pptx"
995750,"https://miu-documentos.s3.us-west-2.amazonaws.com/DATA-DOCS/miu-hml/documentos/143595/20040100/miuDocumento_995748_T6.Tamizajes.pptx"
996721,"https://miu-documentos.s3.us-west-2.amazonaws.com/DATA-DOCS/miu-hml/documentos/143679/20100147/miuDocumento_996721_EXAMENGENERALPRACTICO.pdf"
996722,"https://miu-documentos.s3.us-west-2.amazonaws.com/DATA-DOCS/miu-hml/documentos/143865/20100147/miuDocumento_996721_EXAMENGENERALPRACTICO.pdf"
996723,"https://miu-documentos.s3.us-west-2.amazonaws.com/DATA-DOCS/miu-hml/documentos/143683/20100147/miuDocumento_996721_EXAMENGENERALPRACTICO.pdf"
996724,"https://miu-documentos.s3.us-west-2.amazonaws.com/DATA-DOCS/miu-hml/documentos/143682/20100147/miuDocumento_996721_EXAMENGENERALPRACTICO.pdf"
996725,"https://miu-documentos.s3.us-west-2.amazonaws.com/DATA-DOCS/miu-hml/documentos/143681/20100147/miuDocumento_996721_EXAMENGENERALPRACTICO.pdf"
996726,"https://miu-documentos.s3.us-west-2.amazonaws.com/DATA-DOCS/miu-hml/documentos/143680/20100147/miuDocumento_996721_EXAMENGENERALPRACTICO.pdf"
996727,"https://miu-documentos.s3.us-west-2.amazonaws.com/DATA-DOCS/miu-hml/documentos/143684/20100147/miuDocumento_996721_EXAMENGENERALPRACTICO.pdf"
996728,"https://miu-documentos.s3.us-west-2.amazonaws.com/DATA-DOCS/miu-hml/documentos/142917/12890465/miuDocumento_996728_RCMSyllabusA2026.doc"
995751,"https://miu-documentos.s3.us-west-2.amazonaws.com/DATA-DOCS/miu-hml/documentos/143595/20040100/miuDocumento_995748_T6.Tamizajes.pptx"
995753,"https://miu-documentos.s3.us-west-2.amazonaws.com/DATA-DOCS/miu-hml/documentos/143595/20040100/miuDocumento_995748_T6.Tamizajes.pptx"
995769,"https://miu-documentos.s3.us-west-2.amazonaws.com/DATA-DOCS/miu-hml/documentos/143595/20040100/miuDocumento_995769_H3.PatronesdeHerencia.pdf"
995770,"https://miu-documentos.s3.us-west-2.amazonaws.com/DATA-DOCS/miu-hml/documentos/143595/20040100/miuDocumento_995769_H3.PatronesdeHerencia.pptx"
995771,"https://miu-documentos.s3.us-west-2.amazonaws.com/DATA-DOCS/miu-hml/documentos/143595/20040100/miuDocumento_995769_H3.PatronesdeHerencia.pptx"
995772,"https://miu-documentos.s3.us-west-2.amazonaws.com/DATA-DOCS/miu-hml/documentos/143595/20040100/miuDocumento_995769_H3.PatronesdeHerencia.pptx"
995773,"https://miu-documentos.s3.us-west-2.amazonaws.com/DATA-DOCS/miu-hml/documentos/143595/20040100/miuDocumento_995769_H3.PatronesdeHerencia.pptx"
995932,"https://miu-documentos.s3.us-west-2.amazonaws.com/DATA-DOCS/miu-hml/documentos/143583/20040100/miuDocumento_995932_5.DNAMicroarrays.pdf"
995934,"https://miu-documentos.s3.us-west-2.amazonaws.com/DATA-DOCS/miu-hml/documentos/143583/20040100/miuDocumento_995932_5.DNAMicroarrays.pdf"
995935,"https://miu-documentos.s3.us-west-2.amazonaws.com/DATA-DOCS/miu-hml/documentos/143583/20040100/miuDocumento_995932_5.DNAMicroarrays.pdf"
995936,"https://miu-documentos.s3.us-west-2.amazonaws.com/DATA-DOCS/miu-hml/documentos/143583/20040100/miuDocumento_995932_5.DNAMicroarrays.pdf"
996004,"https://miu-documentos.s3.us-west-2.amazonaws.com/DATA-DOCS/miu-hml/documentos/143868/20021275/miuDocumento_959964_LINEAMIENTOSGENERALESPARAINTERNOSUNOPv10_961228.05"
996005,"https://miu-documentos.s3.us-west-2.amazonaws.com/DATA-DOCS/miu-hml/documentos/143671/20021275/miuDocumento_959964_LINEAMIENTOSGENERALESPARAINTERNOSUNOPv10_961228.05"
996006,"https://miu-documentos.s3.us-west-2.amazonaws.com/DATA-DOCS/miu-hml/documentos/143667/20021275/miuDocumento_959964_LINEAMIENTOSGENERALESPARAINTERNOSUNOPv10_961228.05"
996007,"https://miu-documentos.s3.us-west-2.amazonaws.com/DATA-DOCS/miu-hml/documentos/143668/20021275/miuDocumento_959964_LINEAMIENTOSGENERALESPARAINTERNOSUNOPv10_961228.05"
996009,"https://miu-documentos.s3.us-west-2.amazonaws.com/DATA-DOCS/miu-hml/documentos/143670/20021275/miuDocumento_959964_LINEAMIENTOSGENERALESPARAINTERNOSUNOPv10_961228.05"
996010,"https://miu-documentos.s3.us-west-2.amazonaws.com/DATA-DOCS/miu-hml/documentos/143666/20021275/miuDocumento_959964_LINEAMIENTOSGENERALESPARAINTERNOSUNOPv10_961228.05"
996011,"https://miu-documentos.s3.us-west-2.amazonaws.com/DATA-DOCS/miu-hml/documentos/143868/20021275/miuDocumento_959968_REGISTRO_CLINICO_PEDIATRICO_961220.doc"
995390,"https://miu-documentos.s3.us-west-2.amazonaws.com/DATA-DOCS/miu-hml/documentos/143023/20241404/miuDocumento_995390_EvaluacionesAsesor-PE2026.xlsx-Funciones.pdf"
995395,"https://miu-documentos.s3.us-west-2.amazonaws.com/DATA-DOCS/miu-hml/documentos/143023/20241404/miuDocumento_995395_7.RubricaBestPractice.pdf"
995399,"https://miu-documentos.s3.us-west-2.amazonaws.com/DATA-DOCS/miu-hml/documentos/143253/20021249/miuDocumento_995399_03Proyectosdeexpansionyreemplazo-2026.pdf"
995405,"https://miu-documentos.s3.us-west-2.amazonaws.com/DATA-DOCS/miu-hml/documentos/143597/20090970/miuDocumento_995405_FearandTremblingKierkegaard.pdf"
995544,"https://miu-documentos.s3.us-west-2.amazonaws.com/DATA-DOCS/miu-hml/documentos/138170/20090970/miuDocumento_958693_CriticalThinkingSkills-StellaCottrell_995544.pdf"
995548,"https://miu-documentos.s3.us-west-2.amazonaws.com/DATA-DOCS/miu-hml/documentos/138170/20090970/miuDocumento_958697_Lahermeneutica-Ferraris_995548.pdf"
995550,"https://miu-documentos.s3.us-west-2.amazonaws.com/DATA-DOCS/miu-hml/documentos/138170/20090970/miuDocumento_958699_Teoriadelconocimiento-Hessen_995550.pdf"
995552,"https://miu-documentos.s3.us-west-2.amazonaws.com/DATA-DOCS/miu-hml/documentos/138170/20090970/miuDocumento_958701_Discursorectoral_995552.pdf"
995554,"https://miu-documentos.s3.us-west-2.amazonaws.com/DATA-DOCS/miu-hml/documentos/138170/20090970/miuDocumento_958703_Teoriadelconocimiento-AlejandroLlano_995554.pdf"
995556,"https://miu-documentos.s3.us-west-2.amazonaws.com/DATA-DOCS/miu-hml/documentos/138170/20090970/miuDocumento_958705_RazonamientoCritico-Polanco_995556.pdf"
995560,"https://miu-documentos.s3.us-west-2.amazonaws.com/DATA-DOCS/miu-hml/documentos/138170/20090970/miuDocumento_958755_ManuelVelasquez,Philosophy_995560.pdf"
996001,"https://miu-documentos.s3.us-west-2.amazonaws.com/DATA-DOCS/miu-hml/documentos/144827/20230676/miuDocumento_996001_RepositoriodeProcesosyChatbotconAI.docx"
996093,"https://miu-documentos.s3.us-west-2.amazonaws.com/DATA-DOCS/miu-hml/documentos/143587/20021275/miuDocumento_996093_1TUTORESBARBARA.xlsx"
996095,"https://miu-documentos.s3.us-west-2.amazonaws.com/DATA-DOCS/miu-hml/documentos/143589/20021275/miuDocumento_996093_1TUTORESBARBARA.xlsx"
996096,"https://miu-documentos.s3.us-west-2.amazonaws.com/DATA-DOCS/miu-hml/documentos/143588/20021275/miuDocumento_996093_1TUTORESBARBARA.xlsx"
996097,"https://miu-documentos.s3.us-west-2.amazonaws.com/DATA-DOCS/miu-hml/documentos/143590/20021275/miuDocumento_996093_1TUTORESBARBARA.xlsx"
996013,"https://miu-documentos.s3.us-west-2.amazonaws.com/DATA-DOCS/miu-hml/documentos/143667/20021275/miuDocumento_959968_REGISTRO_CLINICO_PEDIATRICO_961220.doc"
996014,"https://miu-documentos.s3.us-west-2.amazonaws.com/DATA-DOCS/miu-hml/documentos/143668/20021275/miuDocumento_959968_REGISTRO_CLINICO_PEDIATRICO_961220.doc"
996015,"https://miu-documentos.s3.us-west-2.amazonaws.com/DATA-DOCS/miu-hml/documentos/143669/20021275/miuDocumento_959968_REGISTRO_CLINICO_PEDIATRICO_961220.doc"
996017,"https://miu-documentos.s3.us-west-2.amazonaws.com/DATA-DOCS/miu-hml/documentos/143666/20021275/miuDocumento_959968_REGISTRO_CLINICO_PEDIATRICO_961220.doc"
996019,"https://miu-documentos.s3.us-west-2.amazonaws.com/DATA-DOCS/miu-hml/documentos/143671/20021275/miuDocumento_959965_EVALUACIONINICIALCONFERERENCIA2016_961242.pptx"
996020,"https://miu-documentos.s3.us-west-2.amazonaws.com/DATA-DOCS/miu-hml/documentos/143667/20021275/miuDocumento_959965_EVALUACIONINICIALCONFERERENCIA2016_961242.pptx"
996021,"https://miu-documentos.s3.us-west-2.amazonaws.com/DATA-DOCS/miu-hml/documentos/143668/20021275/miuDocumento_959965_EVALUACIONINICIALCONFERERENCIA2016_961242.pptx"
996024,"https://miu-documentos.s3.us-west-2.amazonaws.com/DATA-DOCS/miu-hml/documentos/143666/20021275/miuDocumento_959965_EVALUACIONINICIALCONFERERENCIA2016_961242.pptx"
996025,"https://miu-documentos.s3.us-west-2.amazonaws.com/DATA-DOCS/miu-hml/documentos/143868/20021275/miuDocumento_959966_si-desarrollo1_961213.pdf"
996026,"https://miu-documentos.s3.us-west-2.amazonaws.com/DATA-DOCS/miu-hml/documentos/143671/20021275/miuDocumento_959966_si-desarrollo1_961213.pdf"
996029,"https://miu-documentos.s3.us-west-2.amazonaws.com/DATA-DOCS/miu-hml/documentos/143669/20021275/miuDocumento_959966_si-desarrollo1_961213.pdf"
996030,"https://miu-documentos.s3.us-west-2.amazonaws.com/DATA-DOCS/miu-hml/documentos/143670/20021275/miuDocumento_959966_si-desarrollo1_961213.pdf"
996031,"https://miu-documentos.s3.us-west-2.amazonaws.com/DATA-DOCS/miu-hml/documentos/143666/20021275/miuDocumento_959966_si-desarrollo1_961213.pdf"
996032,"https://miu-documentos.s3.us-west-2.amazonaws.com/DATA-DOCS/miu-hml/documentos/143868/20021275/miuDocumento_965861_BibliografiaInternos.xlsx"
996033,"https://miu-documentos.s3.us-west-2.amazonaws.com/DATA-DOCS/miu-hml/documentos/143671/20021275/miuDocumento_965861_BibliografiaInternos.xlsx"
996034,"https://miu-documentos.s3.us-west-2.amazonaws.com/DATA-DOCS/miu-hml/documentos/143667/20021275/miuDocumento_965861_BibliografiaInternos.xlsx"
996035,"https://miu-documentos.s3.us-west-2.amazonaws.com/DATA-DOCS/miu-hml/documentos/143668/20021275/miuDocumento_965861_BibliografiaInternos.xlsx"
996036,"https://miu-documentos.s3.us-west-2.amazonaws.com/DATA-DOCS/miu-hml/documentos/143669/20021275/miuDocumento_965861_BibliografiaInternos.xlsx"
996037,"https://miu-documentos.s3.us-west-2.amazonaws.com/DATA-DOCS/miu-hml/documentos/143670/20021275/miuDocumento_965861_BibliografiaInternos.xlsx"
996038,"https://miu-documentos.s3.us-west-2.amazonaws.com/DATA-DOCS/miu-hml/documentos/143666/20021275/miuDocumento_965861_BibliografiaInternos.xlsx"
996039,"https://miu-documentos.s3.us-west-2.amazonaws.com/DATA-DOCS/miu-hml/documentos/143868/20021275/miuDocumento_961528_papeleta_por_Weed.doc"
996040,"https://miu-documentos.s3.us-west-2.amazonaws.com/DATA-DOCS/miu-hml/documentos/143671/20021275/miuDocumento_961528_papeleta_por_Weed.doc"
995480,"https://miu-documentos.s3.us-west-2.amazonaws.com/DATA-DOCS/miu-hml/documentos/136208/20090970/miuDocumento_944206_Teoriadelajusticia-Rawls_958659_980233_995480.pdf"
996098,"https://miu-documentos.s3.us-west-2.amazonaws.com/DATA-DOCS/miu-hml/documentos/143587/20021275/miuDocumento_996098_CASenero2026amarzo2026.xlsx"
996192,"https://miu-documentos.s3.us-west-2.amazonaws.com/DATA-DOCS/miu-hml/documentos/143666/20021275/miuDocumento_996192_ROLDEINTERNOSIGSS-UFMENEFEB26.docx"
996100,"https://miu-documentos.s3.us-west-2.amazonaws.com/DATA-DOCS/miu-hml/documentos/143589/20021275/miuDocumento_996098_CASenero2026amarzo2026.xlsx"
996101,"https://miu-documentos.s3.us-west-2.amazonaws.com/DATA-DOCS/miu-hml/documentos/143588/20021275/miuDocumento_996098_CASenero2026amarzo2026.xlsx"
996102,"https://miu-documentos.s3.us-west-2.amazonaws.com/DATA-DOCS/miu-hml/documentos/143590/20021275/miuDocumento_996098_CASenero2026amarzo2026.xlsx"
996193,"https://miu-documentos.s3.us-west-2.amazonaws.com/DATA-DOCS/miu-hml/documentos/143666/20021275/miuDocumento_996193_Programaacadmicoenero-febrero2026.xlsx"
996328,"https://miu-documentos.s3.us-west-2.amazonaws.com/DATA-DOCS/miu-hml/documentos/143453/20030090/miuDocumento_712711_1CadenaSuministrosVulnerabilidadAL(1)(3)_774512_926461.pdf"
996329,"https://miu-documentos.s3.us-west-2.amazonaws.com/DATA-DOCS/miu-hml/documentos/143453/20030090/miuDocumento_712712_ENADE2016-PromoviendoCiudadesIntermedias(310816)Columnistas_774514_926463.pdf"
996330,"https://miu-documentos.s3.us-west-2.amazonaws.com/DATA-DOCS/miu-hml/documentos/143453/20030090/miuDocumento_712713_ENADE_2017_-_Mas_y_Mejor_Infraestructura_Vial_a-Futuro_(270917)_Columnistas_774513_926462.pdf"
996331,"https://miu-documentos.s3.us-west-2.amazonaws.com/DATA-DOCS/miu-hml/documentos/143453/20030090/miuDocumento_713423_LeydePesosyDimensiones_774515_926464.pdf"
995491,"https://miu-documentos.s3.us-west-2.amazonaws.com/DATA-DOCS/miu-hml/documentos/136208/20090970/miuDocumento_944212_TheHumanCondition-Arendt_958665_980236_995491.pdf"
995495,"https://miu-documentos.s3.us-west-2.amazonaws.com/DATA-DOCS/miu-hml/documentos/136208/20090970/miuDocumento_944215_DisciplineandPunish-Foucault_958667_980237_995495.pdf"
995613,"https://miu-documentos.s3.us-west-2.amazonaws.com/DATA-DOCS/miu-hml/documentos/143595/20040100/miuDocumento_995610_1.ExamenFisicoGenetico,GeneticaClinica.pdf"
996023,"https://miu-documentos.s3.us-west-2.amazonaws.com/DATA-DOCS/miu-hml/documentos/143670/20021275/miuDocumento_959965_EVALUACIONINICIALCONFERERENCIA2016_961242.pptx"
995933,"https://miu-documentos.s3.us-west-2.amazonaws.com/DATA-DOCS/miu-hml/documentos/143583/20040100/miuDocumento_995932_5.DNAMicroarrays.pdf"
996129,"https://miu-documentos.s3.us-west-2.amazonaws.com/DATA-DOCS/miu-hml/documentos/143342/16860249/miuDocumento_996129_captulo1ElliberalismoenGuatemalaCastellanos.pdf"
996332,"https://miu-documentos.s3.us-west-2.amazonaws.com/DATA-DOCS/miu-hml/documentos/143453/20030090/miuDocumento_712715_MonitorLogistico2-2017_774516_926466.pdf"
996333,"https://miu-documentos.s3.us-west-2.amazonaws.com/DATA-DOCS/miu-hml/documentos/143453/20030090/miuDocumento_712716_MonitorLogistico3-2017_774518_926468.pdf"
996334,"https://miu-documentos.s3.us-west-2.amazonaws.com/DATA-DOCS/miu-hml/documentos/143453/20030090/miuDocumento_712714_MonitorLogistico1-2017_774517_926467.pdf"
996335,"https://miu-documentos.s3.us-west-2.amazonaws.com/DATA-DOCS/miu-hml/documentos/143453/20030090/miuDocumento_712719_Soluciones_para_automatizar_CEDIS_774519_926469.pdf"
996336,"https://miu-documentos.s3.us-west-2.amazonaws.com/DATA-DOCS/miu-hml/documentos/143453/20030090/miuDocumento_712724_TheDemand-DrivenBCG_774524_926470.pdf"
996337,"https://miu-documentos.s3.us-west-2.amazonaws.com/DATA-DOCS/miu-hml/documentos/143453/20030090/miuDocumento_712720_Seven_keys_Forecast_774526_926472.pdf"
996338,"https://miu-documentos.s3.us-west-2.amazonaws.com/DATA-DOCS/miu-hml/documentos/143453/20030090/miuDocumento_712729_S&OPBCG_774523_926473.pdf"
996339,"https://miu-documentos.s3.us-west-2.amazonaws.com/DATA-DOCS/miu-hml/documentos/143453/20030090/miuDocumento_712721_ArticuloComomedirprecision_774527_926474.pdf"
996041,"https://miu-documentos.s3.us-west-2.amazonaws.com/DATA-DOCS/miu-hml/documentos/143667/20021275/miuDocumento_961528_papeleta_por_Weed.doc"
996042,"https://miu-documentos.s3.us-west-2.amazonaws.com/DATA-DOCS/miu-hml/documentos/143668/20021275/miuDocumento_961528_papeleta_por_Weed.doc"
996043,"https://miu-documentos.s3.us-west-2.amazonaws.com/DATA-DOCS/miu-hml/documentos/143669/20021275/miuDocumento_961528_papeleta_por_Weed.doc"
996045,"https://miu-documentos.s3.us-west-2.amazonaws.com/DATA-DOCS/miu-hml/documentos/143666/20021275/miuDocumento_961528_papeleta_por_Weed.doc"
996046,"https://miu-documentos.s3.us-west-2.amazonaws.com/DATA-DOCS/miu-hml/documentos/143868/20021275/miuDocumento_986364_REQUISITOSPARAROTARENUNIDADCUIDADOSINTENSIVOSUNOP.docx"
996048,"https://miu-documentos.s3.us-west-2.amazonaws.com/DATA-DOCS/miu-hml/documentos/143667/20021275/miuDocumento_986364_REQUISITOSPARAROTARENUNIDADCUIDADOSINTENSIVOSUNOP.docx"
996049,"https://miu-documentos.s3.us-west-2.amazonaws.com/DATA-DOCS/miu-hml/documentos/143668/20021275/miuDocumento_986364_REQUISITOSPARAROTARENUNIDADCUIDADOSINTENSIVOSUNOP.docx"
996050,"https://miu-documentos.s3.us-west-2.amazonaws.com/DATA-DOCS/miu-hml/documentos/143669/20021275/miuDocumento_986364_REQUISITOSPARAROTARENUNIDADCUIDADOSINTENSIVOSUNOP.docx"
996051,"https://miu-documentos.s3.us-west-2.amazonaws.com/DATA-DOCS/miu-hml/documentos/143670/20021275/miuDocumento_986364_REQUISITOSPARAROTARENUNIDADCUIDADOSINTENSIVOSUNOP.docx"
996052,"https://miu-documentos.s3.us-west-2.amazonaws.com/DATA-DOCS/miu-hml/documentos/143666/20021275/miuDocumento_986364_REQUISITOSPARAROTARENUNIDADCUIDADOSINTENSIVOSUNOP.docx"
996130,"https://miu-documentos.s3.us-west-2.amazonaws.com/DATA-DOCS/miu-hml/documentos/143342/16860249/miuDocumento_996130_Evolucindelasideassurgimientodelliberalismo.pptx"
996113,"https://miu-documentos.s3.us-west-2.amazonaws.com/DATA-DOCS/miu-hml/documentos/143587/20021275/miuDocumento_996113_Rolturnos9febrerroal20marzo20261.docx"
996115,"https://miu-documentos.s3.us-west-2.amazonaws.com/DATA-DOCS/miu-hml/documentos/143589/20021275/miuDocumento_996113_Rolturnos9febrerroal20marzo20261.docx"
996116,"https://miu-documentos.s3.us-west-2.amazonaws.com/DATA-DOCS/miu-hml/documentos/143588/20021275/miuDocumento_996113_Rolturnos9febrerroal20marzo20261.docx"
996117,"https://miu-documentos.s3.us-west-2.amazonaws.com/DATA-DOCS/miu-hml/documentos/143590/20021275/miuDocumento_996113_Rolturnos9febrerroal20marzo20261.docx"
995515,"https://miu-documentos.s3.us-west-2.amazonaws.com/DATA-DOCS/miu-hml/documentos/136208/20090970/miuDocumento_944225_TheTheoryofCommunicativeAction-Habermas_958677_980242_995515.pdf"
995511,"https://miu-documentos.s3.us-west-2.amazonaws.com/DATA-DOCS/miu-hml/documentos/136208/20090970/miuDocumento_944221_StructuralAnthropology-Levi-Strauss_958675_980241_995511.pdf"
995487,"https://miu-documentos.s3.us-west-2.amazonaws.com/DATA-DOCS/miu-hml/documentos/136208/20090970/miuDocumento_944208_TheOriginsofTotalitarianism-Arendt_958663_980235_995487.pdf"
997677,"https://miu-documentos.s3.us-west-2.amazonaws.com/DATA-DOCS/miu-hml/documentos/143861/20040078/miuDocumento_997676_TheBiasBlindSpot.pdf"
997678,"https://miu-documentos.s3.us-west-2.amazonaws.com/DATA-DOCS/miu-hml/documentos/143856/20040078/miuDocumento_997676_TheBiasBlindSpot.pdf"
997679,"https://miu-documentos.s3.us-west-2.amazonaws.com/DATA-DOCS/miu-hml/documentos/143701/20040078/miuDocumento_997676_TheBiasBlindSpot.pdf"
997680,"https://miu-documentos.s3.us-west-2.amazonaws.com/DATA-DOCS/miu-hml/documentos/143700/20040078/miuDocumento_997676_TheBiasBlindSpot.pdf"
997681,"https://miu-documentos.s3.us-west-2.amazonaws.com/DATA-DOCS/miu-hml/documentos/143861/20040078/miuDocumento_997676_TheBiasBlindSpot.pdf"
997682,"https://miu-documentos.s3.us-west-2.amazonaws.com/DATA-DOCS/miu-hml/documentos/143856/20040078/miuDocumento_997676_TheBiasBlindSpot.pdf"
997683,"https://miu-documentos.s3.us-west-2.amazonaws.com/DATA-DOCS/miu-hml/documentos/143701/20040078/miuDocumento_997676_TheBiasBlindSpot.pdf"
997684,"https://miu-documentos.s3.us-west-2.amazonaws.com/DATA-DOCS/miu-hml/documentos/143700/20040078/miuDocumento_997676_TheBiasBlindSpot.pdf"
997687,"https://miu-documentos.s3.us-west-2.amazonaws.com/DATA-DOCS/miu-hml/documentos/144422/20790011/miuDocumento_997687_DiseoArqutiectonico72026.pdf"
997698,"https://miu-documentos.s3.us-west-2.amazonaws.com/DATA-DOCS/miu-hml/documentos/143512/20050531/miuDocumento_997698_Brownr-and-Keeley----Asking--the-Right-Questions---A-Guide-to-Critical-Thinking.pdf"
997699,"https://miu-documentos.s3.us-west-2.amazonaws.com/DATA-DOCS/miu-hml/documentos/143512/20050531/miuDocumento_997699_ManualRazonamientoCritico-MorisPolanco3.pdf"
997701,"https://miu-documentos.s3.us-west-2.amazonaws.com/DATA-DOCS/miu-hml/documentos/143744/20090214/miuDocumento_997701_IEarticle.pdf"
997702,"https://miu-documentos.s3.us-west-2.amazonaws.com/DATA-DOCS/miu-hml/documentos/143746/20090214/miuDocumento_997701_IEarticle.pdf"
997703,"https://miu-documentos.s3.us-west-2.amazonaws.com/DATA-DOCS/miu-hml/documentos/143745/20090214/miuDocumento_997701_IEarticle.pdf"
997704,"https://miu-documentos.s3.us-west-2.amazonaws.com/DATA-DOCS/miu-hml/documentos/144224/20110462/miuDocumento_997704_ComunicadoGT-AsuntoVenezuela.jpeg"
997705,"https://miu-documentos.s3.us-west-2.amazonaws.com/DATA-DOCS/miu-hml/documentos/144223/20110462/miuDocumento_997704_ComunicadoGT-AsuntoVenezuela.jpeg"
997709,"https://miu-documentos.s3.us-west-2.amazonaws.com/DATA-DOCS/miu-hml/documentos/144590/20190609/miuDocumento_962920_Sesion1-LaExperienciaPoliticadelosAntiguosGriegos.pdf"
997710,"https://miu-documentos.s3.us-west-2.amazonaws.com/DATA-DOCS/miu-hml/documentos/144590/20190609/miuDocumento_835926_Consejosparahacerunaexposicionfilosofica(2)_962933.pdf"
997711,"https://miu-documentos.s3.us-west-2.amazonaws.com/DATA-DOCS/miu-hml/documentos/144590/20190609/miuDocumento_873137_miuDocumento_870199_Turnitin-ManualEstudiantes(1)_962928.pdf"
997712,"https://miu-documentos.s3.us-west-2.amazonaws.com/DATA-DOCS/miu-hml/documentos/144590/20190609/miuDocumento_962925_ElgeniodeOccidente(SpanishEdition).pdf"
997713,"https://miu-documentos.s3.us-west-2.amazonaws.com/DATA-DOCS/miu-hml/documentos/144590/20190609/miuDocumento_796474_Kagan-Comoescribirensayos-subrayado_962926.pdf"
995607,"https://miu-documentos.s3.us-west-2.amazonaws.com/DATA-DOCS/miu-hml/documentos/144646/20210445/miuDocumento_995607_GlasnerZimmerman-TheSraffa-HayekDebateontheNaturalRateofInterest.pdf"
995331,"https://miu-documentos.s3.us-west-2.amazonaws.com/DATA-DOCS/miu-hml/documentos/118238/20150864/miuDocumento_814686_robbins-patologiaestructuralyfuncional6ed-1_855144_959086_995331.pdf"
995394,"https://miu-documentos.s3.us-west-2.amazonaws.com/DATA-DOCS/miu-hml/documentos/143023/20241404/miuDocumento_995394_8.Rubricainformesejecutivosyreportedehoras.pdf"
996055,"https://miu-documentos.s3.us-west-2.amazonaws.com/DATA-DOCS/miu-hml/documentos/143589/20021275/miuDocumento_964854_ManejodesospechadeabusoenCSB.docx"
996056,"https://miu-documentos.s3.us-west-2.amazonaws.com/DATA-DOCS/miu-hml/documentos/143588/20021275/miuDocumento_964854_ManejodesospechadeabusoenCSB.docx"
996057,"https://miu-documentos.s3.us-west-2.amazonaws.com/DATA-DOCS/miu-hml/documentos/143590/20021275/miuDocumento_964854_ManejodesospechadeabusoenCSB.docx"
996058,"https://miu-documentos.s3.us-west-2.amazonaws.com/DATA-DOCS/miu-hml/documentos/143587/20021275/miuDocumento_819784_REGISTRO_CLINICO_PEDIATRICO_923562.doc"
996059,"https://miu-documentos.s3.us-west-2.amazonaws.com/DATA-DOCS/miu-hml/documentos/143824/20021275/miuDocumento_819784_REGISTRO_CLINICO_PEDIATRICO_923562.doc"
996060,"https://miu-documentos.s3.us-west-2.amazonaws.com/DATA-DOCS/miu-hml/documentos/143589/20021275/miuDocumento_819784_REGISTRO_CLINICO_PEDIATRICO_923562.doc"
996061,"https://miu-documentos.s3.us-west-2.amazonaws.com/DATA-DOCS/miu-hml/documentos/143588/20021275/miuDocumento_819784_REGISTRO_CLINICO_PEDIATRICO_923562.doc"
996062,"https://miu-documentos.s3.us-west-2.amazonaws.com/DATA-DOCS/miu-hml/documentos/143590/20021275/miuDocumento_819784_REGISTRO_CLINICO_PEDIATRICO_923562.doc"
996063,"https://miu-documentos.s3.us-west-2.amazonaws.com/DATA-DOCS/miu-hml/documentos/143587/20021275/miuDocumento_819780_ProtocoloparaPediatria_923561.(1)"
996064,"https://miu-documentos.s3.us-west-2.amazonaws.com/DATA-DOCS/miu-hml/documentos/143824/20021275/miuDocumento_819780_ProtocoloparaPediatria_923561.(1)"
996065,"https://miu-documentos.s3.us-west-2.amazonaws.com/DATA-DOCS/miu-hml/documentos/143589/20021275/miuDocumento_819780_ProtocoloparaPediatria_923561.(1)"
996066,"https://miu-documentos.s3.us-west-2.amazonaws.com/DATA-DOCS/miu-hml/documentos/143588/20021275/miuDocumento_819780_ProtocoloparaPediatria_923561.(1)"
996067,"https://miu-documentos.s3.us-west-2.amazonaws.com/DATA-DOCS/miu-hml/documentos/143590/20021275/miuDocumento_819780_ProtocoloparaPediatria_923561.(1)"
996068,"https://miu-documentos.s3.us-west-2.amazonaws.com/DATA-DOCS/miu-hml/documentos/143587/20021275/miuDocumento_834611_FormatoparalasGuias_923563.doc"
996069,"https://miu-documentos.s3.us-west-2.amazonaws.com/DATA-DOCS/miu-hml/documentos/143824/20021275/miuDocumento_834611_FormatoparalasGuias_923563.doc"
996070,"https://miu-documentos.s3.us-west-2.amazonaws.com/DATA-DOCS/miu-hml/documentos/143589/20021275/miuDocumento_834611_FormatoparalasGuias_923563.doc"
996071,"https://miu-documentos.s3.us-west-2.amazonaws.com/DATA-DOCS/miu-hml/documentos/143588/20021275/miuDocumento_834611_FormatoparalasGuias_923563.doc"
996072,"https://miu-documentos.s3.us-west-2.amazonaws.com/DATA-DOCS/miu-hml/documentos/143590/20021275/miuDocumento_834611_FormatoparalasGuias_923563.doc"
996073,"https://miu-documentos.s3.us-west-2.amazonaws.com/DATA-DOCS/miu-hml/documentos/143587/20021275/miuDocumento_819772_papeleta_por_Weed[1]_923560.Externos"
996074,"https://miu-documentos.s3.us-west-2.amazonaws.com/DATA-DOCS/miu-hml/documentos/143824/20021275/miuDocumento_819772_papeleta_por_Weed[1]_923560.Externos"
996075,"https://miu-documentos.s3.us-west-2.amazonaws.com/DATA-DOCS/miu-hml/documentos/143589/20021275/miuDocumento_819772_papeleta_por_Weed[1]_923560.Externos"
996076,"https://miu-documentos.s3.us-west-2.amazonaws.com/DATA-DOCS/miu-hml/documentos/143588/20021275/miuDocumento_819772_papeleta_por_Weed[1]_923560.Externos"
996077,"https://miu-documentos.s3.us-west-2.amazonaws.com/DATA-DOCS/miu-hml/documentos/143590/20021275/miuDocumento_819772_papeleta_por_Weed[1]_923560.Externos"
995805,"https://miu-documentos.s3.us-west-2.amazonaws.com/DATA-DOCS/miu-hml/documentos/143595/20040100/miuDocumento_995610_1_995805.ExamenFisicoGenetico,GeneticaClinica"
995827,"https://miu-documentos.s3.us-west-2.amazonaws.com/DATA-DOCS/miu-hml/documentos/143595/20040100/miuDocumento_995755_H1_995827.ConsejeriaGenetica"
996409,"https://miu-documentos.s3.us-west-2.amazonaws.com/DATA-DOCS/miu-hml/documentos/144708/20180351/miuDocumento_996409_18.CookS.A.TheEndofAmbition.pdf"
996410,"https://miu-documentos.s3.us-west-2.amazonaws.com/DATA-DOCS/miu-hml/documentos/144708/20180351/miuDocumento_996410_19.F.GregoryGauseIIITheInternationalRelationsofthePersianGulf.pdf"
996424,"https://miu-documentos.s3.us-west-2.amazonaws.com/DATA-DOCS/miu-hml/documentos/144708/20180351/miuDocumento_996424_33.KrishnamoorthiR.2025.WhatTrumpGetsWrongAboutChina.pdf"
996426,"https://miu-documentos.s3.us-west-2.amazonaws.com/DATA-DOCS/miu-hml/documentos/144708/20180351/miuDocumento_996426_35.SeventhAnnualMessageMonroeDoctrineDecember21823.pdf"
996429,"https://miu-documentos.s3.us-west-2.amazonaws.com/DATA-DOCS/miu-hml/documentos/144708/20180351/miuDocumento_996429_38.LuceE.2025.WhyLatinAmericaloomssolargeforTrump.pdf"
996431,"https://miu-documentos.s3.us-west-2.amazonaws.com/DATA-DOCS/miu-hml/documentos/144708/20180351/miuDocumento_996431_40.GCaMTrump-Venezuela.pdf"
996693,"https://miu-documentos.s3.us-west-2.amazonaws.com/DATA-DOCS/miu-hml/documentos/143679/20100147/miuDocumento_996693_EV.SEMANALSERVICIOINT.pdf"
996694,"https://miu-documentos.s3.us-west-2.amazonaws.com/DATA-DOCS/miu-hml/documentos/143865/20100147/miuDocumento_996693_EV.SEMANALSERVICIOINT.pdf"
996695,"https://miu-documentos.s3.us-west-2.amazonaws.com/DATA-DOCS/miu-hml/documentos/143683/20100147/miuDocumento_996693_EV.SEMANALSERVICIOINT.pdf"
996696,"https://miu-documentos.s3.us-west-2.amazonaws.com/DATA-DOCS/miu-hml/documentos/143682/20100147/miuDocumento_996693_EV.SEMANALSERVICIOINT.pdf"
997071,"https://miu-documentos.s3.us-west-2.amazonaws.com/DATA-DOCS/miu-hml/documentos/143721/23820040/miuDocumento_997069_Traduccio_n.MolecularBiologyoftheCell6thedition-Alberts-NEW.pdf"
997075,"https://miu-documentos.s3.us-west-2.amazonaws.com/DATA-DOCS/miu-hml/documentos/143720/23820040/miuDocumento_997075_Modificacionesposttranscripcionales.MolecularBiologyoftheCell6thedition-Alberts-NEW.pdf"
997076,"https://miu-documentos.s3.us-west-2.amazonaws.com/DATA-DOCS/miu-hml/documentos/143722/23820040/miuDocumento_997075_Modificacionesposttranscripcionales.MolecularBiologyoftheCell6thedition-Alberts-NEW.pdf"
997077,"https://miu-documentos.s3.us-west-2.amazonaws.com/DATA-DOCS/miu-hml/documentos/143721/23820040/miuDocumento_997075_Modificacionesposttranscripcionales.MolecularBiologyoftheCell6thedition-Alberts-NEW.pdf"
997099,"https://miu-documentos.s3.us-west-2.amazonaws.com/DATA-DOCS/miu-hml/documentos/143720/23820040/miuDocumento_997099_RERyplegamiento.2019.ALBERTS6THED.pdf"
997100,"https://miu-documentos.s3.us-west-2.amazonaws.com/DATA-DOCS/miu-hml/documentos/143722/23820040/miuDocumento_997099_RERyplegamiento.2019.ALBERTS6THED.pdf"
997101,"https://miu-documentos.s3.us-west-2.amazonaws.com/DATA-DOCS/miu-hml/documentos/143721/23820040/miuDocumento_997099_RERyplegamiento.2019.ALBERTS6THED.pdf"
997102,"https://miu-documentos.s3.us-west-2.amazonaws.com/DATA-DOCS/miu-hml/documentos/143720/23820040/miuDocumento_997102_RELJeffHardinGregoryBertoni-BeckersWorldoftheCell-Pearson2018.pdf"
997103,"https://miu-documentos.s3.us-west-2.amazonaws.com/DATA-DOCS/miu-hml/documentos/143722/23820040/miuDocumento_997102_RELJeffHardinGregoryBertoni-BeckersWorldoftheCell-Pearson2018.pdf"
997104,"https://miu-documentos.s3.us-west-2.amazonaws.com/DATA-DOCS/miu-hml/documentos/143721/23820040/miuDocumento_997102_RELJeffHardinGregoryBertoni-BeckersWorldoftheCell-Pearson2018.pdf"
997114,"https://miu-documentos.s3.us-west-2.amazonaws.com/DATA-DOCS/miu-hml/documentos/143720/23820040/miuDocumento_997114_LisosomasAlberts2021.pdf"
997115,"https://miu-documentos.s3.us-west-2.amazonaws.com/DATA-DOCS/miu-hml/documentos/143722/23820040/miuDocumento_997114_LisosomasAlberts2021.pdf"
997116,"https://miu-documentos.s3.us-west-2.amazonaws.com/DATA-DOCS/miu-hml/documentos/143721/23820040/miuDocumento_997114_LisosomasAlberts2021.pdf"
997123,"https://miu-documentos.s3.us-west-2.amazonaws.com/DATA-DOCS/miu-hml/documentos/143720/23820040/miuDocumento_997123_1.introalciclocelularMolecularBiologyoftheCell6thedition-Alberts-NEW.pdf"
997124,"https://miu-documentos.s3.us-west-2.amazonaws.com/DATA-DOCS/miu-hml/documentos/143722/23820040/miuDocumento_997123_1.introalciclocelularMolecularBiologyoftheCell6thedition-Alberts-NEW.pdf"
997125,"https://miu-documentos.s3.us-west-2.amazonaws.com/DATA-DOCS/miu-hml/documentos/143721/23820040/miuDocumento_997123_1.introalciclocelularMolecularBiologyoftheCell6thedition-Alberts-NEW.pdf"
997129,"https://miu-documentos.s3.us-west-2.amazonaws.com/DATA-DOCS/miu-hml/documentos/143720/23820040/miuDocumento_997129_1628638430.mp4"
997130,"https://miu-documentos.s3.us-west-2.amazonaws.com/DATA-DOCS/miu-hml/documentos/143722/23820040/miuDocumento_997129_1628638430.mp4"
997131,"https://miu-documentos.s3.us-west-2.amazonaws.com/DATA-DOCS/miu-hml/documentos/143721/23820040/miuDocumento_997129_1628638430.mp4"
997132,"https://miu-documentos.s3.us-west-2.amazonaws.com/DATA-DOCS/miu-hml/documentos/143720/23820040/miuDocumento_997132_16286380261.mp4"
997133,"https://miu-documentos.s3.us-west-2.amazonaws.com/DATA-DOCS/miu-hml/documentos/143722/23820040/miuDocumento_997132_16286380261.mp4"
997134,"https://miu-documentos.s3.us-west-2.amazonaws.com/DATA-DOCS/miu-hml/documentos/143721/23820040/miuDocumento_997132_16286380261.mp4"
995760,"https://miu-documentos.s3.us-west-2.amazonaws.com/DATA-DOCS/miu-hml/documentos/143595/20040100/miuDocumento_995755_H1.ConsejeriaGenetica.pptx"
995779,"https://miu-documentos.s3.us-west-2.amazonaws.com/DATA-DOCS/miu-hml/documentos/143595/20040100/miuDocumento_995776_H4.AnomaliasCromosomicas.pptx"
995832,"https://miu-documentos.s3.us-west-2.amazonaws.com/DATA-DOCS/miu-hml/documentos/143595/20040100/miuDocumento_995646_10_995832.Tamizajes,GeneticaClinica"
997453,"https://miu-documentos.s3.us-west-2.amazonaws.com/DATA-DOCS/miu-hml/documentos/143699/30920008/miuDocumento_775900_GLOSARIODECASOSCOMPARTIDOSENFBactualizadoafebrero2019_813677_852506_889437_924116_959240.pdf"
997454,"https://miu-documentos.s3.us-west-2.amazonaws.com/DATA-DOCS/miu-hml/documentos/143699/30920008/miuDocumento_783528_LecturasCasos3_813681_852507_889443_924122_959243.zip"
997455,"https://miu-documentos.s3.us-west-2.amazonaws.com/DATA-DOCS/miu-hml/documentos/143699/30920008/miuDocumento_889435_Clase2aEmprendedoresyelpropositodesunegocio-OFICIAL_924119_959244.pptx"
997456,"https://miu-documentos.s3.us-west-2.amazonaws.com/DATA-DOCS/miu-hml/documentos/143699/30920008/miuDocumento_894871_2022-01-25-gobernanzacorporativa-codigodecomercio_924120_959245.pptx"
997457,"https://miu-documentos.s3.us-west-2.amazonaws.com/DATA-DOCS/miu-hml/documentos/143699/30920008/miuDocumento_783527_Clase2bDefiniendolaporciondelemprendedorydelinversionista_813679_852505_889441_924124_959247.pptx"
997458,"https://miu-documentos.s3.us-west-2.amazonaws.com/DATA-DOCS/miu-hml/documentos/143699/30920008/miuDocumento_785971_Clase3LacunadecontroldeZuckerberg_813683_852510_889449_924123_959246.xlsx"
997459,"https://miu-documentos.s3.us-west-2.amazonaws.com/DATA-DOCS/miu-hml/documentos/143699/30920008/miuDocumento_889454_Leadershipthatgetsresults_924127_959249.pdf"
997460,"https://miu-documentos.s3.us-west-2.amazonaws.com/DATA-DOCS/miu-hml/documentos/143699/30920008/miuDocumento_784930_Clase3aUnateoriaparaeltipodeaccionesyregladevotacion_813680_852508_889445_924126_959248.pptx"
997461,"https://miu-documentos.s3.us-west-2.amazonaws.com/DATA-DOCS/miu-hml/documentos/143699/30920008/miuDocumento_889453_LecturasCompensacion_924128_959250.zip"
997462,"https://miu-documentos.s3.us-west-2.amazonaws.com/DATA-DOCS/miu-hml/documentos/143699/30920008/miuDocumento_785970_Clase3bElcontenidodelaleyylagobernanzacorporativa2016_813682_852509_889447_924129_959251.pptx"
997463,"https://miu-documentos.s3.us-west-2.amazonaws.com/DATA-DOCS/miu-hml/documentos/143699/30920008/miuDocumento_790004_Clase4Empresasfamiliares-FCE_813684_852511_889451_924130_959252.pptx"
997464,"https://miu-documentos.s3.us-west-2.amazonaws.com/DATA-DOCS/miu-hml/documentos/143699/30920008/miuDocumento_889455_GRETLcompensacion(1)_924131_959253.xlsx"
997465,"https://miu-documentos.s3.us-west-2.amazonaws.com/DATA-DOCS/miu-hml/documentos/143699/30920008/miuDocumento_937561_Clase5JuntasDirectivas_959254.pptx"
997466,"https://miu-documentos.s3.us-west-2.amazonaws.com/DATA-DOCS/miu-hml/documentos/143699/30920008/miuDocumento_937563_Clase6ContratosdeCompensacion_959255.pptx"
997467,"https://miu-documentos.s3.us-west-2.amazonaws.com/DATA-DOCS/miu-hml/documentos/144626/30920008/miuDocumento_978316_0bProgramaForecastingvMBA.pdf"
997516,"https://miu-documentos.s3.us-west-2.amazonaws.com/DATA-DOCS/miu-hml/documentos/143763/11930802/miuDocumento_997516_Rubricapresentaciones.pdf"
997517,"https://miu-documentos.s3.us-west-2.amazonaws.com/DATA-DOCS/miu-hml/documentos/143765/11930802/miuDocumento_997516_Rubricapresentaciones.pdf"
997470,"https://miu-documentos.s3.us-west-2.amazonaws.com/DATA-DOCS/miu-hml/documentos/144626/30920008/miuDocumento_712250_Formulario_727175_742748_759165_774494_821038_845080_845136_852544_869781_905644_916949_921200_924394_956068_975578_978319.pptx"
997471,"https://miu-documentos.s3.us-west-2.amazonaws.com/DATA-DOCS/miu-hml/documentos/144626/30920008/miuDocumento_869782_Semana0Lectura1_905646_916947_921203_924392_956066_975582_978317.zip"
997472,"https://miu-documentos.s3.us-west-2.amazonaws.com/DATA-DOCS/miu-hml/documentos/144626/30920008/miuDocumento_975596_Introduccionalcurso2025_978323.pptx"
997473,"https://miu-documentos.s3.us-west-2.amazonaws.com/DATA-DOCS/miu-hml/documentos/144626/30920008/miuDocumento_869785_Semana0Lectura2_905648_916953_921208_924396_956074_975590_978322.zip"
997518,"https://miu-documentos.s3.us-west-2.amazonaws.com/DATA-DOCS/miu-hml/documentos/143764/11930802/miuDocumento_997516_Rubricapresentaciones.pdf"
997714,"https://miu-documentos.s3.us-west-2.amazonaws.com/DATA-DOCS/miu-hml/documentos/144590/20190609/miuDocumento_963702_Sesion2y3-LaImagenGriegadelMundo.pdf"
997715,"https://miu-documentos.s3.us-west-2.amazonaws.com/DATA-DOCS/miu-hml/documentos/144590/20190609/miuDocumento_963705_LecturaOakeshott-Paginas83-109(1).pdf"
997716,"https://miu-documentos.s3.us-west-2.amazonaws.com/DATA-DOCS/miu-hml/documentos/144590/20190609/miuDocumento_965227_Sesion4-ElPensamientoPoli_ticoGriego.pdf"
997717,"https://miu-documentos.s3.us-west-2.amazonaws.com/DATA-DOCS/miu-hml/documentos/144590/20190609/miuDocumento_963706_Oakeshott-Paginas53-67(1).pdf"
997718,"https://miu-documentos.s3.us-west-2.amazonaws.com/DATA-DOCS/miu-hml/documentos/144590/20190609/miuDocumento_965230_Sesion5ElPensamientoPoli_ticoGriegoII.pdf"
997719,"https://miu-documentos.s3.us-west-2.amazonaws.com/DATA-DOCS/miu-hml/documentos/144590/20190609/miuDocumento_963708_Oakeshott-Paginas69-81.pdf"
997720,"https://miu-documentos.s3.us-west-2.amazonaws.com/DATA-DOCS/miu-hml/documentos/144590/20190609/miuDocumento_967412_Sesion8y9PlatonIyII.pdf"
997721,"https://miu-documentos.s3.us-west-2.amazonaws.com/DATA-DOCS/miu-hml/documentos/144590/20190609/miuDocumento_968215_Sesion10-EstoicosyEpicu_reosI.pdf"
997722,"https://miu-documentos.s3.us-west-2.amazonaws.com/DATA-DOCS/miu-hml/documentos/144590/20190609/miuDocumento_969525_Sesion11-LaExperienciaPoli_ticadelosAntiguosRomanosIyII.pdf"
997723,"https://miu-documentos.s3.us-west-2.amazonaws.com/DATA-DOCS/miu-hml/documentos/144590/20190609/miuDocumento_970641_Sesion14y15ElPensamientoPoli_ticoRomanoIyII.pdf"
997724,"https://miu-documentos.s3.us-west-2.amazonaws.com/DATA-DOCS/miu-hml/documentos/143288/20180122/miuDocumento_997724_Accounting_made_simple_pdf.pdf"
997895,"https://miu-documentos.s3.us-west-2.amazonaws.com/DATA-DOCS/miu-hml/documentos/143255/99000086/miuDocumento_997894_04EstructuraOptimadeCapital2025.pdf"
997894,"https://miu-documentos.s3.us-west-2.amazonaws.com/DATA-DOCS/miu-hml/documentos/143254/99000086/miuDocumento_997894_04EstructuraOptimadeCapital2025.pdf"
997918,"https://miu-documentos.s3.us-west-2.amazonaws.com/DATA-DOCS/miu-hml/documentos/143873/20170280/miuDocumento_997918_Tarea6-Funciones.pdf"
997919,"https://miu-documentos.s3.us-west-2.amazonaws.com/DATA-DOCS/miu-hml/documentos/143874/20170280/miuDocumento_997918_Tarea6-Funciones.pdf"
997920,"https://miu-documentos.s3.us-west-2.amazonaws.com/DATA-DOCS/miu-hml/documentos/143875/20170280/miuDocumento_997918_Tarea6-Funciones.pdf"
997936,"https://miu-documentos.s3.us-west-2.amazonaws.com/DATA-DOCS/miu-hml/documentos/143583/20040100/miuDocumento_997936_1.ElGenomaHumano.pdf"
997937,"https://miu-documentos.s3.us-west-2.amazonaws.com/DATA-DOCS/miu-hml/documentos/143820/20040100/miuDocumento_997936_1.ElGenomaHumano.pdf"
997751,"https://miu-documentos.s3.us-west-2.amazonaws.com/DATA-DOCS/miu-hml/documentos/142908/20070140/miuDocumento_997751_ProgramaPolticaComparada2026.pdf"
997770,"https://miu-documentos.s3.us-west-2.amazonaws.com/DATA-DOCS/miu-hml/documentos/142787/20000326/miuDocumento_997770_psicologia-medica-y-salud-mental2.pdf"
997771,"https://miu-documentos.s3.us-west-2.amazonaws.com/DATA-DOCS/miu-hml/documentos/142787/20000326/miuDocumento_997771_Psicologiadelasaludycalidaddevida.pdf"
997780,"https://miu-documentos.s3.us-west-2.amazonaws.com/DATA-DOCS/miu-hml/documentos/143351/20120084/miuDocumento_997780_GwartneyLawson-TheCreationoftheEconomicFreedomoftheWorldIndex.pdf"
997781,"https://miu-documentos.s3.us-west-2.amazonaws.com/DATA-DOCS/miu-hml/documentos/144605/20151049/miuDocumento_997781_CameronyNeal.Historiaeconmicamundial.pdf"
997787,"https://miu-documentos.s3.us-west-2.amazonaws.com/DATA-DOCS/miu-hml/documentos/144092/12870542/miuDocumento_997787_250105-no-somos-todos-egoistas-branden.pdf"
997788,"https://miu-documentos.s3.us-west-2.amazonaws.com/DATA-DOCS/miu-hml/documentos/144092/12870542/miuDocumento_997788_250105-objetivismo-la-filosofia-benevolente-Orbaugh.pdf"
995401,"https://miu-documentos.s3.us-west-2.amazonaws.com/DATA-DOCS/miu-hml/documentos/143596/20090970/miuDocumento_995401_MetaphysicsbyAristotle.pdf"
995410,"https://miu-documentos.s3.us-west-2.amazonaws.com/DATA-DOCS/miu-hml/documentos/143599/20090970/miuDocumento_995410_PrinciplesofEconomics-Menger.pdf"
995411,"https://miu-documentos.s3.us-west-2.amazonaws.com/DATA-DOCS/miu-hml/documentos/143599/20090970/miuDocumento_995411_Capital-Marx.pdf"
995415,"https://miu-documentos.s3.us-west-2.amazonaws.com/DATA-DOCS/miu-hml/documentos/143640/20160894/miuDocumento_995415_Monografiafinal.docx"
995416,"https://miu-documentos.s3.us-west-2.amazonaws.com/DATA-DOCS/miu-hml/documentos/143640/20160894/miuDocumento_995415_Monografiafinal.docx"
995755,"https://miu-documentos.s3.us-west-2.amazonaws.com/DATA-DOCS/miu-hml/documentos/143595/20040100/miuDocumento_995755_H1.ConsejeriaGenetica.pdf"
995756,"https://miu-documentos.s3.us-west-2.amazonaws.com/DATA-DOCS/miu-hml/documentos/143595/20040100/miuDocumento_995755_H1.ConsejeriaGenetica.pptx"
995757,"https://miu-documentos.s3.us-west-2.amazonaws.com/DATA-DOCS/miu-hml/documentos/143595/20040100/miuDocumento_995755_H1.ConsejeriaGenetica.pptx"
995758,"https://miu-documentos.s3.us-west-2.amazonaws.com/DATA-DOCS/miu-hml/documentos/143595/20040100/miuDocumento_995755_H1.ConsejeriaGenetica.pptx"
995759,"https://miu-documentos.s3.us-west-2.amazonaws.com/DATA-DOCS/miu-hml/documentos/143595/20040100/miuDocumento_995755_H1.ConsejeriaGenetica.pptx"
995776,"https://miu-documentos.s3.us-west-2.amazonaws.com/DATA-DOCS/miu-hml/documentos/143595/20040100/miuDocumento_995776_H4.AnomaliasCromosomicas.pdf"
995777,"https://miu-documentos.s3.us-west-2.amazonaws.com/DATA-DOCS/miu-hml/documentos/143595/20040100/miuDocumento_995776_H4.AnomaliasCromosomicas.pptx"
995778,"https://miu-documentos.s3.us-west-2.amazonaws.com/DATA-DOCS/miu-hml/documentos/143595/20040100/miuDocumento_995776_H4.AnomaliasCromosomicas.pptx"
995780,"https://miu-documentos.s3.us-west-2.amazonaws.com/DATA-DOCS/miu-hml/documentos/143595/20040100/miuDocumento_995776_H4.AnomaliasCromosomicas.pptx"
995781,"https://miu-documentos.s3.us-west-2.amazonaws.com/DATA-DOCS/miu-hml/documentos/143595/20040100/miuDocumento_995776_H4.AnomaliasCromosomicas.pptx"
995782,"https://miu-documentos.s3.us-west-2.amazonaws.com/DATA-DOCS/miu-hml/documentos/143595/20040100/miuDocumento_995776_H4.AnomaliasCromosomicas.pptx"
995800,"https://miu-documentos.s3.us-west-2.amazonaws.com/DATA-DOCS/miu-hml/documentos/139019/20040100/miuDocumento_958838_Indicaciones_del_estudio_genetico_995654_995800.pdf"
995803,"https://miu-documentos.s3.us-west-2.amazonaws.com/DATA-DOCS/miu-hml/documentos/139019/20040100/miuDocumento_958866_StandardizedHumanPedigreeNomenclature_995674_995803.pdf"
995804,"https://miu-documentos.s3.us-west-2.amazonaws.com/DATA-DOCS/miu-hml/documentos/139019/20040100/miuDocumento_958846_EvaluacionFisicaGenetica_995670_995804.pdf"
995806,"https://miu-documentos.s3.us-west-2.amazonaws.com/DATA-DOCS/miu-hml/documentos/143595/20040100/miuDocumento_995713_T1_995806.AnomaliasMenores"
995807,"https://miu-documentos.s3.us-west-2.amazonaws.com/DATA-DOCS/miu-hml/documentos/139019/20040100/miuDocumento_958870_GardnerandSutherlandChromosomalAbnormalities,Ch13Aneuploidies_995662_995807.pdf"
995808,"https://miu-documentos.s3.us-west-2.amazonaws.com/DATA-DOCS/miu-hml/documentos/143595/20040100/miuDocumento_995614_2_995808.ElaboraciondeArboles,GeneticaClinica"
995809,"https://miu-documentos.s3.us-west-2.amazonaws.com/DATA-DOCS/miu-hml/documentos/143595/20040100/miuDocumento_995720_T2_995809.AnomaliasMayores"
996078,"https://miu-documentos.s3.us-west-2.amazonaws.com/DATA-DOCS/miu-hml/documentos/143587/20021275/miuDocumento_819788_REGISTRO_CLINICO_PEDIATRICO_923559.doc"
996079,"https://miu-documentos.s3.us-west-2.amazonaws.com/DATA-DOCS/miu-hml/documentos/143824/20021275/miuDocumento_819788_REGISTRO_CLINICO_PEDIATRICO_923559.doc"
996080,"https://miu-documentos.s3.us-west-2.amazonaws.com/DATA-DOCS/miu-hml/documentos/143589/20021275/miuDocumento_819788_REGISTRO_CLINICO_PEDIATRICO_923559.doc"
996081,"https://miu-documentos.s3.us-west-2.amazonaws.com/DATA-DOCS/miu-hml/documentos/143588/20021275/miuDocumento_819788_REGISTRO_CLINICO_PEDIATRICO_923559.doc"
996082,"https://miu-documentos.s3.us-west-2.amazonaws.com/DATA-DOCS/miu-hml/documentos/143590/20021275/miuDocumento_819788_REGISTRO_CLINICO_PEDIATRICO_923559.doc"
996083,"https://miu-documentos.s3.us-west-2.amazonaws.com/DATA-DOCS/miu-hml/documentos/143587/20021275/miuDocumento_819792_si-desarrollo1_923564.pdf"
996084,"https://miu-documentos.s3.us-west-2.amazonaws.com/DATA-DOCS/miu-hml/documentos/143824/20021275/miuDocumento_819792_si-desarrollo1_923564.pdf"
996085,"https://miu-documentos.s3.us-west-2.amazonaws.com/DATA-DOCS/miu-hml/documentos/143589/20021275/miuDocumento_819792_si-desarrollo1_923564.pdf"
996086,"https://miu-documentos.s3.us-west-2.amazonaws.com/DATA-DOCS/miu-hml/documentos/143588/20021275/miuDocumento_819792_si-desarrollo1_923564.pdf"
996087,"https://miu-documentos.s3.us-west-2.amazonaws.com/DATA-DOCS/miu-hml/documentos/143590/20021275/miuDocumento_819792_si-desarrollo1_923564.pdf"
995939,"https://miu-documentos.s3.us-west-2.amazonaws.com/DATA-DOCS/miu-hml/documentos/143583/20040100/miuDocumento_995937_5.ThePursuitofGWAS.pdf"
995901,"https://miu-documentos.s3.us-west-2.amazonaws.com/DATA-DOCS/miu-hml/documentos/143583/20040100/miuDocumento_995897_2.AgaroseGelElectrophoresis.pdf"
995926,"https://miu-documentos.s3.us-west-2.amazonaws.com/DATA-DOCS/miu-hml/documentos/143583/20040100/miuDocumento_995922_3.ThirdGenSeq.pdf"
995761,"https://miu-documentos.s3.us-west-2.amazonaws.com/DATA-DOCS/miu-hml/documentos/143595/20040100/miuDocumento_995755_H1.ConsejeriaGenetica.pptx"
996121,"https://miu-documentos.s3.us-west-2.amazonaws.com/DATA-DOCS/miu-hml/documentos/142930/20260663/miuDocumento_996121_Manualdeprcticasdelaboratoriobiologacelular2026.docx"
995898,"https://miu-documentos.s3.us-west-2.amazonaws.com/DATA-DOCS/miu-hml/documentos/143583/20040100/miuDocumento_995897_2.AgaroseGelElectrophoresis.pdf"
995822,"https://miu-documentos.s3.us-west-2.amazonaws.com/DATA-DOCS/miu-hml/documentos/143595/20040100/miuDocumento_995626_5_995822.CasosClinicos-Cromosomopatias"
995810,"https://miu-documentos.s3.us-west-2.amazonaws.com/DATA-DOCS/miu-hml/documentos/139019/20040100/miuDocumento_958882_RiskAssesmentandGeneticCounseling_995682_995810.pdf"
995812,"https://miu-documentos.s3.us-west-2.amazonaws.com/DATA-DOCS/miu-hml/documentos/139019/20040100/miuDocumento_958842_Basic-concepts-dysmorphology-Temtamy-2010_995686_995812.pdf"
995814,"https://miu-documentos.s3.us-west-2.amazonaws.com/DATA-DOCS/miu-hml/documentos/139019/20040100/miuDocumento_958858_HandbookofPhysicalMeasurements,2ndEd_995694_995814.pdf"
996697,"https://miu-documentos.s3.us-west-2.amazonaws.com/DATA-DOCS/miu-hml/documentos/143681/20100147/miuDocumento_996693_EV.SEMANALSERVICIOINT.pdf"
996698,"https://miu-documentos.s3.us-west-2.amazonaws.com/DATA-DOCS/miu-hml/documentos/143680/20100147/miuDocumento_996693_EV.SEMANALSERVICIOINT.pdf"
996699,"https://miu-documentos.s3.us-west-2.amazonaws.com/DATA-DOCS/miu-hml/documentos/143684/20100147/miuDocumento_996693_EV.SEMANALSERVICIOINT.pdf"
996729,"https://miu-documentos.s3.us-west-2.amazonaws.com/DATA-DOCS/miu-hml/documentos/142918/12890465/miuDocumento_996729_RCMSyllabusB2026.doc"
996739,"https://miu-documentos.s3.us-west-2.amazonaws.com/DATA-DOCS/miu-hml/documentos/144845/20110699/miuDocumento_996739_Class7_GuatemalaROSC-BuildingaStrongCulturewithinaMultinationalCompany-20251228T063944Z-3-001.zip"
996749,"https://miu-documentos.s3.us-west-2.amazonaws.com/DATA-DOCS/miu-hml/documentos/144845/20110699/miuDocumento_996749_Class17_AndrewRyan-20251228T064115Z-3-001.zip"
996751,"https://miu-documentos.s3.us-west-2.amazonaws.com/DATA-DOCS/miu-hml/documentos/144845/20110699/miuDocumento_996751_Class19_ServiceMasterIndustriesInc-20251228T064152Z-3-001.zip"
996793,"https://miu-documentos.s3.us-west-2.amazonaws.com/DATA-DOCS/miu-hml/documentos/143433/22770076/miuDocumento_996793_ProgramaSemEcI2026FT.pdf"
996916,"https://miu-documentos.s3.us-west-2.amazonaws.com/DATA-DOCS/miu-hml/documentos/143720/23820040/miuDocumento_996916_protei_nas-9aed.2018-JeffHardinGregoryBertoni-Becker_sWorldoftheCell-Pearson2018.pdf"
996917,"https://miu-documentos.s3.us-west-2.amazonaws.com/DATA-DOCS/miu-hml/documentos/143722/23820040/miuDocumento_996916_protei_nas-9aed.2018-JeffHardinGregoryBertoni-Becker_sWorldoftheCell-Pearson2018.pdf"
996918,"https://miu-documentos.s3.us-west-2.amazonaws.com/DATA-DOCS/miu-hml/documentos/143721/23820040/miuDocumento_996916_protei_nas-9aed.2018-JeffHardinGregoryBertoni-Becker_sWorldoftheCell-Pearson2018.pdf"
996928,"https://miu-documentos.s3.us-west-2.amazonaws.com/DATA-DOCS/miu-hml/documentos/143720/23820040/miuDocumento_996928_BZyA-ADN.BeckersWorldoftheCell.pdf"
996929,"https://miu-documentos.s3.us-west-2.amazonaws.com/DATA-DOCS/miu-hml/documentos/143722/23820040/miuDocumento_996928_BZyA-ADN.BeckersWorldoftheCell.pdf"
996930,"https://miu-documentos.s3.us-west-2.amazonaws.com/DATA-DOCS/miu-hml/documentos/143721/23820040/miuDocumento_996928_BZyA-ADN.BeckersWorldoftheCell.pdf"
996937,"https://miu-documentos.s3.us-west-2.amazonaws.com/DATA-DOCS/miu-hml/documentos/143720/23820040/miuDocumento_996937_membranas.9aed.2018.JeffHardinGregoryBertoni-Becker_sWorldoftheCell-Pearson2018.pdf"
996938,"https://miu-documentos.s3.us-west-2.amazonaws.com/DATA-DOCS/miu-hml/documentos/143722/23820040/miuDocumento_996937_membranas.9aed.2018.JeffHardinGregoryBertoni-Becker_sWorldoftheCell-Pearson2018.pdf"
996939,"https://miu-documentos.s3.us-west-2.amazonaws.com/DATA-DOCS/miu-hml/documentos/143721/23820040/miuDocumento_996937_membranas.9aed.2018.JeffHardinGregoryBertoni-Becker_sWorldoftheCell-Pearson2018.pdf"
996956,"https://miu-documentos.s3.us-west-2.amazonaws.com/DATA-DOCS/miu-hml/documentos/143722/23820040/miuDocumento_996955_difusio_nsimpleyTP.9aed.JeffHardinGregoryBertoni-Becker_sWorldoftheCell-Pearson2018.pdf"
996955,"https://miu-documentos.s3.us-west-2.amazonaws.com/DATA-DOCS/miu-hml/documentos/143720/23820040/miuDocumento_996955_difusio_nsimpleyTP.9aed.JeffHardinGregoryBertoni-Becker_sWorldoftheCell-Pearson2018.pdf"
996957,"https://miu-documentos.s3.us-west-2.amazonaws.com/DATA-DOCS/miu-hml/documentos/143721/23820040/miuDocumento_996955_difusio_nsimpleyTP.9aed.JeffHardinGregoryBertoni-Becker_sWorldoftheCell-Pearson2018.pdf"
996973,"https://miu-documentos.s3.us-west-2.amazonaws.com/DATA-DOCS/miu-hml/documentos/143720/23820040/miuDocumento_996973_potencialdemembrana9thed.JeffHardinGregoryBertoni-Becker_sWorldoftheCell-Pearson2018.pdf"
995383,"https://miu-documentos.s3.us-west-2.amazonaws.com/DATA-DOCS/miu-hml/documentos/143023/20241404/miuDocumento_995383_1.CalendariodeentregasPE2026.docx.pdf"
995603,"https://miu-documentos.s3.us-west-2.amazonaws.com/DATA-DOCS/miu-hml/documentos/144646/20210445/miuDocumento_995603_Selgin-BanksareIntermediariesofLonableFunds.pdf"
995609,"https://miu-documentos.s3.us-west-2.amazonaws.com/DATA-DOCS/miu-hml/documentos/144646/20210445/miuDocumento_995609_Rallo-Businesscycletheory_WhereMinskyandHayekagreed.pdf"
995841,"https://miu-documentos.s3.us-west-2.amazonaws.com/DATA-DOCS/miu-hml/documentos/143584/20040100/miuDocumento_995841_2.TecnicasdeAnalisis.pdf"
995842,"https://miu-documentos.s3.us-west-2.amazonaws.com/DATA-DOCS/miu-hml/documentos/143584/20040100/miuDocumento_995842_3.TecnicasdeSecuenciacion.pdf"
995843,"https://miu-documentos.s3.us-west-2.amazonaws.com/DATA-DOCS/miu-hml/documentos/143584/20040100/miuDocumento_995843_4.Bioinformatica.pdf"
995848,"https://miu-documentos.s3.us-west-2.amazonaws.com/DATA-DOCS/miu-hml/documentos/143584/20040100/miuDocumento_995848_10.TratamientoGenetico.pdf"
995849,"https://miu-documentos.s3.us-west-2.amazonaws.com/DATA-DOCS/miu-hml/documentos/143584/20040100/miuDocumento_995849_11.Dismorfologia.pdf"
995866,"https://miu-documentos.s3.us-west-2.amazonaws.com/DATA-DOCS/miu-hml/documentos/143583/20040100/miuDocumento_995866_7.Transcriptomica.pdf"
995867,"https://miu-documentos.s3.us-west-2.amazonaws.com/DATA-DOCS/miu-hml/documentos/143583/20040100/miuDocumento_995866_7.Transcriptomica.pdf"
995868,"https://miu-documentos.s3.us-west-2.amazonaws.com/DATA-DOCS/miu-hml/documentos/143583/20040100/miuDocumento_995866_7.Transcriptomica.pdf"
995869,"https://miu-documentos.s3.us-west-2.amazonaws.com/DATA-DOCS/miu-hml/documentos/143583/20040100/miuDocumento_995869_9.TratamientoGenetico.pdf"
995870,"https://miu-documentos.s3.us-west-2.amazonaws.com/DATA-DOCS/miu-hml/documentos/143583/20040100/miuDocumento_995869_9.TratamientoGenetico.pdf"
997138,"https://miu-documentos.s3.us-west-2.amazonaws.com/DATA-DOCS/miu-hml/documentos/143720/23820040/miuDocumento_997138_ApoptosisAlberts2021.pdf"
997139,"https://miu-documentos.s3.us-west-2.amazonaws.com/DATA-DOCS/miu-hml/documentos/143722/23820040/miuDocumento_997138_ApoptosisAlberts2021.pdf"
997140,"https://miu-documentos.s3.us-west-2.amazonaws.com/DATA-DOCS/miu-hml/documentos/143721/23820040/miuDocumento_997138_ApoptosisAlberts2021.pdf"
997149,"https://miu-documentos.s3.us-west-2.amazonaws.com/DATA-DOCS/miu-hml/documentos/143342/16860249/miuDocumento_997149_CRONOGRAMADELCURSO.pdf"
997231,"https://miu-documentos.s3.us-west-2.amazonaws.com/DATA-DOCS/miu-hml/documentos/142980/20041076/miuDocumento_997231_CalendarioPsicologaSPARK2026.xlsx"
997147,"https://miu-documentos.s3.us-west-2.amazonaws.com/DATA-DOCS/miu-hml/documentos/143342/16860249/miuDocumento_997147_LAINDEPENDENCIADECENTROAMRICA.pptx"
997155,"https://miu-documentos.s3.us-west-2.amazonaws.com/DATA-DOCS/miu-hml/documentos/143309/20050380/miuDocumento_997155_StockyWatson.pdf"
997156,"https://miu-documentos.s3.us-west-2.amazonaws.com/DATA-DOCS/miu-hml/documentos/143310/20050380/miuDocumento_997155_StockyWatson.pdf"
997157,"https://miu-documentos.s3.us-west-2.amazonaws.com/DATA-DOCS/miu-hml/documentos/143310/20050380/miuDocumento_997157_CronogramaSeccionD.xlsx"
997206,"https://miu-documentos.s3.us-west-2.amazonaws.com/DATA-DOCS/miu-hml/documentos/144595/20131046/miuDocumento_976011_Dialnet-LaPotestadDeDictarActosAdministrativosComoIntromis-2358935.pdf"
997207,"https://miu-documentos.s3.us-west-2.amazonaws.com/DATA-DOCS/miu-hml/documentos/144595/20131046/miuDocumento_975856_13-Funciones_del_Estado_y_actividades_de_la_administracion_Gonzalo_Perez_Luciani.pdf"
997208,"https://miu-documentos.s3.us-west-2.amazonaws.com/DATA-DOCS/miu-hml/documentos/144595/20131046/miuDocumento_976012_121-El_acto_admin_categoria_juridica_Jose_Meilan.pdf"
997209,"https://miu-documentos.s3.us-west-2.amazonaws.com/DATA-DOCS/miu-hml/documentos/144595/20131046/miuDocumento_978470_9789803653408-txt.pdf"
997211,"https://miu-documentos.s3.us-west-2.amazonaws.com/DATA-DOCS/miu-hml/documentos/144215/20110535/miuDocumento_997211_ActosProcesales31.pdf"
997238,"https://miu-documentos.s3.us-west-2.amazonaws.com/DATA-DOCS/miu-hml/documentos/143776/20190190/miuDocumento_997238_acute-abdominal-pain-adults1.pdf"
997239,"https://miu-documentos.s3.us-west-2.amazonaws.com/DATA-DOCS/miu-hml/documentos/143777/20190190/miuDocumento_997238_acute-abdominal-pain-adults1.pdf"
997241,"https://miu-documentos.s3.us-west-2.amazonaws.com/DATA-DOCS/miu-hml/documentos/143776/20190190/miuDocumento_997241_TEP2026.pdf"
997242,"https://miu-documentos.s3.us-west-2.amazonaws.com/DATA-DOCS/miu-hml/documentos/143777/20190190/miuDocumento_997241_TEP2026.pdf"
997255,"https://miu-documentos.s3.us-west-2.amazonaws.com/DATA-DOCS/miu-hml/documentos/143971/96000442/miuDocumento_997255_1.Diez-PicazoGullon-Losbienespatrimoniales.pdf"
997256,"https://miu-documentos.s3.us-west-2.amazonaws.com/DATA-DOCS/miu-hml/documentos/143972/96000442/miuDocumento_997255_1.Diez-PicazoGullon-Losbienespatrimoniales.pdf"
997259,"https://miu-documentos.s3.us-west-2.amazonaws.com/DATA-DOCS/miu-hml/documentos/142823/20200276/miuDocumento_997259_ContemporaryOralandMaxillofacialSurgerybyJamesHuppMyronTuckerEdwardEllisz-lib.org.pdf"
997261,"https://miu-documentos.s3.us-west-2.amazonaws.com/DATA-DOCS/miu-hml/documentos/143415/97000473/miuDocumento_997261_Lectura1CasodeEstudioAdministracinRiesgos.pdf"
997263,"https://miu-documentos.s3.us-west-2.amazonaws.com/DATA-DOCS/miu-hml/documentos/143415/97000473/miuDocumento_997263_Lectura3.SiliconValleyBank.pdf"
997266,"https://miu-documentos.s3.us-west-2.amazonaws.com/DATA-DOCS/miu-hml/documentos/143415/97000473/miuDocumento_997266_Lectura6.CasoEquifax.pdf"
997475,"https://miu-documentos.s3.us-west-2.amazonaws.com/DATA-DOCS/miu-hml/documentos/144626/30920008/miuDocumento_975594_CurriculumCM2025formatoacademico_978320.pdf"
997476,"https://miu-documentos.s3.us-west-2.amazonaws.com/DATA-DOCS/miu-hml/documentos/144626/30920008/miuDocumento_812949_2Gretlaplicadoaexportaciones_848916_852548_869784_905651_916951_921206_924398_956076_975586_978321.mp4"
997477,"https://miu-documentos.s3.us-west-2.amazonaws.com/DATA-DOCS/miu-hml/documentos/144626/30920008/miuDocumento_975602_miuDocumento_956081_PatronyRuido2024_975602_978328.pptx"
997478,"https://miu-documentos.s3.us-west-2.amazonaws.com/DATA-DOCS/miu-hml/documentos/144626/30920008/miuDocumento_812953_3Gretlymodelosdecrisisfinancieras_848918_852549_869790_905656_916958_921211_924403_956079_975610_978330.mp4"
997479,"https://miu-documentos.s3.us-west-2.amazonaws.com/DATA-DOCS/miu-hml/documentos/144626/30920008/miuDocumento_821061_3aConceptosparaconstruiryestudiarmodelosParte1v1_845090_845143_852550_869789_905653_916957_921212_924402_956077_975598_978329.docx"
997480,"https://miu-documentos.s3.us-west-2.amazonaws.com/DATA-DOCS/miu-hml/documentos/144626/30920008/miuDocumento_821044_GLOSARIODECASOSCOMPARTIDOSENFBactualizadoafebrero2019_845086_845141_852552_869787_905654_916955_921210_924400_956082_975606_978327.pdf"
997519,"https://miu-documentos.s3.us-west-2.amazonaws.com/DATA-DOCS/miu-hml/documentos/144234/20060022/miuDocumento_997519_20260105PARTE1.docx"
997482,"https://miu-documentos.s3.us-west-2.amazonaws.com/DATA-DOCS/miu-hml/documentos/144626/30920008/miuDocumento_712241_VideosdeapoyoPrediccionesyEscenariosv7_727181_742753_759171_774498_821042_845088_845142_852551_869788_905655_916959_921213_924401_956078_975600_978326.pdf"
997483,"https://miu-documentos.s3.us-west-2.amazonaws.com/DATA-DOCS/miu-hml/documentos/144626/30920008/miuDocumento_956083_Catapultacausasespecialesycomunes2024_975618_978332.pptx"
997522,"https://miu-documentos.s3.us-west-2.amazonaws.com/DATA-DOCS/miu-hml/documentos/143979/20020131/miuDocumento_997522_Lectura1-DerechoSocietarioFranciscoReyesVillamizar.pdf"
997485,"https://miu-documentos.s3.us-west-2.amazonaws.com/DATA-DOCS/miu-hml/documentos/144626/30920008/miuDocumento_813022_4CapsulaForecastPro_848920_852554_869791_905658_916960_921215_924404_956084_975612_978333.mp4"
997523,"https://miu-documentos.s3.us-west-2.amazonaws.com/DATA-DOCS/miu-hml/documentos/143980/20020131/miuDocumento_997522_Lectura1-DerechoSocietarioFranciscoReyesVillamizar.pdf"
997487,"https://miu-documentos.s3.us-west-2.amazonaws.com/DATA-DOCS/miu-hml/documentos/144626/30920008/miuDocumento_821073_4aConceptosparaconstruiryestudiarmodelosParte2_845110_845144_852553_869792_905659_916961_921217_924405_956085_975616_978331.doc"
997488,"https://miu-documentos.s3.us-west-2.amazonaws.com/DATA-DOCS/miu-hml/documentos/144626/30920008/miuDocumento_821124_5aCreaciondemodelosbasadoendescomposicion_845112_845145_852555_869793_905660_916962_921219_924407_956086_975622_978334.doc"
997489,"https://miu-documentos.s3.us-west-2.amazonaws.com/DATA-DOCS/miu-hml/documentos/144626/30920008/miuDocumento_870039_2Reglascausasespeciales(1)_905652_916954_921218_924408_956087_975620_978335.pptx"
997540,"https://miu-documentos.s3.us-west-2.amazonaws.com/DATA-DOCS/miu-hml/documentos/144723/21810012/miuDocumento_997540_CLO1Lecturaprincipal1NaturalezaJuridicadelAribtrajeFanciscoGonzalezdeCossio.pdf"
997491,"https://miu-documentos.s3.us-west-2.amazonaws.com/DATA-DOCS/miu-hml/documentos/144626/30920008/miuDocumento_956088_4CasoRonaldo_975626_978338.xlsx"
997492,"https://miu-documentos.s3.us-west-2.amazonaws.com/DATA-DOCS/miu-hml/documentos/144626/30920008/miuDocumento_976593_miuDocumento_943171_Casosrecientesconcausasespeciales_970966_978337.xlsx"
997493,"https://miu-documentos.s3.us-west-2.amazonaws.com/DATA-DOCS/miu-hml/documentos/144626/30920008/miuDocumento_980394_EstimandoelcorrectordesesgodelRM.pptx"
997494,"https://miu-documentos.s3.us-west-2.amazonaws.com/DATA-DOCS/miu-hml/documentos/144626/30920008/miuDocumento_918723_3Propiedadesdelosestimadores_921221_924409_956089_975624_978336.pptx"
997495,"https://miu-documentos.s3.us-west-2.amazonaws.com/DATA-DOCS/miu-hml/documentos/144626/30920008/miuDocumento_975632_CasodelPIBdeGuatemala2025_978339.xlsx"
997496,"https://miu-documentos.s3.us-west-2.amazonaws.com/DATA-DOCS/miu-hml/documentos/144626/30920008/miuDocumento_975634_CasodeRemesasa2025_978342.xlsx"
997497,"https://miu-documentos.s3.us-west-2.amazonaws.com/DATA-DOCS/miu-hml/documentos/144626/30920008/miuDocumento_821063_3cAnalisisdevariacionderesiduales_845108_845150_852560_869797_905664_916966_921224_924413_956092_975636_978343.xlsx"
997498,"https://miu-documentos.s3.us-west-2.amazonaws.com/DATA-DOCS/miu-hml/documentos/144626/30920008/miuDocumento_975638_CasoStarbucksactualizado2025_978344.xlsx"
997543,"https://miu-documentos.s3.us-west-2.amazonaws.com/DATA-DOCS/miu-hml/documentos/144723/21810012/miuDocumento_997543_CLO1Lecturaprincipal2DefiniciondearbitrajeFranciscoGonzalezdeCossio.pdf"
997797,"https://miu-documentos.s3.us-west-2.amazonaws.com/DATA-DOCS/miu-hml/documentos/144605/20151049/miuDocumento_997797_Bezos.pdf"
997802,"https://miu-documentos.s3.us-west-2.amazonaws.com/DATA-DOCS/miu-hml/documentos/144605/20151049/miuDocumento_997802_Polanyi.Lagrantransformacin.pdf"
997810,"https://miu-documentos.s3.us-west-2.amazonaws.com/DATA-DOCS/miu-hml/documentos/143748/39930572/miuDocumento_997810_Clase1GeneralidadesyorganizacionSN2026.pdf"
997811,"https://miu-documentos.s3.us-west-2.amazonaws.com/DATA-DOCS/miu-hml/documentos/143749/39930572/miuDocumento_997810_Clase1GeneralidadesyorganizacionSN2026.pdf"
997812,"https://miu-documentos.s3.us-west-2.amazonaws.com/DATA-DOCS/miu-hml/documentos/143750/39930572/miuDocumento_997810_Clase1GeneralidadesyorganizacionSN2026.pdf"
997815,"https://miu-documentos.s3.us-west-2.amazonaws.com/DATA-DOCS/miu-hml/documentos/143318/20220206/miuDocumento_997815_Cap1AccinHumanaLudwingvonMises.pdf"
997820,"https://miu-documentos.s3.us-west-2.amazonaws.com/DATA-DOCS/miu-hml/documentos/144782/12890465/miuDocumento_997820_HowtoPutIRTheoryintoPracticeGoddardKertzer.docx"
997823,"https://miu-documentos.s3.us-west-2.amazonaws.com/DATA-DOCS/miu-hml/documentos/144782/12890465/miuDocumento_997823_2.PoderPoltico41-62.pdf"
997824,"https://miu-documentos.s3.us-west-2.amazonaws.com/DATA-DOCS/miu-hml/documentos/144782/12890465/miuDocumento_997824_3.AWorldatWarBealsSalisbury.docm"
997843,"https://miu-documentos.s3.us-west-2.amazonaws.com/DATA-DOCS/miu-hml/documentos/144262/22950328/miuDocumento_997843_LECTURA6-CanAIReallyHelpYouSellHarvard.pdf"
997836,"https://miu-documentos.s3.us-west-2.amazonaws.com/DATA-DOCS/miu-hml/documentos/144262/22950328/miuDocumento_997836_LECTURA3-LibroALIGNINGSTRATEGYANDSALESCapitulo5.pdf"
997842,"https://miu-documentos.s3.us-west-2.amazonaws.com/DATA-DOCS/miu-hml/documentos/143417/22950328/miuDocumento_997842_LECTURA3-LibroALIGNINGSTRATEGYANDSALESCapitulo5.pdf"
997846,"https://miu-documentos.s3.us-west-2.amazonaws.com/DATA-DOCS/miu-hml/documentos/144262/22950328/miuDocumento_997846_LECTURA7-LibroALIGNINGSTRATEGYANDSALESCapitulo8.pdf"
997847,"https://miu-documentos.s3.us-west-2.amazonaws.com/DATA-DOCS/miu-hml/documentos/143417/22950328/miuDocumento_997847_LECTURA6-CanAIReallyHelpYouSellHarvard.pdf"
997848,"https://miu-documentos.s3.us-west-2.amazonaws.com/DATA-DOCS/miu-hml/documentos/143765/20170504/miuDocumento_997848_cronograma2026PROGRAMAINMUNOLOGIA1-SYLLABUS.xlsx"
997849,"https://miu-documentos.s3.us-west-2.amazonaws.com/DATA-DOCS/miu-hml/documentos/143764/20170504/miuDocumento_997848_cronograma2026PROGRAMAINMUNOLOGIA1-SYLLABUS.xlsx"
997850,"https://miu-documentos.s3.us-west-2.amazonaws.com/DATA-DOCS/miu-hml/documentos/143763/20170504/miuDocumento_997848_cronograma2026PROGRAMAINMUNOLOGIA1-SYLLABUS.xlsx"
997854,"https://miu-documentos.s3.us-west-2.amazonaws.com/DATA-DOCS/miu-hml/documentos/143417/22950328/miuDocumento_997854_LECTURA8-CreacindeValorparaelcliente.pdf"
997855,"https://miu-documentos.s3.us-west-2.amazonaws.com/DATA-DOCS/miu-hml/documentos/143417/22950328/miuDocumento_997855_LECTURA10-AnIntroductoryNoteOnTheCaseMethod.pdf"
997865,"https://miu-documentos.s3.us-west-2.amazonaws.com/DATA-DOCS/miu-hml/documentos/143257/20060096/miuDocumento_997865_00.ProgramaFinanciera2026.pdf"
997943,"https://miu-documentos.s3.us-west-2.amazonaws.com/DATA-DOCS/miu-hml/documentos/143356/20260709/miuDocumento_997943_Chapter_1_V7_01.ppt"
997945,"https://miu-documentos.s3.us-west-2.amazonaws.com/DATA-DOCS/miu-hml/documentos/143760/20190190/miuDocumento_997945_MoCA-8.3-English-Test-2018-04.pdf"
997946,"https://miu-documentos.s3.us-west-2.amazonaws.com/DATA-DOCS/miu-hml/documentos/143761/20190190/miuDocumento_997945_MoCA-8.3-English-Test-2018-04.pdf"
997947,"https://miu-documentos.s3.us-west-2.amazonaws.com/DATA-DOCS/miu-hml/documentos/143762/20190190/miuDocumento_997945_MoCA-8.3-English-Test-2018-04.pdf"
998001,"https://miu-documentos.s3.us-west-2.amazonaws.com/DATA-DOCS/miu-hml/documentos/143989/20060007/miuDocumento_998001_T-ShapedLawyerandBeyond.pdf"
998002,"https://miu-documentos.s3.us-west-2.amazonaws.com/DATA-DOCS/miu-hml/documentos/143990/20060007/miuDocumento_998001_T-ShapedLawyerandBeyond.pdf"
995813,"https://miu-documentos.s3.us-west-2.amazonaws.com/DATA-DOCS/miu-hml/documentos/139019/20040100/miuDocumento_958850_GrowthCharts_995678_995813.pdf"
995815,"https://miu-documentos.s3.us-west-2.amazonaws.com/DATA-DOCS/miu-hml/documentos/143595/20040100/miuDocumento_995618_3_995815.PatronesdeHerencia,GeneticaClinica"
995817,"https://miu-documentos.s3.us-west-2.amazonaws.com/DATA-DOCS/miu-hml/documentos/143595/20040100/miuDocumento_995727_T3_995817.SindromesNeurocutaneos"
995818,"https://miu-documentos.s3.us-west-2.amazonaws.com/DATA-DOCS/miu-hml/documentos/139019/20040100/miuDocumento_969429_ConsejeriadelArbolFamiliar_995702_995818.pdf"
995819,"https://miu-documentos.s3.us-west-2.amazonaws.com/DATA-DOCS/miu-hml/documentos/143595/20040100/miuDocumento_995734_T4_995819.DSD"
995820,"https://miu-documentos.s3.us-west-2.amazonaws.com/DATA-DOCS/miu-hml/documentos/143595/20040100/miuDocumento_995706_FormatodeConsejeriaGenetica_995820.docx"
995821,"https://miu-documentos.s3.us-west-2.amazonaws.com/DATA-DOCS/miu-hml/documentos/143595/20040100/miuDocumento_995622_4_995821.ConsejeriaGenetica,GeneticaClinica"
995823,"https://miu-documentos.s3.us-west-2.amazonaws.com/DATA-DOCS/miu-hml/documentos/143595/20040100/miuDocumento_995741_T5_995823.ErroresInnatosdelMetabolismo"
995824,"https://miu-documentos.s3.us-west-2.amazonaws.com/DATA-DOCS/miu-hml/documentos/143595/20040100/miuDocumento_995630_6_995824.CasosClinicos-GenesContinuos"
995825,"https://miu-documentos.s3.us-west-2.amazonaws.com/DATA-DOCS/miu-hml/documentos/143595/20040100/miuDocumento_995748_T6_995825.Tamizajes"
995826,"https://miu-documentos.s3.us-west-2.amazonaws.com/DATA-DOCS/miu-hml/documentos/143595/20040100/miuDocumento_995634_7_995826.AnomaliasMenoresyMayores,GeneticaClinica"
995828,"https://miu-documentos.s3.us-west-2.amazonaws.com/DATA-DOCS/miu-hml/documentos/143595/20040100/miuDocumento_995762_H2_995828.ArbolGenealogico"
995829,"https://miu-documentos.s3.us-west-2.amazonaws.com/DATA-DOCS/miu-hml/documentos/143595/20040100/miuDocumento_995638_8_995829.CasosClinicos-Genodermatosis"
995833,"https://miu-documentos.s3.us-west-2.amazonaws.com/DATA-DOCS/miu-hml/documentos/143595/20040100/miuDocumento_995776_H4_995833.AnomaliasCromosomicas"
995834,"https://miu-documentos.s3.us-west-2.amazonaws.com/DATA-DOCS/miu-hml/documentos/143595/20040100/miuDocumento_995650_ParticipacionenClase,GeneticaClinica_995834.pdf"
995835,"https://miu-documentos.s3.us-west-2.amazonaws.com/DATA-DOCS/miu-hml/documentos/143595/20040100/miuDocumento_995783_H5_995835.SindromesdeGenesContinuos"
995836,"https://miu-documentos.s3.us-west-2.amazonaws.com/DATA-DOCS/miu-hml/documentos/143595/20040100/miuDocumento_995790_H6_995836.ExamenFisicoGenetico"
995851,"https://miu-documentos.s3.us-west-2.amazonaws.com/DATA-DOCS/miu-hml/documentos/143583/20040100/miuDocumento_995851_2.TecnicasdeAnalisis.pdf"
995852,"https://miu-documentos.s3.us-west-2.amazonaws.com/DATA-DOCS/miu-hml/documentos/143583/20040100/miuDocumento_995851_2.TecnicasdeAnalisis.pdf"
996132,"https://miu-documentos.s3.us-west-2.amazonaws.com/DATA-DOCS/miu-hml/documentos/144354/20190671/miuDocumento_996132_tablas_estadistica.pdf"
995801,"https://miu-documentos.s3.us-west-2.amazonaws.com/DATA-DOCS/miu-hml/documentos/139019/20040100/miuDocumento_958878_Geneticsintroductiontocounseling_995658_995801.pdf"
995816,"https://miu-documentos.s3.us-west-2.amazonaws.com/DATA-DOCS/miu-hml/documentos/139019/20040100/miuDocumento_958854_Dismorphology_995698_995816.pdf"
995830,"https://miu-documentos.s3.us-west-2.amazonaws.com/DATA-DOCS/miu-hml/documentos/143595/20040100/miuDocumento_995769_H3_995830.PatronesdeHerencia"
995407,"https://miu-documentos.s3.us-west-2.amazonaws.com/DATA-DOCS/miu-hml/documentos/143598/20090970/miuDocumento_995407_Politics-Aristotle.pdf"
996148,"https://miu-documentos.s3.us-west-2.amazonaws.com/DATA-DOCS/miu-hml/documentos/144361/20190671/miuDocumento_996148_ApuntesyEjercicios_Precalculo.pdf"
996149,"https://miu-documentos.s3.us-west-2.amazonaws.com/DATA-DOCS/miu-hml/documentos/144844/20110699/miuDocumento_996149_Class1_EastwindTradingCompanyA-20251218T033843Z-3-001.zip"
996152,"https://miu-documentos.s3.us-west-2.amazonaws.com/DATA-DOCS/miu-hml/documentos/144844/20110699/miuDocumento_996152_Class4_Paint-PenInc-20251218T033846Z-3-001.zip"
996154,"https://miu-documentos.s3.us-west-2.amazonaws.com/DATA-DOCS/miu-hml/documentos/144844/20110699/miuDocumento_996154_Class6_TireCityInc-20251218T033855Z-3-001.zip"
996155,"https://miu-documentos.s3.us-west-2.amazonaws.com/DATA-DOCS/miu-hml/documentos/144844/20110699/miuDocumento_996155_Class7_BaldwinBicyclesCompany-20251218T033857Z-3-001.zip"
996158,"https://miu-documentos.s3.us-west-2.amazonaws.com/DATA-DOCS/miu-hml/documentos/144844/20110699/miuDocumento_996158_Class10_MIDTERMHamptonMachineToolCompany-20251218T033800Z-3-001.zip"
996163,"https://miu-documentos.s3.us-west-2.amazonaws.com/DATA-DOCS/miu-hml/documentos/144844/20110699/miuDocumento_996163_Class15_DanielDobbinsDistilleryInc-20251218T033804Z-3-001.zip"
996178,"https://miu-documentos.s3.us-west-2.amazonaws.com/DATA-DOCS/miu-hml/documentos/143697/20070803/miuDocumento_996178_CardiacArrestinPregnancy.pdf"
996179,"https://miu-documentos.s3.us-west-2.amazonaws.com/DATA-DOCS/miu-hml/documentos/143861/20070803/miuDocumento_996178_CardiacArrestinPregnancy.pdf"
996180,"https://miu-documentos.s3.us-west-2.amazonaws.com/DATA-DOCS/miu-hml/documentos/143697/20070803/miuDocumento_996180_cidotranexmicoparalaprevencindelahemorragiaposparto.docx"
996181,"https://miu-documentos.s3.us-west-2.amazonaws.com/DATA-DOCS/miu-hml/documentos/143861/20070803/miuDocumento_996180_cidotranexmicoparalaprevencindelahemorragiaposparto.docx"
996188,"https://miu-documentos.s3.us-west-2.amazonaws.com/DATA-DOCS/miu-hml/documentos/143587/20021275/miuDocumento_996188_programaeneroamarzo2026externospediatriaUFM-IGSS.xlsx"
996189,"https://miu-documentos.s3.us-west-2.amazonaws.com/DATA-DOCS/miu-hml/documentos/143587/20021275/miuDocumento_996189_rolturnosenerofeb2026.docx"
996190,"https://miu-documentos.s3.us-west-2.amazonaws.com/DATA-DOCS/miu-hml/documentos/143587/20021275/miuDocumento_996190_ROLDESERVICIOEXTERNADODEPEDIATRIADEUFM2eneroal20marzo26.docx"
996191,"https://miu-documentos.s3.us-west-2.amazonaws.com/DATA-DOCS/miu-hml/documentos/143587/20021275/miuDocumento_996191_InicioRotacioninformacion.docx"
996267,"https://miu-documentos.s3.us-west-2.amazonaws.com/DATA-DOCS/miu-hml/documentos/143785/20230967/miuDocumento_996267_ManualdeLaboratorio_QI2026.pdf"
996268,"https://miu-documentos.s3.us-west-2.amazonaws.com/DATA-DOCS/miu-hml/documentos/143786/20230967/miuDocumento_996267_ManualdeLaboratorio_QI2026.pdf"
996269,"https://miu-documentos.s3.us-west-2.amazonaws.com/DATA-DOCS/miu-hml/documentos/142932/20230967/miuDocumento_996267_ManualdeLaboratorio_QI2026.pdf"
995811,"https://miu-documentos.s3.us-west-2.amazonaws.com/DATA-DOCS/miu-hml/documentos/139019/20040100/miuDocumento_958874_GardnerandSutherlandChromosomalAbnormalities,Ch14StructuralRearrangements_995690_995811.pdf"
996270,"https://miu-documentos.s3.us-west-2.amazonaws.com/DATA-DOCS/miu-hml/documentos/144651/20230967/miuDocumento_996267_ManualdeLaboratorio_QI2026.pdf"
996279,"https://miu-documentos.s3.us-west-2.amazonaws.com/DATA-DOCS/miu-hml/documentos/143579/20200573/miuDocumento_996279_Bitacora.pdf"
996284,"https://miu-documentos.s3.us-west-2.amazonaws.com/DATA-DOCS/miu-hml/documentos/143579/20200573/miuDocumento_996284_ProgramaAcademico-ExternadoMedicinaInterna.xlsx"
996304,"https://miu-documentos.s3.us-west-2.amazonaws.com/DATA-DOCS/miu-hml/documentos/143709/20150601/miuDocumento_996304_infcirc140_sp.pdf"
996311,"https://miu-documentos.s3.us-west-2.amazonaws.com/DATA-DOCS/miu-hml/documentos/143320/22810023/miuDocumento_996311_02.2YoLapiz.pdf"
996315,"https://miu-documentos.s3.us-west-2.amazonaws.com/DATA-DOCS/miu-hml/documentos/143320/22810023/miuDocumento_996315_04.1Hayek-Lapretensindelconocimiento.pdf"
996316,"https://miu-documentos.s3.us-west-2.amazonaws.com/DATA-DOCS/miu-hml/documentos/143320/22810023/miuDocumento_996316_04.2PrezdeAntn-Lacooperacinsocial.pdf"
996317,"https://miu-documentos.s3.us-west-2.amazonaws.com/DATA-DOCS/miu-hml/documentos/143320/22810023/miuDocumento_996317_04.3Easterly-Hayekvlosexpertosendesarrollo.pdf"
996326,"https://miu-documentos.s3.us-west-2.amazonaws.com/DATA-DOCS/miu-hml/documentos/143292/20030596/miuDocumento_996326_RepasoContabilidadFinanciera-Clase1.docx"
996327,"https://miu-documentos.s3.us-west-2.amazonaws.com/DATA-DOCS/miu-hml/documentos/143292/20030596/miuDocumento_996327_RepasocontabilidadFinanciera-Clase2.pdf"
996362,"https://miu-documentos.s3.us-west-2.amazonaws.com/DATA-DOCS/miu-hml/documentos/143453/20260573/miuDocumento_996362_Programa-1S-2026SupplyChainLogisticsandDemandPlanning.docx"
996391,"https://miu-documentos.s3.us-west-2.amazonaws.com/DATA-DOCS/miu-hml/documentos/144708/20180351/miuDocumento_996391_1.KennethN.WaltzTheoryofInternationalPoliticsAddison-Wesleyseriesinpoliticalscience1979.pdf"
996398,"https://miu-documentos.s3.us-west-2.amazonaws.com/DATA-DOCS/miu-hml/documentos/144708/20180351/miuDocumento_996398_7.RodrikD.TheGlobalizationParadox.pdf"
996975,"https://miu-documentos.s3.us-west-2.amazonaws.com/DATA-DOCS/miu-hml/documentos/143721/23820040/miuDocumento_996973_potencialdemembrana9thed.JeffHardinGregoryBertoni-Becker_sWorldoftheCell-Pearson2018.pdf"
996979,"https://miu-documentos.s3.us-west-2.amazonaws.com/DATA-DOCS/miu-hml/documentos/143256/20040057/miuDocumento_996979_ProgramaFinanciera2-2026.pdf"
996974,"https://miu-documentos.s3.us-west-2.amazonaws.com/DATA-DOCS/miu-hml/documentos/143722/23820040/miuDocumento_996973_potencialdemembrana9thed.JeffHardinGregoryBertoni-Becker_sWorldoftheCell-Pearson2018.pdf"
996980,"https://miu-documentos.s3.us-west-2.amazonaws.com/DATA-DOCS/miu-hml/documentos/144259/20040057/miuDocumento_996979_ProgramaFinanciera2-2026.pdf"
996986,"https://miu-documentos.s3.us-west-2.amazonaws.com/DATA-DOCS/miu-hml/documentos/143256/20040057/miuDocumento_996986_02-CostodeCapital-2024.pdf"
996987,"https://miu-documentos.s3.us-west-2.amazonaws.com/DATA-DOCS/miu-hml/documentos/144259/20040057/miuDocumento_996986_02-CostodeCapital-2024.pdf"
996988,"https://miu-documentos.s3.us-west-2.amazonaws.com/DATA-DOCS/miu-hml/documentos/143256/20040057/miuDocumento_996988_03Proyectosdeexpansinyreemplazo-2026.pdf"
996989,"https://miu-documentos.s3.us-west-2.amazonaws.com/DATA-DOCS/miu-hml/documentos/144259/20040057/miuDocumento_996988_03Proyectosdeexpansinyreemplazo-2026.pdf"
996994,"https://miu-documentos.s3.us-west-2.amazonaws.com/DATA-DOCS/miu-hml/documentos/143720/23820040/miuDocumento_996994_gluco_lisis.9aed.2018.JeffHardinGregoryBertoni-Becker_sWorldoftheCell-Pearson2018.pdf"
996995,"https://miu-documentos.s3.us-west-2.amazonaws.com/DATA-DOCS/miu-hml/documentos/143722/23820040/miuDocumento_996994_gluco_lisis.9aed.2018.JeffHardinGregoryBertoni-Becker_sWorldoftheCell-Pearson2018.pdf"
996996,"https://miu-documentos.s3.us-west-2.amazonaws.com/DATA-DOCS/miu-hml/documentos/143721/23820040/miuDocumento_996994_gluco_lisis.9aed.2018.JeffHardinGregoryBertoni-Becker_sWorldoftheCell-Pearson2018.pdf"
996997,"https://miu-documentos.s3.us-west-2.amazonaws.com/DATA-DOCS/miu-hml/documentos/143720/23820040/miuDocumento_996997_Desc.delpiruvato.JeffHardinGregoryBertoni-Becker_sWorldoftheCell-Pearson2018.pdf"
996998,"https://miu-documentos.s3.us-west-2.amazonaws.com/DATA-DOCS/miu-hml/documentos/143722/23820040/miuDocumento_996997_Desc.delpiruvato.JeffHardinGregoryBertoni-Becker_sWorldoftheCell-Pearson2018.pdf"
995871,"https://miu-documentos.s3.us-west-2.amazonaws.com/DATA-DOCS/miu-hml/documentos/143583/20040100/miuDocumento_995869_9.TratamientoGenetico.pdf"
995872,"https://miu-documentos.s3.us-west-2.amazonaws.com/DATA-DOCS/miu-hml/documentos/143583/20040100/miuDocumento_995872_10.Dismorfologia.pdf"
995873,"https://miu-documentos.s3.us-west-2.amazonaws.com/DATA-DOCS/miu-hml/documentos/143583/20040100/miuDocumento_995872_10.Dismorfologia.pdf"
995874,"https://miu-documentos.s3.us-west-2.amazonaws.com/DATA-DOCS/miu-hml/documentos/143583/20040100/miuDocumento_995872_10.Dismorfologia.pdf"
995875,"https://miu-documentos.s3.us-west-2.amazonaws.com/DATA-DOCS/miu-hml/documentos/143583/20040100/miuDocumento_995875_11.ParticipacionenClase,CienciasOmicas.pdf"
995876,"https://miu-documentos.s3.us-west-2.amazonaws.com/DATA-DOCS/miu-hml/documentos/143583/20040100/miuDocumento_995875_11.ParticipacionenClase,CienciasOmicas.pdf"
995877,"https://miu-documentos.s3.us-west-2.amazonaws.com/DATA-DOCS/miu-hml/documentos/143583/20040100/miuDocumento_995875_11.ParticipacionenClase,CienciasOmicas.pdf"
995892,"https://miu-documentos.s3.us-west-2.amazonaws.com/DATA-DOCS/miu-hml/documentos/143583/20040100/miuDocumento_995892_1.TheHumanGenome.pdf"
995893,"https://miu-documentos.s3.us-west-2.amazonaws.com/DATA-DOCS/miu-hml/documentos/143583/20040100/miuDocumento_995892_1.TheHumanGenome.pdf"
995894,"https://miu-documentos.s3.us-west-2.amazonaws.com/DATA-DOCS/miu-hml/documentos/143583/20040100/miuDocumento_995892_1.TheHumanGenome.pdf"
995895,"https://miu-documentos.s3.us-west-2.amazonaws.com/DATA-DOCS/miu-hml/documentos/143583/20040100/miuDocumento_995892_1.TheHumanGenome.pdf"
995896,"https://miu-documentos.s3.us-west-2.amazonaws.com/DATA-DOCS/miu-hml/documentos/143583/20040100/miuDocumento_995892_1.TheHumanGenome.pdf"
996118,"https://miu-documentos.s3.us-west-2.amazonaws.com/DATA-DOCS/miu-hml/documentos/143666/20021275/miuDocumento_996118_ROTACINSERVICIOSYTURNOSENERO-FEBRERO2026.docx"
996364,"https://miu-documentos.s3.us-west-2.amazonaws.com/DATA-DOCS/miu-hml/documentos/143480/20180701/miuDocumento_996364_InstruccionestareasyexamenesCom.yEE202601.pdf"
996389,"https://miu-documentos.s3.us-west-2.amazonaws.com/DATA-DOCS/miu-hml/documentos/143372/20170130/miuDocumento_996389_ProgramaMarketing-Programa1.pdf"
996418,"https://miu-documentos.s3.us-west-2.amazonaws.com/DATA-DOCS/miu-hml/documentos/144708/20180351/miuDocumento_996418_27.MichaelsD.NormanL.2025.TrumpWantsNATOtoSpendMore.pdf"
996124,"https://miu-documentos.s3.us-west-2.amazonaws.com/DATA-DOCS/miu-hml/documentos/142930/20260663/miuDocumento_996124_ProgramadelcursodeLaboratoriodeBiologaCelular.pdf"
996147,"https://miu-documentos.s3.us-west-2.amazonaws.com/DATA-DOCS/miu-hml/documentos/144358/20190671/miuDocumento_996147_ApuntesMODELOS_DECISION1.pdf"
996421,"https://miu-documentos.s3.us-west-2.amazonaws.com/DATA-DOCS/miu-hml/documentos/144708/20180351/miuDocumento_996421_30.AaronL.FriedbergAContestforSupremacy2011.pdf"
996422,"https://miu-documentos.s3.us-west-2.amazonaws.com/DATA-DOCS/miu-hml/documentos/144708/20180351/miuDocumento_996422_31.BrainardL.2025.AmericasSelf-DefeatingChinaStrategy..pdf"
996427,"https://miu-documentos.s3.us-west-2.amazonaws.com/DATA-DOCS/miu-hml/documentos/144708/20180351/miuDocumento_996427_36.PeterH.SmithTalonsoftheEagle.pdf"
996735,"https://miu-documentos.s3.us-west-2.amazonaws.com/DATA-DOCS/miu-hml/documentos/144845/20110699/miuDocumento_996735_Class3_JimSharpe-20251228T063928Z-3-001.zip"
997282,"https://miu-documentos.s3.us-west-2.amazonaws.com/DATA-DOCS/miu-hml/documentos/143767/20151104/miuDocumento_997282_HT2_Reading_Guide_Gastro_v52026.pdf"
997283,"https://miu-documentos.s3.us-west-2.amazonaws.com/DATA-DOCS/miu-hml/documentos/143766/20151104/miuDocumento_997282_HT2_Reading_Guide_Gastro_v52026.pdf"
997285,"https://miu-documentos.s3.us-west-2.amazonaws.com/DATA-DOCS/miu-hml/documentos/144238/20190522/miuDocumento_997285_Lectura2.EdmundoVsquezMartnez.pdf"
997346,"https://miu-documentos.s3.us-west-2.amazonaws.com/DATA-DOCS/miu-hml/documentos/142924/20010656/miuDocumento_997346_Normassobretrabajos_CursoSeguridad2025_asignaciondetrabajos.pdf"
997347,"https://miu-documentos.s3.us-west-2.amazonaws.com/DATA-DOCS/miu-hml/documentos/142924/20010656/miuDocumento_997347_ProgramaEstudiosdeseguridad_EPRI_2026.pdf"
997403,"https://miu-documentos.s3.us-west-2.amazonaws.com/DATA-DOCS/miu-hml/documentos/143720/23820040/miuDocumento_997403_PROGRAMACIONBHI_2026_vers.2..xlsx"
997404,"https://miu-documentos.s3.us-west-2.amazonaws.com/DATA-DOCS/miu-hml/documentos/143722/23820040/miuDocumento_997403_PROGRAMACIONBHI_2026_vers.2..xlsx"
997353,"https://miu-documentos.s3.us-west-2.amazonaws.com/DATA-DOCS/miu-hml/documentos/142924/20010656/miuDocumento_997353_LadoctrinadelaguerrajustaenSanAgustin.pdf"
997405,"https://miu-documentos.s3.us-west-2.amazonaws.com/DATA-DOCS/miu-hml/documentos/143721/23820040/miuDocumento_997403_PROGRAMACIONBHI_2026_vers.2..xlsx"
997415,"https://miu-documentos.s3.us-west-2.amazonaws.com/DATA-DOCS/miu-hml/documentos/144223/20110462/miuDocumento_997415_ProgramaDIP-UFM2026.pdf"
997416,"https://miu-documentos.s3.us-west-2.amazonaws.com/DATA-DOCS/miu-hml/documentos/144224/20110462/miuDocumento_997415_ProgramaDIP-UFM2026.pdf"
997417,"https://miu-documentos.s3.us-west-2.amazonaws.com/DATA-DOCS/miu-hml/documentos/144223/20110462/miuDocumento_997417_Lectura-DefinicionDIP.pdf"
997418,"https://miu-documentos.s3.us-west-2.amazonaws.com/DATA-DOCS/miu-hml/documentos/144224/20110462/miuDocumento_997417_Lectura-DefinicionDIP.pdf"
997421,"https://miu-documentos.s3.us-west-2.amazonaws.com/DATA-DOCS/miu-hml/documentos/144686/21810012/miuDocumento_997421_Elderechoenlaedadmediaeuropea.pdf"
997446,"https://miu-documentos.s3.us-west-2.amazonaws.com/DATA-DOCS/miu-hml/documentos/143699/30920008/miuDocumento_959235_1_Programa_Corporate_GovernanceEPRI.pdf"
997447,"https://miu-documentos.s3.us-west-2.amazonaws.com/DATA-DOCS/miu-hml/documentos/143699/30920008/miuDocumento_889429_Clase1aIntroduccion_al_cursoALUMNO_924108_959236.pptx"
997448,"https://miu-documentos.s3.us-west-2.amazonaws.com/DATA-DOCS/miu-hml/documentos/143699/30920008/miuDocumento_891172_Clase1bModelodelAgenteManoso_924112_959238.pptx"
997449,"https://miu-documentos.s3.us-west-2.amazonaws.com/DATA-DOCS/miu-hml/documentos/143699/30920008/miuDocumento_959239_CurriculumCM2024formatoacademico.pdf"
997450,"https://miu-documentos.s3.us-west-2.amazonaws.com/DATA-DOCS/miu-hml/documentos/143699/30920008/miuDocumento_775902_LecturasCasos1_813676_852503_889433_924114_959237.zip"
997451,"https://miu-documentos.s3.us-west-2.amazonaws.com/DATA-DOCS/miu-hml/documentos/143699/30920008/miuDocumento_891174_Clase1cQueeselcorporategovernanceysuimportancia_924118_959242.pptx"
997452,"https://miu-documentos.s3.us-west-2.amazonaws.com/DATA-DOCS/miu-hml/documentos/143699/30920008/miuDocumento_775903_LecturasCasos2_813678_852504_889439_924115_959241.zip"
997500,"https://miu-documentos.s3.us-west-2.amazonaws.com/DATA-DOCS/miu-hml/documentos/144626/30920008/miuDocumento_821062_TimelinerockdeGuate_845104_845153_852563_869800_905667_916969_921226_924415_956095_975640_978346.jpg"
997501,"https://miu-documentos.s3.us-west-2.amazonaws.com/DATA-DOCS/miu-hml/documentos/144626/30920008/miuDocumento_821125_5bEjercicioDescAditivas_845114_845155_852565_869802_905669_916970_921227_924416_956096_975642_978347.xlsx"
997499,"https://miu-documentos.s3.us-west-2.amazonaws.com/DATA-DOCS/miu-hml/documentos/144626/30920008/miuDocumento_977540_CasocontrastelimitesdeShewhartconintervalosclasicos_978345.xlsx"
997502,"https://miu-documentos.s3.us-west-2.amazonaws.com/DATA-DOCS/miu-hml/documentos/144626/30920008/miuDocumento_821126_5cEjercicioDescMultiplicativas_845116_845156_852566_869803_905670_916971_921228_924417_956097_975644_978348.xlsx"
997503,"https://miu-documentos.s3.us-west-2.amazonaws.com/DATA-DOCS/miu-hml/documentos/144626/30920008/miuDocumento_975646_CasoAmazon2025Q1_978349.xlsx"
997504,"https://miu-documentos.s3.us-west-2.amazonaws.com/DATA-DOCS/miu-hml/documentos/144626/30920008/miuDocumento_975648_CasoExportaciones2025_978350.xlsx"
998024,"https://miu-documentos.s3.us-west-2.amazonaws.com/DATA-DOCS/miu-hml/documentos/143379/30910351/miuDocumento_998024_MicroeconomiaFeneromayo2026cronograma.pdf"
998026,"https://miu-documentos.s3.us-west-2.amazonaws.com/DATA-DOCS/miu-hml/documentos/144725/20140469/miuDocumento_998026_CalendariodeLecturas_FC_Derecho_2026.xlsx"
998041,"https://miu-documentos.s3.us-west-2.amazonaws.com/DATA-DOCS/miu-hml/documentos/143333/20140597/miuDocumento_998041_ReglasMathHelp.pdf"
998044,"https://miu-documentos.s3.us-west-2.amazonaws.com/DATA-DOCS/miu-hml/documentos/143787/20140597/miuDocumento_998044_InstructivoMathHelp.pdf"
998051,"https://miu-documentos.s3.us-west-2.amazonaws.com/DATA-DOCS/miu-hml/documentos/144056/20010492/miuDocumento_998051_LibroLiberalismo-LudwigVonMises.pdf"
998053,"https://miu-documentos.s3.us-west-2.amazonaws.com/DATA-DOCS/miu-hml/documentos/143375/20130088/miuDocumento_998053_Clase2.pdf"
998054,"https://miu-documentos.s3.us-west-2.amazonaws.com/DATA-DOCS/miu-hml/documentos/143376/20130088/miuDocumento_998053_Clase2.pdf"
998114,"https://miu-documentos.s3.us-west-2.amazonaws.com/DATA-DOCS/miu-hml/documentos/143347/20070408/miuDocumento_998114_UFM-AproximacionalMercadodeDerivados.pdf"
998118,"https://miu-documentos.s3.us-west-2.amazonaws.com/DATA-DOCS/miu-hml/documentos/143463/20140046/miuDocumento_998118_Screenshot2026-01-06at11.42.43AM.png"
998119,"https://miu-documentos.s3.us-west-2.amazonaws.com/DATA-DOCS/miu-hml/documentos/144233/97000389/miuDocumento_998119_ProgramaContratosCiviles2026.pdf"
998125,"https://miu-documentos.s3.us-west-2.amazonaws.com/DATA-DOCS/miu-hml/documentos/144059/20010492/miuDocumento_998125_LibroLiberalismo-LudwigVonMises.pdf"
998140,"https://miu-documentos.s3.us-west-2.amazonaws.com/DATA-DOCS/miu-hml/documentos/144125/12870542/miuDocumento_998140_210127-temario-hayek.docx"
998141,"https://miu-documentos.s3.us-west-2.amazonaws.com/DATA-DOCS/miu-hml/documentos/144121/12870542/miuDocumento_998140_210127-temario-hayek.docx"
998142,"https://miu-documentos.s3.us-west-2.amazonaws.com/DATA-DOCS/miu-hml/documentos/144122/12870542/miuDocumento_998140_210127-temario-hayek.docx"
998162,"https://miu-documentos.s3.us-west-2.amazonaws.com/DATA-DOCS/miu-hml/documentos/143710/20050380/miuDocumento_998162_FLDESTUDIODEOPINIONPUBLICA.pdf"
998163,"https://miu-documentos.s3.us-west-2.amazonaws.com/DATA-DOCS/miu-hml/documentos/144125/12870542/miuDocumento_998163_250716-prompter-ufmLabs.jpg"
998164,"https://miu-documentos.s3.us-west-2.amazonaws.com/DATA-DOCS/miu-hml/documentos/144121/12870542/miuDocumento_998163_250716-prompter-ufmLabs.jpg"
998165,"https://miu-documentos.s3.us-west-2.amazonaws.com/DATA-DOCS/miu-hml/documentos/144122/12870542/miuDocumento_998163_250716-prompter-ufmLabs.jpg"
998166,"https://miu-documentos.s3.us-west-2.amazonaws.com/DATA-DOCS/miu-hml/documentos/144125/12870542/miuDocumento_998166_250716-rubrica-de-ensayos.docx"
998167,"https://miu-documentos.s3.us-west-2.amazonaws.com/DATA-DOCS/miu-hml/documentos/144121/12870542/miuDocumento_998166_250716-rubrica-de-ensayos.docx"
998187,"https://miu-documentos.s3.us-west-2.amazonaws.com/DATA-DOCS/miu-hml/documentos/144125/12870542/miuDocumento_998187_260106ProgramaHayekH07.pdf"
995853,"https://miu-documentos.s3.us-west-2.amazonaws.com/DATA-DOCS/miu-hml/documentos/143583/20040100/miuDocumento_995851_2.TecnicasdeAnalisis.pdf"
995854,"https://miu-documentos.s3.us-west-2.amazonaws.com/DATA-DOCS/miu-hml/documentos/143583/20040100/miuDocumento_995854_3.Bioinformatica.pdf"
995855,"https://miu-documentos.s3.us-west-2.amazonaws.com/DATA-DOCS/miu-hml/documentos/143583/20040100/miuDocumento_995854_3.Bioinformatica.pdf"
995856,"https://miu-documentos.s3.us-west-2.amazonaws.com/DATA-DOCS/miu-hml/documentos/143583/20040100/miuDocumento_995854_3.Bioinformatica.pdf"
995857,"https://miu-documentos.s3.us-west-2.amazonaws.com/DATA-DOCS/miu-hml/documentos/143583/20040100/miuDocumento_995857_4.GWAS.pdf"
995859,"https://miu-documentos.s3.us-west-2.amazonaws.com/DATA-DOCS/miu-hml/documentos/143583/20040100/miuDocumento_995857_4.GWAS.pdf"
995860,"https://miu-documentos.s3.us-west-2.amazonaws.com/DATA-DOCS/miu-hml/documentos/143583/20040100/miuDocumento_995860_5.Farmacogenomica.pdf"
995861,"https://miu-documentos.s3.us-west-2.amazonaws.com/DATA-DOCS/miu-hml/documentos/143583/20040100/miuDocumento_995860_5.Farmacogenomica.pdf"
995862,"https://miu-documentos.s3.us-west-2.amazonaws.com/DATA-DOCS/miu-hml/documentos/143583/20040100/miuDocumento_995860_5.Farmacogenomica.pdf"
995863,"https://miu-documentos.s3.us-west-2.amazonaws.com/DATA-DOCS/miu-hml/documentos/143583/20040100/miuDocumento_995863_6.Epigenomica.pdf"
995864,"https://miu-documentos.s3.us-west-2.amazonaws.com/DATA-DOCS/miu-hml/documentos/143583/20040100/miuDocumento_995863_6.Epigenomica.pdf"
995865,"https://miu-documentos.s3.us-west-2.amazonaws.com/DATA-DOCS/miu-hml/documentos/143583/20040100/miuDocumento_995863_6.Epigenomica.pdf"
995897,"https://miu-documentos.s3.us-west-2.amazonaws.com/DATA-DOCS/miu-hml/documentos/143583/20040100/miuDocumento_995897_2.AgaroseGelElectrophoresis.pdf"
995899,"https://miu-documentos.s3.us-west-2.amazonaws.com/DATA-DOCS/miu-hml/documentos/143583/20040100/miuDocumento_995897_2.AgaroseGelElectrophoresis.pdf"
995900,"https://miu-documentos.s3.us-west-2.amazonaws.com/DATA-DOCS/miu-hml/documentos/143583/20040100/miuDocumento_995897_2.AgaroseGelElectrophoresis.pdf"
995922,"https://miu-documentos.s3.us-west-2.amazonaws.com/DATA-DOCS/miu-hml/documentos/143583/20040100/miuDocumento_995922_3.ThirdGenSeq.pdf"
995923,"https://miu-documentos.s3.us-west-2.amazonaws.com/DATA-DOCS/miu-hml/documentos/143583/20040100/miuDocumento_995922_3.ThirdGenSeq.pdf"
995924,"https://miu-documentos.s3.us-west-2.amazonaws.com/DATA-DOCS/miu-hml/documentos/143583/20040100/miuDocumento_995922_3.ThirdGenSeq.pdf"
995925,"https://miu-documentos.s3.us-west-2.amazonaws.com/DATA-DOCS/miu-hml/documentos/143583/20040100/miuDocumento_995922_3.ThirdGenSeq.pdf"
995937,"https://miu-documentos.s3.us-west-2.amazonaws.com/DATA-DOCS/miu-hml/documentos/143583/20040100/miuDocumento_995937_5.ThePursuitofGWAS.pdf"
995938,"https://miu-documentos.s3.us-west-2.amazonaws.com/DATA-DOCS/miu-hml/documentos/143583/20040100/miuDocumento_995937_5.ThePursuitofGWAS.pdf"
995940,"https://miu-documentos.s3.us-west-2.amazonaws.com/DATA-DOCS/miu-hml/documentos/143583/20040100/miuDocumento_995937_5.ThePursuitofGWAS.pdf"
995967,"https://miu-documentos.s3.us-west-2.amazonaws.com/DATA-DOCS/miu-hml/documentos/143583/20040100/miuDocumento_995967_7.MicrobiomeinHealthandDisease.pdf"
995968,"https://miu-documentos.s3.us-west-2.amazonaws.com/DATA-DOCS/miu-hml/documentos/143583/20040100/miuDocumento_995967_7.MicrobiomeinHealthandDisease.pdf"
996967,"https://miu-documentos.s3.us-west-2.amazonaws.com/DATA-DOCS/miu-hml/documentos/143720/23820040/miuDocumento_996967_canalesBeckers.JeffHardinGregoryBertoni-BeckersWorldoftheCell-Pearson2018.pdf"
996968,"https://miu-documentos.s3.us-west-2.amazonaws.com/DATA-DOCS/miu-hml/documentos/143722/23820040/miuDocumento_996967_canalesBeckers.JeffHardinGregoryBertoni-BeckersWorldoftheCell-Pearson2018.pdf"
996969,"https://miu-documentos.s3.us-west-2.amazonaws.com/DATA-DOCS/miu-hml/documentos/143721/23820040/miuDocumento_996967_canalesBeckers.JeffHardinGregoryBertoni-BeckersWorldoftheCell-Pearson2018.pdf"
996999,"https://miu-documentos.s3.us-west-2.amazonaws.com/DATA-DOCS/miu-hml/documentos/143721/23820040/miuDocumento_996997_Desc.delpiruvato.JeffHardinGregoryBertoni-Becker_sWorldoftheCell-Pearson2018.pdf"
997000,"https://miu-documentos.s3.us-west-2.amazonaws.com/DATA-DOCS/miu-hml/documentos/143720/23820040/miuDocumento_997000_TCA-9th2018.JeffHardinGregoryBertoni-Becker_sWorldoftheCell-Pearson2018.pdf"
997001,"https://miu-documentos.s3.us-west-2.amazonaws.com/DATA-DOCS/miu-hml/documentos/143722/23820040/miuDocumento_997000_TCA-9th2018.JeffHardinGregoryBertoni-Becker_sWorldoftheCell-Pearson2018.pdf"
997002,"https://miu-documentos.s3.us-west-2.amazonaws.com/DATA-DOCS/miu-hml/documentos/143721/23820040/miuDocumento_997000_TCA-9th2018.JeffHardinGregoryBertoni-Becker_sWorldoftheCell-Pearson2018.pdf"
997009,"https://miu-documentos.s3.us-west-2.amazonaws.com/DATA-DOCS/miu-hml/documentos/143720/23820040/miuDocumento_997009_beta-oxyusodeaa.9aed.2018.JeffHardinGregoryBertoni-Becker_sWorldoftheCell-Pearson2018.pdf"
997010,"https://miu-documentos.s3.us-west-2.amazonaws.com/DATA-DOCS/miu-hml/documentos/143722/23820040/miuDocumento_997009_beta-oxyusodeaa.9aed.2018.JeffHardinGregoryBertoni-Becker_sWorldoftheCell-Pearson2018.pdf"
997011,"https://miu-documentos.s3.us-west-2.amazonaws.com/DATA-DOCS/miu-hml/documentos/143721/23820040/miuDocumento_997009_beta-oxyusodeaa.9aed.2018.JeffHardinGregoryBertoni-Becker_sWorldoftheCell-Pearson2018.pdf"
997012,"https://miu-documentos.s3.us-west-2.amazonaws.com/DATA-DOCS/miu-hml/documentos/143720/23820040/miuDocumento_997012_empaq.delADN.Molec.Bio.oftheCell6thedition-Alberts-NEW.pdf"
998168,"https://miu-documentos.s3.us-west-2.amazonaws.com/DATA-DOCS/miu-hml/documentos/144122/12870542/miuDocumento_998166_250716-rubrica-de-ensayos.docx"
998179,"https://miu-documentos.s3.us-west-2.amazonaws.com/DATA-DOCS/miu-hml/documentos/143748/20180251/miuDocumento_998179_HT2GuadeLecturaEbriologaNervio.pdf"
998180,"https://miu-documentos.s3.us-west-2.amazonaws.com/DATA-DOCS/miu-hml/documentos/143749/20180251/miuDocumento_998179_HT2GuadeLecturaEbriologaNervio.pdf"
998181,"https://miu-documentos.s3.us-west-2.amazonaws.com/DATA-DOCS/miu-hml/documentos/143750/20180251/miuDocumento_998179_HT2GuadeLecturaEbriologaNervio.pdf"
998186,"https://miu-documentos.s3.us-west-2.amazonaws.com/DATA-DOCS/miu-hml/documentos/144122/12870542/miuDocumento_998186_260106ProgramaHayekH04.pdf"
998189,"https://miu-documentos.s3.us-west-2.amazonaws.com/DATA-DOCS/miu-hml/documentos/144234/20060022/miuDocumento_998189_ProgramaContratosCiviles2026.pdf"
998192,"https://miu-documentos.s3.us-west-2.amazonaws.com/DATA-DOCS/miu-hml/documentos/143748/20050772/miuDocumento_998192_INTRODUCCIONYREACCIONSNC.ppt"
998193,"https://miu-documentos.s3.us-west-2.amazonaws.com/DATA-DOCS/miu-hml/documentos/143750/20050772/miuDocumento_998192_INTRODUCCIONYREACCIONSNC.ppt"
998206,"https://miu-documentos.s3.us-west-2.amazonaws.com/DATA-DOCS/miu-hml/documentos/144098/20070439/miuDocumento_998206_Cronograma.PEI.S042026sp.docx"
998201,"https://miu-documentos.s3.us-west-2.amazonaws.com/DATA-DOCS/miu-hml/documentos/143749/20050772/miuDocumento_998201_INTRODUCCIONYREACCIONSNC.ppt"
998211,"https://miu-documentos.s3.us-west-2.amazonaws.com/DATA-DOCS/miu-hml/documentos/143428/20041076/miuDocumento_923209_SeminariodeAdministracion2024-Programa.doc"
998212,"https://miu-documentos.s3.us-west-2.amazonaws.com/DATA-DOCS/miu-hml/documentos/144624/20180726/miuDocumento_998212_UFM_ESTRATEGIA_CONTENIDOCURSO_CICLO1_2026.doc"
998213,"https://miu-documentos.s3.us-west-2.amazonaws.com/DATA-DOCS/miu-hml/documentos/143766/39930572/miuDocumento_998213_Clase1-Cavidadoral2026.pdf"
998214,"https://miu-documentos.s3.us-west-2.amazonaws.com/DATA-DOCS/miu-hml/documentos/143767/39930572/miuDocumento_998213_Clase1-Cavidadoral2026.pdf"
998221,"https://miu-documentos.s3.us-west-2.amazonaws.com/DATA-DOCS/miu-hml/documentos/143395/20150462/miuDocumento_998221_6deEnero.pdf"
998222,"https://miu-documentos.s3.us-west-2.amazonaws.com/DATA-DOCS/miu-hml/documentos/143354/20150462/miuDocumento_998222_6deEnero.pdf"
998242,"https://miu-documentos.s3.us-west-2.amazonaws.com/DATA-DOCS/miu-hml/documentos/143736/20190187/miuDocumento_998242_GruposPsicobiologiaISeccionA.pdf"
998247,"https://miu-documentos.s3.us-west-2.amazonaws.com/DATA-DOCS/miu-hml/documentos/143339/20200899/miuDocumento_998247_1GSC26SCFrameworkClass.pdf"
998265,"https://miu-documentos.s3.us-west-2.amazonaws.com/DATA-DOCS/miu-hml/documentos/143428/20041076/miuDocumento_998265_CalendarioSeminarioAdministracin3A2026.xlsx"
998252,"https://miu-documentos.s3.us-west-2.amazonaws.com/DATA-DOCS/miu-hml/documentos/143337/20080633/miuDocumento_998252_2026-Comovamosatrabajar.pdf"
998266,"https://miu-documentos.s3.us-west-2.amazonaws.com/DATA-DOCS/miu-hml/documentos/143380/30880182/miuDocumento_998266_M1_20260107_SolucionPLGrafica.pdf"
998267,"https://miu-documentos.s3.us-west-2.amazonaws.com/DATA-DOCS/miu-hml/documentos/143381/30880182/miuDocumento_998266_M1_20260107_SolucionPLGrafica.pdf"
998269,"https://miu-documentos.s3.us-west-2.amazonaws.com/DATA-DOCS/miu-hml/documentos/144763/20140065/miuDocumento_998269_Prefaceofsystemsofsurvival.pdf"
998270,"https://miu-documentos.s3.us-west-2.amazonaws.com/DATA-DOCS/miu-hml/documentos/143513/20140065/miuDocumento_998269_Prefaceofsystemsofsurvival.pdf"
998271,"https://miu-documentos.s3.us-west-2.amazonaws.com/DATA-DOCS/miu-hml/documentos/143300/21870018/miuDocumento_998271_ProgramaDerechoEmpresarial2026.docx"
998279,"https://miu-documentos.s3.us-west-2.amazonaws.com/DATA-DOCS/miu-hml/documentos/144721/20180609/miuDocumento_998279_CasosobreaplicacindeLC.docx"
998281,"https://miu-documentos.s3.us-west-2.amazonaws.com/DATA-DOCS/miu-hml/documentos/143331/20080197/miuDocumento_998281_TesisDerechoM.pdf"
997766,"https://miu-documentos.s3.us-west-2.amazonaws.com/DATA-DOCS/miu-hml/documentos/144092/12870542/miuDocumento_997766_250105-teorias-morales-Biddle.jpeg"
997796,"https://miu-documentos.s3.us-west-2.amazonaws.com/DATA-DOCS/miu-hml/documentos/144605/20151049/miuDocumento_997796_Andreessen.pdf"
997778,"https://miu-documentos.s3.us-west-2.amazonaws.com/DATA-DOCS/miu-hml/documentos/144605/20151049/miuDocumento_997778_MicklethwaityWooldridge.LaEmpresa.pdf"
997799,"https://miu-documentos.s3.us-west-2.amazonaws.com/DATA-DOCS/miu-hml/documentos/144605/20151049/miuDocumento_997799_friedman.pdf"
997806,"https://miu-documentos.s3.us-west-2.amazonaws.com/DATA-DOCS/miu-hml/documentos/143351/20120084/miuDocumento_997806_Murphy-EconomicFreedomoftheWorldintheUniverseofMeasuringInstitutions.pdf"
997825,"https://miu-documentos.s3.us-west-2.amazonaws.com/DATA-DOCS/miu-hml/documentos/144782/12890465/miuDocumento_997825_cmoescribirunabuenacomprobacin.doc"
997927,"https://miu-documentos.s3.us-west-2.amazonaws.com/DATA-DOCS/miu-hml/documentos/143873/20170280/miuDocumento_997927_Tarea10-Probabilidad.pdf"
997928,"https://miu-documentos.s3.us-west-2.amazonaws.com/DATA-DOCS/miu-hml/documentos/143874/20170280/miuDocumento_997927_Tarea10-Probabilidad.pdf"
997929,"https://miu-documentos.s3.us-west-2.amazonaws.com/DATA-DOCS/miu-hml/documentos/143875/20170280/miuDocumento_997927_Tarea10-Probabilidad.pdf"
997940,"https://miu-documentos.s3.us-west-2.amazonaws.com/DATA-DOCS/miu-hml/documentos/143760/20190190/miuDocumento_997940_mental-status-examination.pdf"
997941,"https://miu-documentos.s3.us-west-2.amazonaws.com/DATA-DOCS/miu-hml/documentos/143761/20190190/miuDocumento_997940_mental-status-examination.pdf"
997957,"https://miu-documentos.s3.us-west-2.amazonaws.com/DATA-DOCS/miu-hml/documentos/143736/20090036/miuDocumento_997957_Programa2026V2.xlsx"
997958,"https://miu-documentos.s3.us-west-2.amazonaws.com/DATA-DOCS/miu-hml/documentos/143738/20090036/miuDocumento_997957_Programa2026V2.xlsx"
997959,"https://miu-documentos.s3.us-west-2.amazonaws.com/DATA-DOCS/miu-hml/documentos/143737/20090036/miuDocumento_997957_Programa2026V2.xlsx"
998050,"https://miu-documentos.s3.us-west-2.amazonaws.com/DATA-DOCS/miu-hml/documentos/144056/20010492/miuDocumento_998050_RushworthM.Kidder_capitulo1.pdf"
998058,"https://miu-documentos.s3.us-west-2.amazonaws.com/DATA-DOCS/miu-hml/documentos/143387/20120055/miuDocumento_927030_SecondinCommand_TheMisunderstoodRoleoftheChiefOperatingOfficer_946705_981975.pdf"
998059,"https://miu-documentos.s3.us-west-2.amazonaws.com/DATA-DOCS/miu-hml/documentos/143388/20120055/miuDocumento_927030_SecondinCommand_TheMisunderstoodRoleoftheChiefOperatingOfficer_946705_981975.pdf"
998091,"https://miu-documentos.s3.us-west-2.amazonaws.com/DATA-DOCS/miu-hml/documentos/143810/20090027/miuDocumento_998091_Screenshot2026-01-06at9.22.41AM.png"
998116,"https://miu-documentos.s3.us-west-2.amazonaws.com/DATA-DOCS/miu-hml/documentos/143463/20140046/miuDocumento_998116_ProgramaSupply_2026.pdf"
998122,"https://miu-documentos.s3.us-west-2.amazonaws.com/DATA-DOCS/miu-hml/documentos/144119/20020786/miuDocumento_998122_2026-H1-programa-sylla.pdf"
998188,"https://miu-documentos.s3.us-west-2.amazonaws.com/DATA-DOCS/miu-hml/documentos/144092/12870542/miuDocumento_998188_260105Programaeticadelalibertad.pdf"
998257,"https://miu-documentos.s3.us-west-2.amazonaws.com/DATA-DOCS/miu-hml/documentos/143450/20101033/miuDocumento_998257_ExcelFiles.zip"
998258,"https://miu-documentos.s3.us-west-2.amazonaws.com/DATA-DOCS/miu-hml/documentos/143773/20190503/miuDocumento_998258_Thetesttubesynthesisofachemicalcalledpoliovirus.pdf"
998259,"https://miu-documentos.s3.us-west-2.amazonaws.com/DATA-DOCS/miu-hml/documentos/143772/20190503/miuDocumento_998258_Thetesttubesynthesisofachemicalcalledpoliovirus.pdf"
995969,"https://miu-documentos.s3.us-west-2.amazonaws.com/DATA-DOCS/miu-hml/documentos/143583/20040100/miuDocumento_995967_7.MicrobiomeinHealthandDisease.pdf"
995971,"https://miu-documentos.s3.us-west-2.amazonaws.com/DATA-DOCS/miu-hml/documentos/143583/20040100/miuDocumento_995967_7.MicrobiomeinHealthandDisease.pdf"
995970,"https://miu-documentos.s3.us-west-2.amazonaws.com/DATA-DOCS/miu-hml/documentos/143583/20040100/miuDocumento_995967_7.MicrobiomeinHealthandDisease.pdf"
995997,"https://miu-documentos.s3.us-west-2.amazonaws.com/DATA-DOCS/miu-hml/documentos/144827/20230676/miuDocumento_995997_archivito_mod.pdf"
996003,"https://miu-documentos.s3.us-west-2.amazonaws.com/DATA-DOCS/miu-hml/documentos/144827/20230676/miuDocumento_996003_ExamenFinalBADSMarzo2021-1.pdf"
996053,"https://miu-documentos.s3.us-west-2.amazonaws.com/DATA-DOCS/miu-hml/documentos/143587/20021275/miuDocumento_964854_ManejodesospechadeabusoenCSB.docx"
996054,"https://miu-documentos.s3.us-west-2.amazonaws.com/DATA-DOCS/miu-hml/documentos/143824/20021275/miuDocumento_964854_ManejodesospechadeabusoenCSB.docx"
995941,"https://miu-documentos.s3.us-west-2.amazonaws.com/DATA-DOCS/miu-hml/documentos/143583/20040100/miuDocumento_995937_5.ThePursuitofGWAS.pdf"
995389,"https://miu-documentos.s3.us-west-2.amazonaws.com/DATA-DOCS/miu-hml/documentos/143023/20241404/miuDocumento_995389_EvaluacionesAsesor-PE2026.xlsx-EvaluacionCompetenciasyValor.pdf"
995391,"https://miu-documentos.s3.us-west-2.amazonaws.com/DATA-DOCS/miu-hml/documentos/143023/20241404/miuDocumento_995391_EvaluacionesAsesor-PE2026.xlsx-Tareasdeapoyo.pdf"
996363,"https://miu-documentos.s3.us-west-2.amazonaws.com/DATA-DOCS/miu-hml/documentos/143453/20030090/miuDocumento_996363_PerfilLogsticoGuatemala.pdf"
995858,"https://miu-documentos.s3.us-west-2.amazonaws.com/DATA-DOCS/miu-hml/documentos/143583/20040100/miuDocumento_995857_4.GWAS.pdf"
995831,"https://miu-documentos.s3.us-west-2.amazonaws.com/DATA-DOCS/miu-hml/documentos/143595/20040100/miuDocumento_995642_9_995831.CasosClinicos-EIMs"
997021,"https://miu-documentos.s3.us-west-2.amazonaws.com/DATA-DOCS/miu-hml/documentos/143720/23820040/miuDocumento_997021_TRANSCRIPCION.MolecularBiologyoftheCell6thedition-Alberts-NEWcopy.pdf"
997022,"https://miu-documentos.s3.us-west-2.amazonaws.com/DATA-DOCS/miu-hml/documentos/143722/23820040/miuDocumento_997021_TRANSCRIPCION.MolecularBiologyoftheCell6thedition-Alberts-NEWcopy.pdf"
997023,"https://miu-documentos.s3.us-west-2.amazonaws.com/DATA-DOCS/miu-hml/documentos/143721/23820040/miuDocumento_997021_TRANSCRIPCION.MolecularBiologyoftheCell6thedition-Alberts-NEWcopy.pdf"
997066,"https://miu-documentos.s3.us-west-2.amazonaws.com/DATA-DOCS/miu-hml/documentos/143720/23820040/miuDocumento_997066_RRNAYTRNAPROCESSINGJeffHardinGregoryBertoni-BeckersWorldoftheCell-Pearson2018.pdf"
997067,"https://miu-documentos.s3.us-west-2.amazonaws.com/DATA-DOCS/miu-hml/documentos/143722/23820040/miuDocumento_997066_RRNAYTRNAPROCESSINGJeffHardinGregoryBertoni-BeckersWorldoftheCell-Pearson2018.pdf"
997068,"https://miu-documentos.s3.us-west-2.amazonaws.com/DATA-DOCS/miu-hml/documentos/143721/23820040/miuDocumento_997066_RRNAYTRNAPROCESSINGJeffHardinGregoryBertoni-BeckersWorldoftheCell-Pearson2018.pdf"
997272,"https://miu-documentos.s3.us-west-2.amazonaws.com/DATA-DOCS/miu-hml/documentos/142917/12890465/miuDocumento_997272_criteriosdeevaluacinsocrticaRCM.docx"
997278,"https://miu-documentos.s3.us-west-2.amazonaws.com/DATA-DOCS/miu-hml/documentos/143767/20151104/miuDocumento_997278_Ch11AlimentarySystemThe-Developing-Human-Clinically-Oriented-Embryology-10e.pdf"
997419,"https://miu-documentos.s3.us-west-2.amazonaws.com/DATA-DOCS/miu-hml/documentos/144686/21810012/miuDocumento_997419_Programa-EstadoDerechoyPoliticaenGuatemal.MiltonArgueta.FormatoEPRIfinal.docx"
997505,"https://miu-documentos.s3.us-west-2.amazonaws.com/DATA-DOCS/miu-hml/documentos/144626/30920008/miuDocumento_871752_CasoPIBCICIG_905676_916974_921231_924420_956100_975650_978351.xlsx"
997506,"https://miu-documentos.s3.us-west-2.amazonaws.com/DATA-DOCS/miu-hml/documentos/144626/30920008/miuDocumento_923067_FpwXe_924421_956101_975652_978352.zip"
997507,"https://miu-documentos.s3.us-west-2.amazonaws.com/DATA-DOCS/miu-hml/documentos/144626/30920008/miuDocumento_978354_Exportaciones2025vFPro-2.xls"
997508,"https://miu-documentos.s3.us-west-2.amazonaws.com/DATA-DOCS/miu-hml/documentos/144626/30920008/miuDocumento_978355_Resolucion_Helados.xlsx"
997509,"https://miu-documentos.s3.us-west-2.amazonaws.com/DATA-DOCS/miu-hml/documentos/144626/30920008/miuDocumento_978180_CasoAmazon2025PARAPRACTICA_978356.xlsx"
997510,"https://miu-documentos.s3.us-west-2.amazonaws.com/DATA-DOCS/miu-hml/documentos/144626/30920008/miuDocumento_978353_Caso_Helados_parallenar.xlsx"
997553,"https://miu-documentos.s3.us-west-2.amazonaws.com/DATA-DOCS/miu-hml/documentos/143460/22880028/miuDocumento_997553_TheEconomist-GuidetoInvestmentStrategy.pdf"
997555,"https://miu-documentos.s3.us-west-2.amazonaws.com/DATA-DOCS/miu-hml/documentos/143380/30880182/miuDocumento_997555_M1PROGRAMA26_v1.pdf"
997556,"https://miu-documentos.s3.us-west-2.amazonaws.com/DATA-DOCS/miu-hml/documentos/143381/30880182/miuDocumento_997555_M1PROGRAMA26_v1.pdf"
995802,"https://miu-documentos.s3.us-west-2.amazonaws.com/DATA-DOCS/miu-hml/documentos/139019/20040100/miuDocumento_958862_ThompsonThompson,Ch7-PatternsofInheritance_995666_995802.pdf"
997013,"https://miu-documentos.s3.us-west-2.amazonaws.com/DATA-DOCS/miu-hml/documentos/143722/23820040/miuDocumento_997012_empaq.delADN.Molec.Bio.oftheCell6thedition-Alberts-NEW.pdf"
997014,"https://miu-documentos.s3.us-west-2.amazonaws.com/DATA-DOCS/miu-hml/documentos/143721/23820040/miuDocumento_997012_empaq.delADN.Molec.Bio.oftheCell6thedition-Alberts-NEW.pdf"
997069,"https://miu-documentos.s3.us-west-2.amazonaws.com/DATA-DOCS/miu-hml/documentos/143720/23820040/miuDocumento_997069_Traduccio_n.MolecularBiologyoftheCell6thedition-Alberts-NEW.pdf"
997070,"https://miu-documentos.s3.us-west-2.amazonaws.com/DATA-DOCS/miu-hml/documentos/143722/23820040/miuDocumento_997069_Traduccio_n.MolecularBiologyoftheCell6thedition-Alberts-NEW.pdf"
997560,"https://miu-documentos.s3.us-west-2.amazonaws.com/DATA-DOCS/miu-hml/documentos/143375/20130088/miuDocumento_997560_CalendarioLecturas_2026.pdf"
997561,"https://miu-documentos.s3.us-west-2.amazonaws.com/DATA-DOCS/miu-hml/documentos/143515/20210632/miuDocumento_997561_miuDocumento_889335_miuDocumento_851710_Turnitin-ManualEstudiantes1.pdf"
997564,"https://miu-documentos.s3.us-west-2.amazonaws.com/DATA-DOCS/miu-hml/documentos/143515/20210632/miuDocumento_997564_miuDocumento_889345_miuDocumento_854009_GuiadenormasAPA7.pdf"
997571,"https://miu-documentos.s3.us-west-2.amazonaws.com/DATA-DOCS/miu-hml/documentos/143309/20050380/miuDocumento_997571_1_Intro_rev.pdf"
997572,"https://miu-documentos.s3.us-west-2.amazonaws.com/DATA-DOCS/miu-hml/documentos/143310/20050380/miuDocumento_997571_1_Intro_rev.pdf"
997583,"https://miu-documentos.s3.us-west-2.amazonaws.com/DATA-DOCS/miu-hml/documentos/142925/20140469/miuDocumento_997583_ProgramadelCurso-Operacionescomercialesyfinanzas.docx"
997592,"https://miu-documentos.s3.us-west-2.amazonaws.com/DATA-DOCS/miu-hml/documentos/144062/20100579/miuDocumento_997592_Rbricadelensayo.pdf"
997593,"https://miu-documentos.s3.us-west-2.amazonaws.com/DATA-DOCS/miu-hml/documentos/144007/20110075/miuDocumento_960562_Elabogado-ManuelOssorioyFlorit(2).pdf"
997594,"https://miu-documentos.s3.us-west-2.amazonaws.com/DATA-DOCS/miu-hml/documentos/144007/20110075/miuDocumento_960565_Programa-IDA-2025.docx"
997595,"https://miu-documentos.s3.us-west-2.amazonaws.com/DATA-DOCS/miu-hml/documentos/144007/20110075/miuDocumento_960569_CVLuisPedroArango2024Asesoria.docx"
997596,"https://miu-documentos.s3.us-west-2.amazonaws.com/DATA-DOCS/miu-hml/documentos/144007/20110075/miuDocumento_960571_CVPedroFlores(2025)(ESP).pdf"
997597,"https://miu-documentos.s3.us-west-2.amazonaws.com/DATA-DOCS/miu-hml/documentos/144007/20110075/miuDocumento_960563_Larelacio_nabogado-clienteylahonorabilidadprofesional-H.H.ACooper(2).pdf"
997598,"https://miu-documentos.s3.us-west-2.amazonaws.com/DATA-DOCS/miu-hml/documentos/144007/20110075/miuDocumento_960564_Fischel-LawyersConfidentiality-1998(2).pdf"
997600,"https://miu-documentos.s3.us-west-2.amazonaws.com/DATA-DOCS/miu-hml/documentos/143286/20140469/miuDocumento_997600_FundamentosdeContabilidad_2026.docx"
997608,"https://miu-documentos.s3.us-west-2.amazonaws.com/DATA-DOCS/miu-hml/documentos/143259/20100914/miuDocumento_997608_Tarea02.zip"
997609,"https://miu-documentos.s3.us-west-2.amazonaws.com/DATA-DOCS/miu-hml/documentos/143260/20100914/miuDocumento_997608_Tarea02.zip"
997610,"https://miu-documentos.s3.us-west-2.amazonaws.com/DATA-DOCS/miu-hml/documentos/143809/20100914/miuDocumento_997608_Tarea02.zip"
997615,"https://miu-documentos.s3.us-west-2.amazonaws.com/DATA-DOCS/miu-hml/documentos/143259/20100914/miuDocumento_997615_MOS365ExcelExpert2022OD.pdf"
997616,"https://miu-documentos.s3.us-west-2.amazonaws.com/DATA-DOCS/miu-hml/documentos/143260/20100914/miuDocumento_997615_MOS365ExcelExpert2022OD.pdf"
997617,"https://miu-documentos.s3.us-west-2.amazonaws.com/DATA-DOCS/miu-hml/documentos/143809/20100914/miuDocumento_997615_MOS365ExcelExpert2022OD.pdf"
997618,"https://miu-documentos.s3.us-west-2.amazonaws.com/DATA-DOCS/miu-hml/documentos/142915/20160894/miuDocumento_997618_Comentariodearticulos202.docx"
997619,"https://miu-documentos.s3.us-west-2.amazonaws.com/DATA-DOCS/miu-hml/documentos/142916/20160894/miuDocumento_997618_Comentariodearticulos202.docx"
997635,"https://miu-documentos.s3.us-west-2.amazonaws.com/DATA-DOCS/miu-hml/documentos/144708/20180351/miuDocumento_997635_ProgramaLaGeopoliticadeTrumpyelRedisenodelTablerodePoder.docx5.pdf"
997676,"https://miu-documentos.s3.us-west-2.amazonaws.com/DATA-DOCS/miu-hml/documentos/143697/20040078/miuDocumento_997676_TheBiasBlindSpot.pdf"
