MIU_DOCUMENTOS,PATH_ADUNTO,s3_bucket,s3_key,exists,http_status,error
997973,https://miu-documentos.s3.us-west-2.amazonaws.com/DATA-DOCS/miu-hml/documentos/143737/20090036/miuDocumento_997971_12TeoriasdelDesarrollo.pdf,miu-documentos,DATA-DOCS/miu-hml/documentos/143737/20090036/miuDocumento_997971_12TeoriasdelDesarrollo.pdf,Y,200,
997996,https://miu-documentos.s3.us-west-2.amazonaws.com/DATA-DOCS/miu-hml/documentos/143990/20060007/miuDocumento_997996_0ProgramaUtilizaciondeMedios2026.pdf,miu-documentos,DATA-DOCS/miu-hml/documentos/143990/20060007/miuDocumento_997996_0ProgramaUtilizaciondeMedios2026.pdf,Y,200,
997997,https://miu-documentos.s3.us-west-2.amazonaws.com/DATA-DOCS/miu-hml/documentos/143989/20060007/miuDocumento_997996_0ProgramaUtilizaciondeMedios2026.pdf,miu-documentos,DATA-DOCS/miu-hml/documentos/143989/20060007/miuDocumento_997996_0ProgramaUtilizaciondeMedios2026.pdf,Y,200,
998004,https://miu-documentos.s3.us-west-2.amazonaws.com/DATA-DOCS/miu-hml/documentos/142780/20130378/miuDocumento_998004_CRONOGRAMA-INFOTECNOLOGIASI.pdf,miu-documentos,DATA-DOCS/miu-hml/documentos/142780/20130378/miuDocumento_998004_CRONOGRAMA-INFOTECNOLOGIASI.pdf,Y,200,
998007,https://miu-documentos.s3.us-west-2.amazonaws.com/DATA-DOCS/miu-hml/documentos/143989/20060007/miuDocumento_998007_TheImpactofArtificialIntelligenceonLawFirmsBusinessModels-HarvardLawSchoolCenterontheLegalProfession.pdf,miu-documentos,DATA-DOCS/miu-hml/documentos/143989/20060007/miuDocumento_998007_TheImpactofArtificialIntelligenceonLawFirmsBusinessModels-HarvardLawSchoolCenterontheLegalProfession.pdf,Y,200,
998008,https://miu-documentos.s3.us-west-2.amazonaws.com/DATA-DOCS/miu-hml/documentos/143990/20060007/miuDocumento_998007_TheImpactofArtificialIntelligenceonLawFirmsBusinessModels-HarvardLawSchoolCenterontheLegalProfession.pdf,miu-documentos,DATA-DOCS/miu-hml/documentos/143990/20060007/miuDocumento_998007_TheImpactofArtificialIntelligenceonLawFirmsBusinessModels-HarvardLawSchoolCenterontheLegalProfession.pdf,Y,200,
998016,https://miu-documentos.s3.us-west-2.amazonaws.com/DATA-DOCS/miu-hml/documentos/143736/20090036/miuDocumento_998016_PDFPPICInstrucciones2026.pdf,miu-documentos,DATA-DOCS/miu-hml/documentos/143736/20090036/miuDocumento_998016_PDFPPICInstrucciones2026.pdf,Y,200,
998017,https://miu-documentos.s3.us-west-2.amazonaws.com/DATA-DOCS/miu-hml/documentos/143738/20090036/miuDocumento_998016_PDFPPICInstrucciones2026.pdf,miu-documentos,DATA-DOCS/miu-hml/documentos/143738/20090036/miuDocumento_998016_PDFPPICInstrucciones2026.pdf,Y,200,
998018,https://miu-documentos.s3.us-west-2.amazonaws.com/DATA-DOCS/miu-hml/documentos/143737/20090036/miuDocumento_998016_PDFPPICInstrucciones2026.pdf,miu-documentos,DATA-DOCS/miu-hml/documentos/143737/20090036/miuDocumento_998016_PDFPPICInstrucciones2026.pdf,Y,200,
998019,https://miu-documentos.s3.us-west-2.amazonaws.com/DATA-DOCS/miu-hml/documentos/144002/20010656/miuDocumento_960583_Metodologiadeanalisisp_e_2025_Derecho-2.ppt,miu-documentos,DATA-DOCS/miu-hml/documentos/144002/20010656/miuDocumento_960583_Metodologiadeanalisisp_e_2025_Derecho-2.ppt,Y,200,
998020,https://miu-documentos.s3.us-west-2.amazonaws.com/DATA-DOCS/miu-hml/documentos/144003/20010656/miuDocumento_960583_Metodologiadeanalisisp_e_2025_Derecho-2.ppt,miu-documentos,DATA-DOCS/miu-hml/documentos/144003/20010656/miuDocumento_960583_Metodologiadeanalisisp_e_2025_Derecho-2.ppt,Y,200,
998038,https://miu-documentos.s3.us-west-2.amazonaws.com/DATA-DOCS/miu-hml/documentos/143274/20140597/miuDocumento_998038_ReglasMathHelp.pdf,miu-documentos,DATA-DOCS/miu-hml/documentos/143274/20140597/miuDocumento_998038_ReglasMathHelp.pdf,Y,200,
998039,https://miu-documentos.s3.us-west-2.amazonaws.com/DATA-DOCS/miu-hml/documentos/143274/20140597/miuDocumento_998039_InstructivoMathHelp.pdf,miu-documentos,DATA-DOCS/miu-hml/documentos/143274/20140597/miuDocumento_998039_InstructivoMathHelp.pdf,Y,200,
998055,https://miu-documentos.s3.us-west-2.amazonaws.com/DATA-DOCS/miu-hml/documentos/144844/20110699/miuDocumento_998055_IMG_7082.jpeg,miu-documentos,DATA-DOCS/miu-hml/documentos/144844/20110699/miuDocumento_998055_IMG_7082.jpeg,Y,200,
998096,https://miu-documentos.s3.us-west-2.amazonaws.com/DATA-DOCS/miu-hml/documentos/143282/26890005/miuDocumento_998096_Accounting_Made_Simple.pdf,miu-documentos,DATA-DOCS/miu-hml/documentos/143282/26890005/miuDocumento_998096_Accounting_Made_Simple.pdf,Y,200,
998117,https://miu-documentos.s3.us-west-2.amazonaws.com/DATA-DOCS/miu-hml/documentos/143463/20140046/miuDocumento_998117_Screenshot2026-01-06at11.42.27AM.png,miu-documentos,DATA-DOCS/miu-hml/documentos/143463/20140046/miuDocumento_998117_Screenshot2026-01-06at11.42.27AM.png,Y,200,
998128,https://miu-documentos.s3.us-west-2.amazonaws.com/DATA-DOCS/miu-hml/documentos/144064/20010492/miuDocumento_998128_CapIIcosmosytaxis.pdf,miu-documentos,DATA-DOCS/miu-hml/documentos/144064/20010492/miuDocumento_998128_CapIIcosmosytaxis.pdf,Y,200,
998130,https://miu-documentos.s3.us-west-2.amazonaws.com/DATA-DOCS/miu-hml/documentos/142775/20110370/miuDocumento_891223_AtlasofHumanAnatomy(NETTERPDFDrive)_961890.pdf,miu-documentos,DATA-DOCS/miu-hml/documentos/142775/20110370/miuDocumento_891223_AtlasofHumanAnatomy(NETTERPDFDrive)_961890.pdf,Y,200,
998131,https://miu-documentos.s3.us-west-2.amazonaws.com/DATA-DOCS/miu-hml/documentos/142775/20110370/miuDocumento_891225_TomoIquiroz_961891.pdf,miu-documentos,DATA-DOCS/miu-hml/documentos/142775/20110370/miuDocumento_891225_TomoIquiroz_961891.pdf,Y,200,
998132,https://miu-documentos.s3.us-west-2.amazonaws.com/DATA-DOCS/miu-hml/documentos/142775/20110370/miuDocumento_891227_TomoIIquiroz_961892.pdf,miu-documentos,DATA-DOCS/miu-hml/documentos/142775/20110370/miuDocumento_891227_TomoIIquiroz_961892.pdf,Y,200,
998133,https://miu-documentos.s3.us-west-2.amazonaws.com/DATA-DOCS/miu-hml/documentos/142775/20110370/miuDocumento_891228_TomoIIIquiroz_961893.pdf,miu-documentos,DATA-DOCS/miu-hml/documentos/142775/20110370/miuDocumento_891228_TomoIIIquiroz_961893.pdf,Y,200,
998134,https://miu-documentos.s3.us-west-2.amazonaws.com/DATA-DOCS/miu-hml/documentos/142775/20110370/miuDocumento_891229_ANATOMIAPARAESTUDIANTESGRAY_961894.pdf,miu-documentos,DATA-DOCS/miu-hml/documentos/142775/20110370/miuDocumento_891229_ANATOMIAPARAESTUDIANTESGRAY_961894.pdf,Y,200,
998135,https://miu-documentos.s3.us-west-2.amazonaws.com/DATA-DOCS/miu-hml/documentos/142775/20110370/miuDocumento_926890_NormasdelLaboratorio.pdf,miu-documentos,DATA-DOCS/miu-hml/documentos/142775/20110370/miuDocumento_926890_NormasdelLaboratorio.pdf,Y,200,
998136,https://miu-documentos.s3.us-west-2.amazonaws.com/DATA-DOCS/miu-hml/documentos/142775/20110370/miuDocumento_891223_AtlasofHumanAnatomy(NETTERPDFDrive)_924080.pdf,miu-documentos,DATA-DOCS/miu-hml/documentos/142775/20110370/miuDocumento_891223_AtlasofHumanAnatomy(NETTERPDFDrive)_924080.pdf,Y,200,
997514,https://miu-documentos.s3.us-west-2.amazonaws.com/DATA-DOCS/miu-hml/documentos/143765/11930802/miuDocumento_997513_Rubricaactividades.pdf,miu-documentos,DATA-DOCS/miu-hml/documentos/143765/11930802/miuDocumento_997513_Rubricaactividades.pdf,Y,200,
997515,https://miu-documentos.s3.us-west-2.amazonaws.com/DATA-DOCS/miu-hml/documentos/143764/11930802/miuDocumento_997513_Rubricaactividades.pdf,miu-documentos,DATA-DOCS/miu-hml/documentos/143764/11930802/miuDocumento_997513_Rubricaactividades.pdf,Y,200,
997647,https://miu-documentos.s3.us-west-2.amazonaws.com/DATA-DOCS/miu-hml/documentos/143711/20220110/miuDocumento_997647_ElinorOstromandtheBloomingtonSchool.pdf,miu-documentos,DATA-DOCS/miu-hml/documentos/143711/20220110/miuDocumento_997647_ElinorOstromandtheBloomingtonSchool.pdf,Y,200,
997650,https://miu-documentos.s3.us-west-2.amazonaws.com/DATA-DOCS/miu-hml/documentos/143711/20220110/miuDocumento_997650_TheLogicofCollectiveAction.pdf,miu-documentos,DATA-DOCS/miu-hml/documentos/143711/20220110/miuDocumento_997650_TheLogicofCollectiveAction.pdf,Y,200,
997686,https://miu-documentos.s3.us-west-2.amazonaws.com/DATA-DOCS/miu-hml/documentos/144155/20181150/miuDocumento_997686_algebra_trigonometria_y_geometria_zill.pdf,miu-documentos,DATA-DOCS/miu-hml/documentos/144155/20181150/miuDocumento_997686_algebra_trigonometria_y_geometria_zill.pdf,Y,200,
997750,https://miu-documentos.s3.us-west-2.amazonaws.com/DATA-DOCS/miu-hml/documentos/143980/20020131/miuDocumento_997750_1.Contrato-persona-acto.pptx,miu-documentos,DATA-DOCS/miu-hml/documentos/143980/20020131/miuDocumento_997750_1.Contrato-persona-acto.pptx,Y,200,
997786,https://miu-documentos.s3.us-west-2.amazonaws.com/DATA-DOCS/miu-hml/documentos/144092/12870542/miuDocumento_997786_250105-la-etica-otjetivista-Rand.pdf,miu-documentos,DATA-DOCS/miu-hml/documentos/144092/12870542/miuDocumento_997786_250105-la-etica-otjetivista-Rand.pdf,Y,200,
997790,https://miu-documentos.s3.us-west-2.amazonaws.com/DATA-DOCS/miu-hml/documentos/144092/12870542/miuDocumento_997790_260105-dinero-vicio-virtud-Rand.pdf,miu-documentos,DATA-DOCS/miu-hml/documentos/144092/12870542/miuDocumento_997790_260105-dinero-vicio-virtud-Rand.pdf,Y,200,
997791,https://miu-documentos.s3.us-west-2.amazonaws.com/DATA-DOCS/miu-hml/documentos/144092/12870542/miuDocumento_997791_260105-egoismo-prudencia-lo-que-demanda-el-interes-propo-Orbaugh.pdf,miu-documentos,DATA-DOCS/miu-hml/documentos/144092/12870542/miuDocumento_997791_260105-egoismo-prudencia-lo-que-demanda-el-interes-propo-Orbaugh.pdf,Y,200,
997792,https://miu-documentos.s3.us-west-2.amazonaws.com/DATA-DOCS/miu-hml/documentos/144092/12870542/miuDocumento_997792_260105-la-psicologia-del-placer-Branden.pdf,miu-documentos,DATA-DOCS/miu-hml/documentos/144092/12870542/miuDocumento_997792_260105-la-psicologia-del-placer-Branden.pdf,Y,200,
997814,https://miu-documentos.s3.us-west-2.amazonaws.com/DATA-DOCS/miu-hml/documentos/143318/20220206/miuDocumento_997814_Heyne-EconomicWayOfThinking-Chapter1.pdf,miu-documentos,DATA-DOCS/miu-hml/documentos/143318/20220206/miuDocumento_997814_Heyne-EconomicWayOfThinking-Chapter1.pdf,Y,200,
997839,https://miu-documentos.s3.us-west-2.amazonaws.com/DATA-DOCS/miu-hml/documentos/143417/22950328/miuDocumento_997839_LECTURA1-IntroductiontoStrategyHarvard.pdf,miu-documentos,DATA-DOCS/miu-hml/documentos/143417/22950328/miuDocumento_997839_LECTURA1-IntroductiontoStrategyHarvard.pdf,Y,200,
997838,https://miu-documentos.s3.us-west-2.amazonaws.com/DATA-DOCS/miu-hml/documentos/144262/22950328/miuDocumento_997838_LECTURA4-LibroALIGNINGSTRATEGYANDSALESCapitulo6.pdf,miu-documentos,DATA-DOCS/miu-hml/documentos/144262/22950328/miuDocumento_997838_LECTURA4-LibroALIGNINGSTRATEGYANDSALESCapitulo6.pdf,Y,200,
997853,https://miu-documentos.s3.us-west-2.amazonaws.com/DATA-DOCS/miu-hml/documentos/144262/22950328/miuDocumento_997853_LECTURA10-AnIntroductoryNoteOnTheCaseMethod.pdf,miu-documentos,DATA-DOCS/miu-hml/documentos/144262/22950328/miuDocumento_997853_LECTURA10-AnIntroductoryNoteOnTheCaseMethod.pdf,Y,200,
997866,https://miu-documentos.s3.us-west-2.amazonaws.com/DATA-DOCS/miu-hml/documentos/143709/20150601/miuDocumento_997866_2026ProgramaOperacionesLogisticas.pdf,miu-documentos,DATA-DOCS/miu-hml/documentos/143709/20150601/miuDocumento_997866_2026ProgramaOperacionesLogisticas.pdf,Y,200,
997904,https://miu-documentos.s3.us-west-2.amazonaws.com/DATA-DOCS/miu-hml/documentos/143874/20170280/miuDocumento_997904_Tarea1-Lgica.pdf,miu-documentos,DATA-DOCS/miu-hml/documentos/143874/20170280/miuDocumento_997904_Tarea1-Lgica.pdf,Y,200,
997905,https://miu-documentos.s3.us-west-2.amazonaws.com/DATA-DOCS/miu-hml/documentos/143875/20170280/miuDocumento_997904_Tarea1-Lgica.pdf,miu-documentos,DATA-DOCS/miu-hml/documentos/143875/20170280/miuDocumento_997904_Tarea1-Lgica.pdf,Y,200,
997906,https://miu-documentos.s3.us-west-2.amazonaws.com/DATA-DOCS/miu-hml/documentos/143873/20170280/miuDocumento_997904_Tarea1-Lgica.pdf,miu-documentos,DATA-DOCS/miu-hml/documentos/143873/20170280/miuDocumento_997904_Tarea1-Lgica.pdf,Y,200,
997912,https://miu-documentos.s3.us-west-2.amazonaws.com/DATA-DOCS/miu-hml/documentos/143873/20170280/miuDocumento_997912_Tarea3-Unidadesdemedicayoperacionesbsicas.pdf,miu-documentos,DATA-DOCS/miu-hml/documentos/143873/20170280/miuDocumento_997912_Tarea3-Unidadesdemedicayoperacionesbsicas.pdf,Y,200,
997913,https://miu-documentos.s3.us-west-2.amazonaws.com/DATA-DOCS/miu-hml/documentos/143874/20170280/miuDocumento_997912_Tarea3-Unidadesdemedicayoperacionesbsicas.pdf,miu-documentos,DATA-DOCS/miu-hml/documentos/143874/20170280/miuDocumento_997912_Tarea3-Unidadesdemedicayoperacionesbsicas.pdf,Y,200,
997914,https://miu-documentos.s3.us-west-2.amazonaws.com/DATA-DOCS/miu-hml/documentos/143875/20170280/miuDocumento_997912_Tarea3-Unidadesdemedicayoperacionesbsicas.pdf,miu-documentos,DATA-DOCS/miu-hml/documentos/143875/20170280/miuDocumento_997912_Tarea3-Unidadesdemedicayoperacionesbsicas.pdf,Y,200,
997921,https://miu-documentos.s3.us-west-2.amazonaws.com/DATA-DOCS/miu-hml/documentos/143873/20170280/miuDocumento_997921_Tarea8-Sistemadeecuaciones.pdf,miu-documentos,DATA-DOCS/miu-hml/documentos/143873/20170280/miuDocumento_997921_Tarea8-Sistemadeecuaciones.pdf,Y,200,
997922,https://miu-documentos.s3.us-west-2.amazonaws.com/DATA-DOCS/miu-hml/documentos/143874/20170280/miuDocumento_997921_Tarea8-Sistemadeecuaciones.pdf,miu-documentos,DATA-DOCS/miu-hml/documentos/143874/20170280/miuDocumento_997921_Tarea8-Sistemadeecuaciones.pdf,Y,200,
997923,https://miu-documentos.s3.us-west-2.amazonaws.com/DATA-DOCS/miu-hml/documentos/143875/20170280/miuDocumento_997921_Tarea8-Sistemadeecuaciones.pdf,miu-documentos,DATA-DOCS/miu-hml/documentos/143875/20170280/miuDocumento_997921_Tarea8-Sistemadeecuaciones.pdf,Y,200,
997963,https://miu-documentos.s3.us-west-2.amazonaws.com/DATA-DOCS/miu-hml/documentos/143736/20090036/miuDocumento_997963_TrabajoBiografico2026.docx,miu-documentos,DATA-DOCS/miu-hml/documentos/143736/20090036/miuDocumento_997963_TrabajoBiografico2026.docx,Y,200,
997964,https://miu-documentos.s3.us-west-2.amazonaws.com/DATA-DOCS/miu-hml/documentos/143738/20090036/miuDocumento_997963_TrabajoBiografico2026.docx,miu-documentos,DATA-DOCS/miu-hml/documentos/143738/20090036/miuDocumento_997963_TrabajoBiografico2026.docx,Y,200,
997078,https://miu-documentos.s3.us-west-2.amazonaws.com/DATA-DOCS/miu-hml/documentos/143720/23820040/miuDocumento_997078_Microtu_bulos.9aed.2018.JeffHardinGregoryBertoni-Becker_sWorldoftheCell-Pearson2018.pdf,miu-documentos,DATA-DOCS/miu-hml/documentos/143720/23820040/miuDocumento_997078_Microtu_bulos.9aed.2018.JeffHardinGregoryBertoni-Becker_sWorldoftheCell-Pearson2018.pdf,Y,200,
997079,https://miu-documentos.s3.us-west-2.amazonaws.com/DATA-DOCS/miu-hml/documentos/143722/23820040/miuDocumento_997078_Microtu_bulos.9aed.2018.JeffHardinGregoryBertoni-Becker_sWorldoftheCell-Pearson2018.pdf,miu-documentos,DATA-DOCS/miu-hml/documentos/143722/23820040/miuDocumento_997078_Microtu_bulos.9aed.2018.JeffHardinGregoryBertoni-Becker_sWorldoftheCell-Pearson2018.pdf,Y,200,
997080,https://miu-documentos.s3.us-west-2.amazonaws.com/DATA-DOCS/miu-hml/documentos/143721/23820040/miuDocumento_997078_Microtu_bulos.9aed.2018.JeffHardinGregoryBertoni-Becker_sWorldoftheCell-Pearson2018.pdf,miu-documentos,DATA-DOCS/miu-hml/documentos/143721/23820040/miuDocumento_997078_Microtu_bulos.9aed.2018.JeffHardinGregoryBertoni-Becker_sWorldoftheCell-Pearson2018.pdf,Y,200,
997084,https://miu-documentos.s3.us-west-2.amazonaws.com/DATA-DOCS/miu-hml/documentos/143720/23820040/miuDocumento_997084_Filamentosintermedios.9ed.JeffHardinGregoryBertoni-Becker_sWorldoftheCell-Pearson2018.pdf,miu-documentos,DATA-DOCS/miu-hml/documentos/143720/23820040/miuDocumento_997084_Filamentosintermedios.9ed.JeffHardinGregoryBertoni-Becker_sWorldoftheCell-Pearson2018.pdf,Y,200,
997085,https://miu-documentos.s3.us-west-2.amazonaws.com/DATA-DOCS/miu-hml/documentos/143722/23820040/miuDocumento_997084_Filamentosintermedios.9ed.JeffHardinGregoryBertoni-Becker_sWorldoftheCell-Pearson2018.pdf,miu-documentos,DATA-DOCS/miu-hml/documentos/143722/23820040/miuDocumento_997084_Filamentosintermedios.9ed.JeffHardinGregoryBertoni-Becker_sWorldoftheCell-Pearson2018.pdf,Y,200,
997086,https://miu-documentos.s3.us-west-2.amazonaws.com/DATA-DOCS/miu-hml/documentos/143721/23820040/miuDocumento_997084_Filamentosintermedios.9ed.JeffHardinGregoryBertoni-Becker_sWorldoftheCell-Pearson2018.pdf,miu-documentos,DATA-DOCS/miu-hml/documentos/143721/23820040/miuDocumento_997084_Filamentosintermedios.9ed.JeffHardinGregoryBertoni-Becker_sWorldoftheCell-Pearson2018.pdf,Y,200,
997087,https://miu-documentos.s3.us-west-2.amazonaws.com/DATA-DOCS/miu-hml/documentos/143720/23820040/miuDocumento_997087_movimientobasadoenMTs-9aed2018.Becker_sWorldoftheCell-Pearson.pdf,miu-documentos,DATA-DOCS/miu-hml/documentos/143720/23820040/miuDocumento_997087_movimientobasadoenMTs-9aed2018.Becker_sWorldoftheCell-Pearson.pdf,Y,200,
997088,https://miu-documentos.s3.us-west-2.amazonaws.com/DATA-DOCS/miu-hml/documentos/143722/23820040/miuDocumento_997087_movimientobasadoenMTs-9aed2018.Becker_sWorldoftheCell-Pearson.pdf,miu-documentos,DATA-DOCS/miu-hml/documentos/143722/23820040/miuDocumento_997087_movimientobasadoenMTs-9aed2018.Becker_sWorldoftheCell-Pearson.pdf,Y,200,
997089,https://miu-documentos.s3.us-west-2.amazonaws.com/DATA-DOCS/miu-hml/documentos/143721/23820040/miuDocumento_997087_movimientobasadoenMTs-9aed2018.Becker_sWorldoftheCell-Pearson.pdf,miu-documentos,DATA-DOCS/miu-hml/documentos/143721/23820040/miuDocumento_997087_movimientobasadoenMTs-9aed2018.Becker_sWorldoftheCell-Pearson.pdf,Y,200,
997090,https://miu-documentos.s3.us-west-2.amazonaws.com/DATA-DOCS/miu-hml/documentos/143720/23820040/miuDocumento_997090_mov.ameboidemfJeffHardinGregoryBertoni-Becker_sWorldoftheCell-Pearson2018.pdf,miu-documentos,DATA-DOCS/miu-hml/documentos/143720/23820040/miuDocumento_997090_mov.ameboidemfJeffHardinGregoryBertoni-Becker_sWorldoftheCell-Pearson2018.pdf,Y,200,
997091,https://miu-documentos.s3.us-west-2.amazonaws.com/DATA-DOCS/miu-hml/documentos/143722/23820040/miuDocumento_997090_mov.ameboidemfJeffHardinGregoryBertoni-Becker_sWorldoftheCell-Pearson2018.pdf,miu-documentos,DATA-DOCS/miu-hml/documentos/143722/23820040/miuDocumento_997090_mov.ameboidemfJeffHardinGregoryBertoni-Becker_sWorldoftheCell-Pearson2018.pdf,Y,200,
997092,https://miu-documentos.s3.us-west-2.amazonaws.com/DATA-DOCS/miu-hml/documentos/143721/23820040/miuDocumento_997090_mov.ameboidemfJeffHardinGregoryBertoni-Becker_sWorldoftheCell-Pearson2018.pdf,miu-documentos,DATA-DOCS/miu-hml/documentos/143721/23820040/miuDocumento_997090_mov.ameboidemfJeffHardinGregoryBertoni-Becker_sWorldoftheCell-Pearson2018.pdf,Y,200,
997108,https://miu-documentos.s3.us-west-2.amazonaws.com/DATA-DOCS/miu-hml/documentos/143720/23820040/miuDocumento_997108_TV-Alberts2020.pdf,miu-documentos,DATA-DOCS/miu-hml/documentos/143720/23820040/miuDocumento_997108_TV-Alberts2020.pdf,Y,200,
997109,https://miu-documentos.s3.us-west-2.amazonaws.com/DATA-DOCS/miu-hml/documentos/143722/23820040/miuDocumento_997108_TV-Alberts2020.pdf,miu-documentos,DATA-DOCS/miu-hml/documentos/143722/23820040/miuDocumento_997108_TV-Alberts2020.pdf,Y,200,
997110,https://miu-documentos.s3.us-west-2.amazonaws.com/DATA-DOCS/miu-hml/documentos/143721/23820040/miuDocumento_997108_TV-Alberts2020.pdf,miu-documentos,DATA-DOCS/miu-hml/documentos/143721/23820040/miuDocumento_997108_TV-Alberts2020.pdf,Y,200,
997135,https://miu-documentos.s3.us-west-2.amazonaws.com/DATA-DOCS/miu-hml/documentos/143720/23820040/miuDocumento_997135_4.ControldelCicloCelularALberts20211.pdf,miu-documentos,DATA-DOCS/miu-hml/documentos/143720/23820040/miuDocumento_997135_4.ControldelCicloCelularALberts20211.pdf,Y,200,
997136,https://miu-documentos.s3.us-west-2.amazonaws.com/DATA-DOCS/miu-hml/documentos/143722/23820040/miuDocumento_997135_4.ControldelCicloCelularALberts20211.pdf,miu-documentos,DATA-DOCS/miu-hml/documentos/143722/23820040/miuDocumento_997135_4.ControldelCicloCelularALberts20211.pdf,Y,200,
997137,https://miu-documentos.s3.us-west-2.amazonaws.com/DATA-DOCS/miu-hml/documentos/143721/23820040/miuDocumento_997135_4.ControldelCicloCelularALberts20211.pdf,miu-documentos,DATA-DOCS/miu-hml/documentos/143721/23820040/miuDocumento_997135_4.ControldelCicloCelularALberts20211.pdf,Y,200,
997141,https://miu-documentos.s3.us-west-2.amazonaws.com/DATA-DOCS/miu-hml/documentos/143720/23820040/miuDocumento_997141_6.RbATM_ATRAlberts.pdf,miu-documentos,DATA-DOCS/miu-hml/documentos/143720/23820040/miuDocumento_997141_6.RbATM_ATRAlberts.pdf,Y,200,
997142,https://miu-documentos.s3.us-west-2.amazonaws.com/DATA-DOCS/miu-hml/documentos/143722/23820040/miuDocumento_997141_6.RbATM_ATRAlberts.pdf,miu-documentos,DATA-DOCS/miu-hml/documentos/143722/23820040/miuDocumento_997141_6.RbATM_ATRAlberts.pdf,Y,200,
997143,https://miu-documentos.s3.us-west-2.amazonaws.com/DATA-DOCS/miu-hml/documentos/143721/23820040/miuDocumento_997141_6.RbATM_ATRAlberts.pdf,miu-documentos,DATA-DOCS/miu-hml/documentos/143721/23820040/miuDocumento_997141_6.RbATM_ATRAlberts.pdf,Y,200,
997148,https://miu-documentos.s3.us-west-2.amazonaws.com/DATA-DOCS/miu-hml/documentos/143342/16860249/miuDocumento_997148_FEDERACINCENTROAMERICANA.pptx,miu-documentos,DATA-DOCS/miu-hml/documentos/143342/16860249/miuDocumento_997148_FEDERACINCENTROAMERICANA.pptx,Y,200,
998143,https://miu-documentos.s3.us-west-2.amazonaws.com/DATA-DOCS/miu-hml/documentos/144125/12870542/miuDocumento_998143_250103-filosofia-quien-la-necesita-Rand.pdf,miu-documentos,DATA-DOCS/miu-hml/documentos/144125/12870542/miuDocumento_998143_250103-filosofia-quien-la-necesita-Rand.pdf,Y,200,
998144,https://miu-documentos.s3.us-west-2.amazonaws.com/DATA-DOCS/miu-hml/documentos/144121/12870542/miuDocumento_998143_250103-filosofia-quien-la-necesita-Rand.pdf,miu-documentos,DATA-DOCS/miu-hml/documentos/144121/12870542/miuDocumento_998143_250103-filosofia-quien-la-necesita-Rand.pdf,Y,200,
998145,https://miu-documentos.s3.us-west-2.amazonaws.com/DATA-DOCS/miu-hml/documentos/144122/12870542/miuDocumento_998143_250103-filosofia-quien-la-necesita-Rand.pdf,miu-documentos,DATA-DOCS/miu-hml/documentos/144122/12870542/miuDocumento_998143_250103-filosofia-quien-la-necesita-Rand.pdf,Y,200,
998149,https://miu-documentos.s3.us-west-2.amazonaws.com/DATA-DOCS/miu-hml/documentos/144125/12870542/miuDocumento_998149_250103-objective-moral-virtues.pdf,miu-documentos,DATA-DOCS/miu-hml/documentos/144125/12870542/miuDocumento_998149_250103-objective-moral-virtues.pdf,Y,200,
998150,https://miu-documentos.s3.us-west-2.amazonaws.com/DATA-DOCS/miu-hml/documentos/144121/12870542/miuDocumento_998149_250103-objective-moral-virtues.pdf,miu-documentos,DATA-DOCS/miu-hml/documentos/144121/12870542/miuDocumento_998149_250103-objective-moral-virtues.pdf,Y,200,
998151,https://miu-documentos.s3.us-west-2.amazonaws.com/DATA-DOCS/miu-hml/documentos/144122/12870542/miuDocumento_998149_250103-objective-moral-virtues.pdf,miu-documentos,DATA-DOCS/miu-hml/documentos/144122/12870542/miuDocumento_998149_250103-objective-moral-virtues.pdf,Y,200,
998152,https://miu-documentos.s3.us-west-2.amazonaws.com/DATA-DOCS/miu-hml/documentos/144125/12870542/miuDocumento_998152_250715-alegoria-de-la-caverna-platon.pdf,miu-documentos,DATA-DOCS/miu-hml/documentos/144125/12870542/miuDocumento_998152_250715-alegoria-de-la-caverna-platon.pdf,Y,200,
998153,https://miu-documentos.s3.us-west-2.amazonaws.com/DATA-DOCS/miu-hml/documentos/144121/12870542/miuDocumento_998152_250715-alegoria-de-la-caverna-platon.pdf,miu-documentos,DATA-DOCS/miu-hml/documentos/144121/12870542/miuDocumento_998152_250715-alegoria-de-la-caverna-platon.pdf,Y,200,
998154,https://miu-documentos.s3.us-west-2.amazonaws.com/DATA-DOCS/miu-hml/documentos/144122/12870542/miuDocumento_998152_250715-alegoria-de-la-caverna-platon.pdf,miu-documentos,DATA-DOCS/miu-hml/documentos/144122/12870542/miuDocumento_998152_250715-alegoria-de-la-caverna-platon.pdf,Y,200,
998172,https://miu-documentos.s3.us-west-2.amazonaws.com/DATA-DOCS/miu-hml/documentos/144153/20150835/miuDocumento_998172_Respuestas_Examen_Diagnostico.pdf,miu-documentos,DATA-DOCS/miu-hml/documentos/144153/20150835/miuDocumento_998172_Respuestas_Examen_Diagnostico.pdf,Y,200,
998202,https://miu-documentos.s3.us-west-2.amazonaws.com/DATA-DOCS/miu-hml/documentos/144003/20060194/miuDocumento_998202_LagloriaylaruinadelosMayas.pdf,miu-documentos,DATA-DOCS/miu-hml/documentos/144003/20060194/miuDocumento_998202_LagloriaylaruinadelosMayas.pdf,Y,200,
998203,https://miu-documentos.s3.us-west-2.amazonaws.com/DATA-DOCS/miu-hml/documentos/144002/20060194/miuDocumento_998202_LagloriaylaruinadelosMayas.pdf,miu-documentos,DATA-DOCS/miu-hml/documentos/144002/20060194/miuDocumento_998202_LagloriaylaruinadelosMayas.pdf,Y,200,
998205,https://miu-documentos.s3.us-west-2.amazonaws.com/DATA-DOCS/miu-hml/documentos/144100/20070439/miuDocumento_998205_Cronograma.PEI.S062026sp.docx,miu-documentos,DATA-DOCS/miu-hml/documentos/144100/20070439/miuDocumento_998205_Cronograma.PEI.S062026sp.docx,Y,200,
998239,https://miu-documentos.s3.us-west-2.amazonaws.com/DATA-DOCS/miu-hml/documentos/142800/20150137/miuDocumento_998239_OficialCalendario.xlsx-Hoja1.pdf,miu-documentos,DATA-DOCS/miu-hml/documentos/142800/20150137/miuDocumento_998239_OficialCalendario.xlsx-Hoja1.pdf,Y,200,
998241,https://miu-documentos.s3.us-west-2.amazonaws.com/DATA-DOCS/miu-hml/documentos/144004/20070993/miuDocumento_998241_TEMA2ARISTTELESBLOQUEGRECIA.pdf,miu-documentos,DATA-DOCS/miu-hml/documentos/144004/20070993/miuDocumento_998241_TEMA2ARISTTELESBLOQUEGRECIA.pdf,Y,200,
998248,https://miu-documentos.s3.us-west-2.amazonaws.com/DATA-DOCS/miu-hml/documentos/144504/20240519/miuDocumento_998248_2026ProgramaModeladoDigitalMovalle.pdf,miu-documentos,DATA-DOCS/miu-hml/documentos/144504/20240519/miuDocumento_998248_2026ProgramaModeladoDigitalMovalle.pdf,Y,200,
998249,https://miu-documentos.s3.us-west-2.amazonaws.com/DATA-DOCS/miu-hml/documentos/144506/20240519/miuDocumento_998248_2026ProgramaModeladoDigitalMovalle.pdf,miu-documentos,DATA-DOCS/miu-hml/documentos/144506/20240519/miuDocumento_998248_2026ProgramaModeladoDigitalMovalle.pdf,Y,200,
998251,https://miu-documentos.s3.us-west-2.amazonaws.com/DATA-DOCS/miu-hml/documentos/143379/30910351/miuDocumento_998251_LaconstrucciondeModelosMicroeconomia2026.pptx,miu-documentos,DATA-DOCS/miu-hml/documentos/143379/30910351/miuDocumento_998251_LaconstrucciondeModelosMicroeconomia2026.pptx,Y,200,
997965,https://miu-documentos.s3.us-west-2.amazonaws.com/DATA-DOCS/miu-hml/documentos/143737/20090036/miuDocumento_997963_TrabajoBiografico2026.docx,miu-documentos,DATA-DOCS/miu-hml/documentos/143737/20090036/miuDocumento_997963_TrabajoBiografico2026.docx,Y,200,
998043,https://miu-documentos.s3.us-west-2.amazonaws.com/DATA-DOCS/miu-hml/documentos/143787/20140597/miuDocumento_998043_ReglasMathHelp.pdf,miu-documentos,DATA-DOCS/miu-hml/documentos/143787/20140597/miuDocumento_998043_ReglasMathHelp.pdf,Y,200,
998056,https://miu-documentos.s3.us-west-2.amazonaws.com/DATA-DOCS/miu-hml/documentos/144704/20180264/miuDocumento_998056_EPRIPrograma-CursodeHerramientasdeAnlisisEstratgico.pdf,miu-documentos,DATA-DOCS/miu-hml/documentos/144704/20180264/miuDocumento_998056_EPRIPrograma-CursodeHerramientasdeAnlisisEstratgico.pdf,Y,200,
998089,https://miu-documentos.s3.us-west-2.amazonaws.com/DATA-DOCS/miu-hml/documentos/143525/20090027/miuDocumento_998089_CronogramadeactividadesEntrepreneurialMindset2026-01.pdf,miu-documentos,DATA-DOCS/miu-hml/documentos/143525/20090027/miuDocumento_998089_CronogramadeactividadesEntrepreneurialMindset2026-01.pdf,Y,200,
998095,https://miu-documentos.s3.us-west-2.amazonaws.com/DATA-DOCS/miu-hml/documentos/142828/20080073/miuDocumento_998095_PATOLOGIAORALI2026GUIADETRABAJO.pdf,miu-documentos,DATA-DOCS/miu-hml/documentos/142828/20080073/miuDocumento_998095_PATOLOGIAORALI2026GUIADETRABAJO.pdf,Y,200,
998113,https://miu-documentos.s3.us-west-2.amazonaws.com/DATA-DOCS/miu-hml/documentos/143297/20140910/miuDocumento_998113_CronogramaConsumer.xlsx,miu-documentos,DATA-DOCS/miu-hml/documentos/143297/20140910/miuDocumento_998113_CronogramaConsumer.xlsx,Y,200,
997212,https://miu-documentos.s3.us-west-2.amazonaws.com/DATA-DOCS/miu-hml/documentos/144215/20110535/miuDocumento_997212_Lectura-Notificaciones21.pdf,miu-documentos,DATA-DOCS/miu-hml/documentos/144215/20110535/miuDocumento_997212_Lectura-Notificaciones21.pdf,Y,200,
997213,https://miu-documentos.s3.us-west-2.amazonaws.com/DATA-DOCS/miu-hml/documentos/144518/20180989/miuDocumento_997213_11.JosMolinaCaldern.EmpresasfamiliaresdeGuatemala.50casosen200aos.SiglosXIXyXX.pdf,miu-documentos,DATA-DOCS/miu-hml/documentos/144518/20180989/miuDocumento_997213_11.JosMolinaCaldern.EmpresasfamiliaresdeGuatemala.50casosen200aos.SiglosXIXyXX.pdf,Y,200,
997214,https://miu-documentos.s3.us-west-2.amazonaws.com/DATA-DOCS/miu-hml/documentos/144519/20180989/miuDocumento_997213_11.JosMolinaCaldern.EmpresasfamiliaresdeGuatemala.50casosen200aos.SiglosXIXyXX.pdf,miu-documentos,DATA-DOCS/miu-hml/documentos/144519/20180989/miuDocumento_997213_11.JosMolinaCaldern.EmpresasfamiliaresdeGuatemala.50casosen200aos.SiglosXIXyXX.pdf,Y,200,
997228,https://miu-documentos.s3.us-west-2.amazonaws.com/DATA-DOCS/miu-hml/documentos/144249/99000144/miuDocumento_997228_E483966339CONTRATODGA-90E48396633987-2021.pdf,miu-documentos,DATA-DOCS/miu-hml/documentos/144249/99000144/miuDocumento_997228_E483966339CONTRATODGA-90E48396633987-2021.pdf,Y,200,
997235,https://miu-documentos.s3.us-west-2.amazonaws.com/DATA-DOCS/miu-hml/documentos/143428/20041076/miuDocumento_997235_CalendarioSeminarioAdministracin3A2026.xlsx,miu-documentos,DATA-DOCS/miu-hml/documentos/143428/20041076/miuDocumento_997235_CalendarioSeminarioAdministracin3A2026.xlsx,Y,200,
997258,https://miu-documentos.s3.us-west-2.amazonaws.com/DATA-DOCS/miu-hml/documentos/144630/26910098/miuDocumento_997258_Mary_Buffett_David_Clark_Warren_Buffett_and_the.zip,miu-documentos,DATA-DOCS/miu-hml/documentos/144630/26910098/miuDocumento_997258_Mary_Buffett_David_Clark_Warren_Buffett_and_the.zip,Y,200,
997269,https://miu-documentos.s3.us-west-2.amazonaws.com/DATA-DOCS/miu-hml/documentos/144827/20230676/miuDocumento_997269_00Guiaparatenerexitoenelcurso-2.pdf,miu-documentos,DATA-DOCS/miu-hml/documentos/144827/20230676/miuDocumento_997269_00Guiaparatenerexitoenelcurso-2.pdf,Y,200,
997279,https://miu-documentos.s3.us-west-2.amazonaws.com/DATA-DOCS/miu-hml/documentos/143766/20151104/miuDocumento_997279_Ch11AlimentarySystemThe-Developing-Human-Clinically-Oriented-Embryology-10e.pdf,miu-documentos,DATA-DOCS/miu-hml/documentos/143766/20151104/miuDocumento_997279_Ch11AlimentarySystemThe-Developing-Human-Clinically-Oriented-Embryology-10e.pdf,Y,200,
997284,https://miu-documentos.s3.us-west-2.amazonaws.com/DATA-DOCS/miu-hml/documentos/144238/20190522/miuDocumento_997284_Lectura1.EdmundoVsquezMartnez.pdf,miu-documentos,DATA-DOCS/miu-hml/documentos/144238/20190522/miuDocumento_997284_Lectura1.EdmundoVsquezMartnez.pdf,Y,200,
997352,https://miu-documentos.s3.us-west-2.amazonaws.com/DATA-DOCS/miu-hml/documentos/142924/20010656/miuDocumento_997352_2025-National-Security-Strategy.pdf,miu-documentos,DATA-DOCS/miu-hml/documentos/142924/20010656/miuDocumento_997352_2025-National-Security-Strategy.pdf,Y,200,
997397,https://miu-documentos.s3.us-west-2.amazonaws.com/DATA-DOCS/miu-hml/documentos/143563/20131039/miuDocumento_997397_2.QumicadelaVida.pdf,miu-documentos,DATA-DOCS/miu-hml/documentos/143563/20131039/miuDocumento_997397_2.QumicadelaVida.pdf,Y,200,
997398,https://miu-documentos.s3.us-west-2.amazonaws.com/DATA-DOCS/miu-hml/documentos/143562/20131039/miuDocumento_997397_2.QumicadelaVida.pdf,miu-documentos,DATA-DOCS/miu-hml/documentos/143562/20131039/miuDocumento_997397_2.QumicadelaVida.pdf,Y,200,
997399,https://miu-documentos.s3.us-west-2.amazonaws.com/DATA-DOCS/miu-hml/documentos/143561/20131039/miuDocumento_997397_2.QumicadelaVida.pdf,miu-documentos,DATA-DOCS/miu-hml/documentos/143561/20131039/miuDocumento_997397_2.QumicadelaVida.pdf,Y,200,
997400,https://miu-documentos.s3.us-west-2.amazonaws.com/DATA-DOCS/miu-hml/documentos/143563/20131039/miuDocumento_997400_Prctica1-CristaleraMedicinyDesidad.pdf,miu-documentos,DATA-DOCS/miu-hml/documentos/143563/20131039/miuDocumento_997400_Prctica1-CristaleraMedicinyDesidad.pdf,Y,200,
997401,https://miu-documentos.s3.us-west-2.amazonaws.com/DATA-DOCS/miu-hml/documentos/143562/20131039/miuDocumento_997400_Prctica1-CristaleraMedicinyDesidad.pdf,miu-documentos,DATA-DOCS/miu-hml/documentos/143562/20131039/miuDocumento_997400_Prctica1-CristaleraMedicinyDesidad.pdf,Y,200,
997402,https://miu-documentos.s3.us-west-2.amazonaws.com/DATA-DOCS/miu-hml/documentos/143561/20131039/miuDocumento_997400_Prctica1-CristaleraMedicinyDesidad.pdf,miu-documentos,DATA-DOCS/miu-hml/documentos/143561/20131039/miuDocumento_997400_Prctica1-CristaleraMedicinyDesidad.pdf,Y,200,
997406,https://miu-documentos.s3.us-west-2.amazonaws.com/DATA-DOCS/miu-hml/documentos/143754/20130546/miuDocumento_997406_2026PROGRAMAMODMICRO-1SSYLLABUS.xlsx,miu-documentos,DATA-DOCS/miu-hml/documentos/143754/20130546/miuDocumento_997406_2026PROGRAMAMODMICRO-1SSYLLABUS.xlsx,Y,200,
997407,https://miu-documentos.s3.us-west-2.amazonaws.com/DATA-DOCS/miu-hml/documentos/143755/20130546/miuDocumento_997406_2026PROGRAMAMODMICRO-1SSYLLABUS.xlsx,miu-documentos,DATA-DOCS/miu-hml/documentos/143755/20130546/miuDocumento_997406_2026PROGRAMAMODMICRO-1SSYLLABUS.xlsx,Y,200,
997408,https://miu-documentos.s3.us-west-2.amazonaws.com/DATA-DOCS/miu-hml/documentos/143756/20130546/miuDocumento_997406_2026PROGRAMAMODMICRO-1SSYLLABUS.xlsx,miu-documentos,DATA-DOCS/miu-hml/documentos/143756/20130546/miuDocumento_997406_2026PROGRAMAMODMICRO-1SSYLLABUS.xlsx,Y,200,
997422,https://miu-documentos.s3.us-west-2.amazonaws.com/DATA-DOCS/miu-hml/documentos/144686/21810012/miuDocumento_997422_GeometriayDerecho.pdf,miu-documentos,DATA-DOCS/miu-hml/documentos/144686/21810012/miuDocumento_997422_GeometriayDerecho.pdf,Y,200,
997423,https://miu-documentos.s3.us-west-2.amazonaws.com/DATA-DOCS/miu-hml/documentos/144686/21810012/miuDocumento_997423_que-es-una-constitucion-principios-y-conceptos.pdf,miu-documentos,DATA-DOCS/miu-hml/documentos/144686/21810012/miuDocumento_997423_que-es-una-constitucion-principios-y-conceptos.pdf,Y,200,
997545,https://miu-documentos.s3.us-west-2.amazonaws.com/DATA-DOCS/miu-hml/documentos/144723/21810012/miuDocumento_997545_CLO1Lecturaprincipal4ArbitrajeDiccionariodeArbitraje.pdf,miu-documentos,DATA-DOCS/miu-hml/documentos/144723/21810012/miuDocumento_997545_CLO1Lecturaprincipal4ArbitrajeDiccionariodeArbitraje.pdf,Y,200,
995387,https://miu-documentos.s3.us-west-2.amazonaws.com/DATA-DOCS/miu-hml/documentos/143023/20241404/miuDocumento_995387_5.FormatoReporteEntregablesPE2026.pdf,miu-documentos,DATA-DOCS/miu-hml/documentos/143023/20241404/miuDocumento_995387_5.FormatoReporteEntregablesPE2026.pdf,Y,200,
995417,https://miu-documentos.s3.us-west-2.amazonaws.com/DATA-DOCS/miu-hml/documentos/118238/20150864/miuDocumento_813507_RUBRICADEREVISIONBIBLIOGRAFICAYPRESENTACIONORALMiU_855149_959084_995417.pdf,miu-documentos,DATA-DOCS/miu-hml/documentos/118238/20150864/miuDocumento_813507_RUBRICADEREVISIONBIBLIOGRAFICAYPRESENTACIONORALMiU_855149_959084_995417.pdf,Y,200,
995419,https://miu-documentos.s3.us-west-2.amazonaws.com/DATA-DOCS/miu-hml/documentos/118238/20150864/miuDocumento_813510_Urgenciasmedicasenodontologia_855151_959085_995419.pdf,miu-documentos,DATA-DOCS/miu-hml/documentos/118238/20150864/miuDocumento_813510_Urgenciasmedicasenodontologia_855151_959085_995419.pdf,Y,200,
995420,https://miu-documentos.s3.us-west-2.amazonaws.com/DATA-DOCS/miu-hml/documentos/118238/20150864/miuDocumento_813510_Urgenciasmedicasenodontologia_855151_959085_995420.pdf,miu-documentos,DATA-DOCS/miu-hml/documentos/118238/20150864/miuDocumento_813510_Urgenciasmedicasenodontologia_855151_959085_995420.pdf,Y,200,
995654,https://miu-documentos.s3.us-west-2.amazonaws.com/DATA-DOCS/miu-hml/documentos/139019/20040100/miuDocumento_958838_Indicaciones_del_estudio_genetico_995654.pdf,miu-documentos,DATA-DOCS/miu-hml/documentos/139019/20040100/miuDocumento_958838_Indicaciones_del_estudio_genetico_995654.pdf,Y,200,
995655,https://miu-documentos.s3.us-west-2.amazonaws.com/DATA-DOCS/miu-hml/documentos/139019/20040100/miuDocumento_958838_Indicaciones_del_estudio_genetico_995655.pdf,miu-documentos,DATA-DOCS/miu-hml/documentos/139019/20040100/miuDocumento_958838_Indicaciones_del_estudio_genetico_995655.pdf,Y,200,
995656,https://miu-documentos.s3.us-west-2.amazonaws.com/DATA-DOCS/miu-hml/documentos/139019/20040100/miuDocumento_958838_Indicaciones_del_estudio_genetico_995656.pdf,miu-documentos,DATA-DOCS/miu-hml/documentos/139019/20040100/miuDocumento_958838_Indicaciones_del_estudio_genetico_995656.pdf,Y,200,
995658,https://miu-documentos.s3.us-west-2.amazonaws.com/DATA-DOCS/miu-hml/documentos/139019/20040100/miuDocumento_958878_Geneticsintroductiontocounseling_995658.pdf,miu-documentos,DATA-DOCS/miu-hml/documentos/139019/20040100/miuDocumento_958878_Geneticsintroductiontocounseling_995658.pdf,Y,200,
995659,https://miu-documentos.s3.us-west-2.amazonaws.com/DATA-DOCS/miu-hml/documentos/139019/20040100/miuDocumento_958878_Geneticsintroductiontocounseling_995659.pdf,miu-documentos,DATA-DOCS/miu-hml/documentos/139019/20040100/miuDocumento_958878_Geneticsintroductiontocounseling_995659.pdf,Y,200,
995660,https://miu-documentos.s3.us-west-2.amazonaws.com/DATA-DOCS/miu-hml/documentos/139019/20040100/miuDocumento_958878_Geneticsintroductiontocounseling_995660.pdf,miu-documentos,DATA-DOCS/miu-hml/documentos/139019/20040100/miuDocumento_958878_Geneticsintroductiontocounseling_995660.pdf,Y,200,
995661,https://miu-documentos.s3.us-west-2.amazonaws.com/DATA-DOCS/miu-hml/documentos/139019/20040100/miuDocumento_958878_Geneticsintroductiontocounseling_995661.pdf,miu-documentos,DATA-DOCS/miu-hml/documentos/139019/20040100/miuDocumento_958878_Geneticsintroductiontocounseling_995661.pdf,Y,200,
995662,"https://miu-documentos.s3.us-west-2.amazonaws.com/DATA-DOCS/miu-hml/documentos/139019/20040100/miuDocumento_958870_GardnerandSutherlandChromosomalAbnormalities,Ch13Aneuploidies_995662.pdf",miu-documentos,"DATA-DOCS/miu-hml/documentos/139019/20040100/miuDocumento_958870_GardnerandSutherlandChromosomalAbnormalities,Ch13Aneuploidies_995662.pdf",Y,200,
995663,"https://miu-documentos.s3.us-west-2.amazonaws.com/DATA-DOCS/miu-hml/documentos/139019/20040100/miuDocumento_958870_GardnerandSutherlandChromosomalAbnormalities,Ch13Aneuploidies_995663.pdf",miu-documentos,"DATA-DOCS/miu-hml/documentos/139019/20040100/miuDocumento_958870_GardnerandSutherlandChromosomalAbnormalities,Ch13Aneuploidies_995663.pdf",Y,200,
995666,"https://miu-documentos.s3.us-west-2.amazonaws.com/DATA-DOCS/miu-hml/documentos/139019/20040100/miuDocumento_958862_ThompsonThompson,Ch7-PatternsofInheritance_995666.pdf",miu-documentos,"DATA-DOCS/miu-hml/documentos/139019/20040100/miuDocumento_958862_ThompsonThompson,Ch7-PatternsofInheritance_995666.pdf",Y,200,
995669,"https://miu-documentos.s3.us-west-2.amazonaws.com/DATA-DOCS/miu-hml/documentos/139019/20040100/miuDocumento_958862_ThompsonThompson,Ch7-PatternsofInheritance_995669.pdf",miu-documentos,"DATA-DOCS/miu-hml/documentos/139019/20040100/miuDocumento_958862_ThompsonThompson,Ch7-PatternsofInheritance_995669.pdf",Y,200,
995670,https://miu-documentos.s3.us-west-2.amazonaws.com/DATA-DOCS/miu-hml/documentos/139019/20040100/miuDocumento_958846_EvaluacionFisicaGenetica_995670.pdf,miu-documentos,DATA-DOCS/miu-hml/documentos/139019/20040100/miuDocumento_958846_EvaluacionFisicaGenetica_995670.pdf,Y,200,
995671,https://miu-documentos.s3.us-west-2.amazonaws.com/DATA-DOCS/miu-hml/documentos/139019/20040100/miuDocumento_958846_EvaluacionFisicaGenetica_995671.pdf,miu-documentos,DATA-DOCS/miu-hml/documentos/139019/20040100/miuDocumento_958846_EvaluacionFisicaGenetica_995671.pdf,Y,200,
995672,https://miu-documentos.s3.us-west-2.amazonaws.com/DATA-DOCS/miu-hml/documentos/139019/20040100/miuDocumento_958846_EvaluacionFisicaGenetica_995672.pdf,miu-documentos,DATA-DOCS/miu-hml/documentos/139019/20040100/miuDocumento_958846_EvaluacionFisicaGenetica_995672.pdf,Y,200,
995673,https://miu-documentos.s3.us-west-2.amazonaws.com/DATA-DOCS/miu-hml/documentos/139019/20040100/miuDocumento_958846_EvaluacionFisicaGenetica_995673.pdf,miu-documentos,DATA-DOCS/miu-hml/documentos/139019/20040100/miuDocumento_958846_EvaluacionFisicaGenetica_995673.pdf,Y,200,
997636,https://miu-documentos.s3.us-west-2.amazonaws.com/DATA-DOCS/miu-hml/documentos/144060/20100579/miuDocumento_997636_ProgramaHA.pdf,miu-documentos,DATA-DOCS/miu-hml/documentos/144060/20100579/miuDocumento_997636_ProgramaHA.pdf,Y,200,
997573,https://miu-documentos.s3.us-west-2.amazonaws.com/DATA-DOCS/miu-hml/documentos/142925/20140469/miuDocumento_997573_1.TheHandbookofInternationalTradeandFinance-TheCompleteGuideforInternationalSalesFinanceShippingandAdministration.pdf,miu-documentos,DATA-DOCS/miu-hml/documentos/142925/20140469/miuDocumento_997573_1.TheHandbookofInternationalTradeandFinance-TheCompleteGuideforInternationalSalesFinanceShippingandAdministration.pdf,Y,200,
997614,https://miu-documentos.s3.us-west-2.amazonaws.com/DATA-DOCS/miu-hml/documentos/144215/20110535/miuDocumento_997614_DerechoProcesalCivil1-Modulo1.pptx,miu-documentos,DATA-DOCS/miu-hml/documentos/144215/20110535/miuDocumento_997614_DerechoProcesalCivil1-Modulo1.pptx,Y,200,
997643,https://miu-documentos.s3.us-west-2.amazonaws.com/DATA-DOCS/miu-hml/documentos/144697/20180351/miuDocumento_997643_InevitableRevolutionsTheUnitedStatesinCentralAmericaWalterLaFeberZ-Library.pdf,miu-documentos,DATA-DOCS/miu-hml/documentos/144697/20180351/miuDocumento_997643_InevitableRevolutionsTheUnitedStatesinCentralAmericaWalterLaFeberZ-Library.pdf,Y,200,
997646,https://miu-documentos.s3.us-west-2.amazonaws.com/DATA-DOCS/miu-hml/documentos/143711/20220110/miuDocumento_997646_CollectedArticles.pdf,miu-documentos,DATA-DOCS/miu-hml/documentos/143711/20220110/miuDocumento_997646_CollectedArticles.pdf,Y,200,
997706,https://miu-documentos.s3.us-west-2.amazonaws.com/DATA-DOCS/miu-hml/documentos/143322/97000353/miuDocumento_997706_PROGRAMA-FCEECONOMIAI2026.docx,miu-documentos,DATA-DOCS/miu-hml/documentos/143322/97000353/miuDocumento_997706_PROGRAMA-FCEECONOMIAI2026.docx,Y,200,
997707,https://miu-documentos.s3.us-west-2.amazonaws.com/DATA-DOCS/miu-hml/documentos/143322/97000353/miuDocumento_997707_cronogramaeconI2026.pdf,miu-documentos,DATA-DOCS/miu-hml/documentos/143322/97000353/miuDocumento_997707_cronogramaeconI2026.pdf,Y,200,
997742,https://miu-documentos.s3.us-west-2.amazonaws.com/DATA-DOCS/miu-hml/documentos/143831/20111005/miuDocumento_929988_pdfRubricaS2024_960622.pdf,miu-documentos,DATA-DOCS/miu-hml/documentos/143831/20111005/miuDocumento_929988_pdfRubricaS2024_960622.pdf,Y,200,
997743,https://miu-documentos.s3.us-west-2.amazonaws.com/DATA-DOCS/miu-hml/documentos/143831/20111005/miuDocumento_941498_declaracion-de-helsinki-de-la-amm-principios-eticos-para-las-investigaciones-medicas-en-seres-humanos-2_971300.pdf,miu-documentos,DATA-DOCS/miu-hml/documentos/143831/20111005/miuDocumento_941498_declaracion-de-helsinki-de-la-amm-principios-eticos-para-las-investigaciones-medicas-en-seres-humanos-2_971300.pdf,Y,200,
997744,https://miu-documentos.s3.us-west-2.amazonaws.com/DATA-DOCS/miu-hml/documentos/143831/20111005/miuDocumento_941499_NIVELESDEEVIDENCIAS2_946071_951425_971302.pdf,miu-documentos,DATA-DOCS/miu-hml/documentos/143831/20111005/miuDocumento_941499_NIVELESDEEVIDENCIAS2_946071_951425_971302.pdf,Y,200,
997745,https://miu-documentos.s3.us-west-2.amazonaws.com/DATA-DOCS/miu-hml/documentos/143831/20111005/miuDocumento_941513_FASESDEINVESTIGACION_960625.pdf,miu-documentos,DATA-DOCS/miu-hml/documentos/143831/20111005/miuDocumento_941513_FASESDEINVESTIGACION_960625.pdf,Y,200,
997746,https://miu-documentos.s3.us-west-2.amazonaws.com/DATA-DOCS/miu-hml/documentos/143831/20111005/miuDocumento_941519_Descriptive_971284.pdf,miu-documentos,DATA-DOCS/miu-hml/documentos/143831/20111005/miuDocumento_941519_Descriptive_971284.pdf,Y,200,
997758,https://miu-documentos.s3.us-west-2.amazonaws.com/DATA-DOCS/miu-hml/documentos/142913/20060194/miuDocumento_997758_LagloriaylaruinadelosMayas.pdf,miu-documentos,DATA-DOCS/miu-hml/documentos/142913/20060194/miuDocumento_997758_LagloriaylaruinadelosMayas.pdf,Y,200,
997759,https://miu-documentos.s3.us-west-2.amazonaws.com/DATA-DOCS/miu-hml/documentos/142914/20060194/miuDocumento_997758_LagloriaylaruinadelosMayas.pdf,miu-documentos,DATA-DOCS/miu-hml/documentos/142914/20060194/miuDocumento_997758_LagloriaylaruinadelosMayas.pdf,Y,200,
997783,https://miu-documentos.s3.us-west-2.amazonaws.com/DATA-DOCS/miu-hml/documentos/144605/20151049/miuDocumento_997783_Escohotado.Losenemigosdelcomercio.pdf,miu-documentos,DATA-DOCS/miu-hml/documentos/144605/20151049/miuDocumento_997783_Escohotado.Losenemigosdelcomercio.pdf,Y,200,
997784,https://miu-documentos.s3.us-west-2.amazonaws.com/DATA-DOCS/miu-hml/documentos/144092/12870542/miuDocumento_997784_231025-capitalismo-Orbaugh.pdf,miu-documentos,DATA-DOCS/miu-hml/documentos/144092/12870542/miuDocumento_997784_231025-capitalismo-Orbaugh.pdf,Y,200,
997841,https://miu-documentos.s3.us-west-2.amazonaws.com/DATA-DOCS/miu-hml/documentos/144262/22950328/miuDocumento_997841_LECTURA5-ShouldYourCompanySellonAmazonHarvard.pdf,miu-documentos,DATA-DOCS/miu-hml/documentos/144262/22950328/miuDocumento_997841_LECTURA5-ShouldYourCompanySellonAmazonHarvard.pdf,Y,200,
997844,https://miu-documentos.s3.us-west-2.amazonaws.com/DATA-DOCS/miu-hml/documentos/143417/22950328/miuDocumento_997844_LECTURA4-LibroALIGNINGSTRATEGYANDSALESCapitulo6.pdf,miu-documentos,DATA-DOCS/miu-hml/documentos/143417/22950328/miuDocumento_997844_LECTURA4-LibroALIGNINGSTRATEGYANDSALESCapitulo6.pdf,Y,200,
997851,https://miu-documentos.s3.us-west-2.amazonaws.com/DATA-DOCS/miu-hml/documentos/144262/22950328/miuDocumento_997851_LECTURA8-CreacindeValorparaelcliente.pdf,miu-documentos,DATA-DOCS/miu-hml/documentos/144262/22950328/miuDocumento_997851_LECTURA8-CreacindeValorparaelcliente.pdf,Y,200,
997852,https://miu-documentos.s3.us-west-2.amazonaws.com/DATA-DOCS/miu-hml/documentos/143417/22950328/miuDocumento_997852_LECTURA7-LibroALIGNINGSTRATEGYANDSALESCapitulo8.pdf,miu-documentos,DATA-DOCS/miu-hml/documentos/143417/22950328/miuDocumento_997852_LECTURA7-LibroALIGNINGSTRATEGYANDSALESCapitulo8.pdf,Y,200,
997882,https://miu-documentos.s3.us-west-2.amazonaws.com/DATA-DOCS/miu-hml/documentos/144720/20060007/miuDocumento_997882_0ProgramaDITII2026-AHB.docx.pdf,miu-documentos,DATA-DOCS/miu-hml/documentos/144720/20060007/miuDocumento_997882_0ProgramaDITII2026-AHB.docx.pdf,Y,200,
997883,https://miu-documentos.s3.us-west-2.amazonaws.com/DATA-DOCS/miu-hml/documentos/143255/99000086/miuDocumento_997883_ProgramaFinanciera2-2026.pdf,miu-documentos,DATA-DOCS/miu-hml/documentos/143255/99000086/miuDocumento_997883_ProgramaFinanciera2-2026.pdf,Y,200,
997884,https://miu-documentos.s3.us-west-2.amazonaws.com/DATA-DOCS/miu-hml/documentos/143254/99000086/miuDocumento_997883_ProgramaFinanciera2-2026.pdf,miu-documentos,DATA-DOCS/miu-hml/documentos/143254/99000086/miuDocumento_997883_ProgramaFinanciera2-2026.pdf,Y,200,
997950,https://miu-documentos.s3.us-west-2.amazonaws.com/DATA-DOCS/miu-hml/documentos/143257/20060096/miuDocumento_997950_01Bonos-Acciones-TecnicasdeValuacion2026.pdf,miu-documentos,DATA-DOCS/miu-hml/documentos/143257/20060096/miuDocumento_997950_01Bonos-Acciones-TecnicasdeValuacion2026.pdf,Y,200,
995674,https://miu-documentos.s3.us-west-2.amazonaws.com/DATA-DOCS/miu-hml/documentos/139019/20040100/miuDocumento_958866_StandardizedHumanPedigreeNomenclature_995674.pdf,miu-documentos,DATA-DOCS/miu-hml/documentos/139019/20040100/miuDocumento_958866_StandardizedHumanPedigreeNomenclature_995674.pdf,Y,200,
995675,https://miu-documentos.s3.us-west-2.amazonaws.com/DATA-DOCS/miu-hml/documentos/139019/20040100/miuDocumento_958866_StandardizedHumanPedigreeNomenclature_995675.pdf,miu-documentos,DATA-DOCS/miu-hml/documentos/139019/20040100/miuDocumento_958866_StandardizedHumanPedigreeNomenclature_995675.pdf,Y,200,
995676,https://miu-documentos.s3.us-west-2.amazonaws.com/DATA-DOCS/miu-hml/documentos/139019/20040100/miuDocumento_958866_StandardizedHumanPedigreeNomenclature_995676.pdf,miu-documentos,DATA-DOCS/miu-hml/documentos/139019/20040100/miuDocumento_958866_StandardizedHumanPedigreeNomenclature_995676.pdf,Y,200,
995678,https://miu-documentos.s3.us-west-2.amazonaws.com/DATA-DOCS/miu-hml/documentos/139019/20040100/miuDocumento_958850_GrowthCharts_995678.pdf,miu-documentos,DATA-DOCS/miu-hml/documentos/139019/20040100/miuDocumento_958850_GrowthCharts_995678.pdf,Y,200,
995679,https://miu-documentos.s3.us-west-2.amazonaws.com/DATA-DOCS/miu-hml/documentos/139019/20040100/miuDocumento_958850_GrowthCharts_995679.pdf,miu-documentos,DATA-DOCS/miu-hml/documentos/139019/20040100/miuDocumento_958850_GrowthCharts_995679.pdf,Y,200,
995680,https://miu-documentos.s3.us-west-2.amazonaws.com/DATA-DOCS/miu-hml/documentos/139019/20040100/miuDocumento_958850_GrowthCharts_995680.pdf,miu-documentos,DATA-DOCS/miu-hml/documentos/139019/20040100/miuDocumento_958850_GrowthCharts_995680.pdf,Y,200,
995682,https://miu-documentos.s3.us-west-2.amazonaws.com/DATA-DOCS/miu-hml/documentos/139019/20040100/miuDocumento_958882_RiskAssesmentandGeneticCounseling_995682.pdf,miu-documentos,DATA-DOCS/miu-hml/documentos/139019/20040100/miuDocumento_958882_RiskAssesmentandGeneticCounseling_995682.pdf,Y,200,
995684,https://miu-documentos.s3.us-west-2.amazonaws.com/DATA-DOCS/miu-hml/documentos/139019/20040100/miuDocumento_958882_RiskAssesmentandGeneticCounseling_995684.pdf,miu-documentos,DATA-DOCS/miu-hml/documentos/139019/20040100/miuDocumento_958882_RiskAssesmentandGeneticCounseling_995684.pdf,Y,200,
995686,https://miu-documentos.s3.us-west-2.amazonaws.com/DATA-DOCS/miu-hml/documentos/139019/20040100/miuDocumento_958842_Basic-concepts-dysmorphology-Temtamy-2010_995686.pdf,miu-documentos,DATA-DOCS/miu-hml/documentos/139019/20040100/miuDocumento_958842_Basic-concepts-dysmorphology-Temtamy-2010_995686.pdf,Y,200,
995687,https://miu-documentos.s3.us-west-2.amazonaws.com/DATA-DOCS/miu-hml/documentos/139019/20040100/miuDocumento_958842_Basic-concepts-dysmorphology-Temtamy-2010_995687.pdf,miu-documentos,DATA-DOCS/miu-hml/documentos/139019/20040100/miuDocumento_958842_Basic-concepts-dysmorphology-Temtamy-2010_995687.pdf,Y,200,
995689,https://miu-documentos.s3.us-west-2.amazonaws.com/DATA-DOCS/miu-hml/documentos/139019/20040100/miuDocumento_958842_Basic-concepts-dysmorphology-Temtamy-2010_995689.pdf,miu-documentos,DATA-DOCS/miu-hml/documentos/139019/20040100/miuDocumento_958842_Basic-concepts-dysmorphology-Temtamy-2010_995689.pdf,Y,200,
995690,"https://miu-documentos.s3.us-west-2.amazonaws.com/DATA-DOCS/miu-hml/documentos/139019/20040100/miuDocumento_958874_GardnerandSutherlandChromosomalAbnormalities,Ch14StructuralRearrangements_995690.pdf",miu-documentos,"DATA-DOCS/miu-hml/documentos/139019/20040100/miuDocumento_958874_GardnerandSutherlandChromosomalAbnormalities,Ch14StructuralRearrangements_995690.pdf",Y,200,
995692,"https://miu-documentos.s3.us-west-2.amazonaws.com/DATA-DOCS/miu-hml/documentos/139019/20040100/miuDocumento_958874_GardnerandSutherlandChromosomalAbnormalities,Ch14StructuralRearrangements_995692.pdf",miu-documentos,"DATA-DOCS/miu-hml/documentos/139019/20040100/miuDocumento_958874_GardnerandSutherlandChromosomalAbnormalities,Ch14StructuralRearrangements_995692.pdf",Y,200,
995693,"https://miu-documentos.s3.us-west-2.amazonaws.com/DATA-DOCS/miu-hml/documentos/139019/20040100/miuDocumento_958874_GardnerandSutherlandChromosomalAbnormalities,Ch14StructuralRearrangements_995693.pdf",miu-documentos,"DATA-DOCS/miu-hml/documentos/139019/20040100/miuDocumento_958874_GardnerandSutherlandChromosomalAbnormalities,Ch14StructuralRearrangements_995693.pdf",Y,200,
995694,"https://miu-documentos.s3.us-west-2.amazonaws.com/DATA-DOCS/miu-hml/documentos/139019/20040100/miuDocumento_958858_HandbookofPhysicalMeasurements,2ndEd_995694.pdf",miu-documentos,"DATA-DOCS/miu-hml/documentos/139019/20040100/miuDocumento_958858_HandbookofPhysicalMeasurements,2ndEd_995694.pdf",Y,200,
995695,"https://miu-documentos.s3.us-west-2.amazonaws.com/DATA-DOCS/miu-hml/documentos/139019/20040100/miuDocumento_958858_HandbookofPhysicalMeasurements,2ndEd_995695.pdf",miu-documentos,"DATA-DOCS/miu-hml/documentos/139019/20040100/miuDocumento_958858_HandbookofPhysicalMeasurements,2ndEd_995695.pdf",Y,200,
995696,"https://miu-documentos.s3.us-west-2.amazonaws.com/DATA-DOCS/miu-hml/documentos/139019/20040100/miuDocumento_958858_HandbookofPhysicalMeasurements,2ndEd_995696.pdf",miu-documentos,"DATA-DOCS/miu-hml/documentos/139019/20040100/miuDocumento_958858_HandbookofPhysicalMeasurements,2ndEd_995696.pdf",Y,200,
995697,"https://miu-documentos.s3.us-west-2.amazonaws.com/DATA-DOCS/miu-hml/documentos/139019/20040100/miuDocumento_958858_HandbookofPhysicalMeasurements,2ndEd_995697.pdf",miu-documentos,"DATA-DOCS/miu-hml/documentos/139019/20040100/miuDocumento_958858_HandbookofPhysicalMeasurements,2ndEd_995697.pdf",Y,200,
995700,https://miu-documentos.s3.us-west-2.amazonaws.com/DATA-DOCS/miu-hml/documentos/139019/20040100/miuDocumento_958854_Dismorphology_995700.pdf,miu-documentos,DATA-DOCS/miu-hml/documentos/139019/20040100/miuDocumento_958854_Dismorphology_995700.pdf,Y,200,
995701,https://miu-documentos.s3.us-west-2.amazonaws.com/DATA-DOCS/miu-hml/documentos/139019/20040100/miuDocumento_958854_Dismorphology_995701.pdf,miu-documentos,DATA-DOCS/miu-hml/documentos/139019/20040100/miuDocumento_958854_Dismorphology_995701.pdf,Y,200,
995699,https://miu-documentos.s3.us-west-2.amazonaws.com/DATA-DOCS/miu-hml/documentos/139019/20040100/miuDocumento_958854_Dismorphology_995699.pdf,miu-documentos,DATA-DOCS/miu-hml/documentos/139019/20040100/miuDocumento_958854_Dismorphology_995699.pdf,Y,200,
995702,https://miu-documentos.s3.us-west-2.amazonaws.com/DATA-DOCS/miu-hml/documentos/139019/20040100/miuDocumento_969429_ConsejeriadelArbolFamiliar_995702.pdf,miu-documentos,DATA-DOCS/miu-hml/documentos/139019/20040100/miuDocumento_969429_ConsejeriadelArbolFamiliar_995702.pdf,Y,200,
995703,https://miu-documentos.s3.us-west-2.amazonaws.com/DATA-DOCS/miu-hml/documentos/139019/20040100/miuDocumento_969429_ConsejeriadelArbolFamiliar_995703.pdf,miu-documentos,DATA-DOCS/miu-hml/documentos/139019/20040100/miuDocumento_969429_ConsejeriadelArbolFamiliar_995703.pdf,Y,200,
995704,https://miu-documentos.s3.us-west-2.amazonaws.com/DATA-DOCS/miu-hml/documentos/139019/20040100/miuDocumento_969429_ConsejeriadelArbolFamiliar_995704.pdf,miu-documentos,DATA-DOCS/miu-hml/documentos/139019/20040100/miuDocumento_969429_ConsejeriadelArbolFamiliar_995704.pdf,Y,200,
995705,https://miu-documentos.s3.us-west-2.amazonaws.com/DATA-DOCS/miu-hml/documentos/139019/20040100/miuDocumento_969429_ConsejeriadelArbolFamiliar_995705.pdf,miu-documentos,DATA-DOCS/miu-hml/documentos/139019/20040100/miuDocumento_969429_ConsejeriadelArbolFamiliar_995705.pdf,Y,200,
995657,https://miu-documentos.s3.us-west-2.amazonaws.com/DATA-DOCS/miu-hml/documentos/139019/20040100/miuDocumento_958838_Indicaciones_del_estudio_genetico_995657.pdf,miu-documentos,DATA-DOCS/miu-hml/documentos/139019/20040100/miuDocumento_958838_Indicaciones_del_estudio_genetico_995657.pdf,Y,200,
995882,https://miu-documentos.s3.us-west-2.amazonaws.com/DATA-DOCS/miu-hml/documentos/143583/20040100/miuDocumento_995863_6_995882.Epigenomica,miu-documentos,DATA-DOCS/miu-hml/documentos/143583/20040100/miuDocumento_995863_6_995882.Epigenomica,Y,200,
995580,https://miu-documentos.s3.us-west-2.amazonaws.com/DATA-DOCS/miu-hml/documentos/133129/20090970/miuDocumento_923274_JohnLocke-Segundotratadosobreelgobiernocivil_958604_995580.pdf,miu-documentos,DATA-DOCS/miu-hml/documentos/133129/20090970/miuDocumento_923274_JohnLocke-Segundotratadosobreelgobiernocivil_958604_995580.pdf,Y,200,
995588,https://miu-documentos.s3.us-west-2.amazonaws.com/DATA-DOCS/miu-hml/documentos/133129/20090970/miuDocumento_923284_Mises-Elsocialismo_958614_995588.pdf,miu-documentos,DATA-DOCS/miu-hml/documentos/133129/20090970/miuDocumento_923284_Mises-Elsocialismo_958614_995588.pdf,Y,200,
995393,https://miu-documentos.s3.us-west-2.amazonaws.com/DATA-DOCS/miu-hml/documentos/143023/20241404/miuDocumento_995393_SegundareuniongrupalPE2025.pdf,miu-documentos,DATA-DOCS/miu-hml/documentos/143023/20241404/miuDocumento_995393_SegundareuniongrupalPE2025.pdf,Y,200,
996133,https://miu-documentos.s3.us-west-2.amazonaws.com/DATA-DOCS/miu-hml/documentos/144012/20041076/miuDocumento_979246_CV-CarladeHess_985973_990663_994391.doc,miu-documentos,DATA-DOCS/miu-hml/documentos/144012/20041076/miuDocumento_979246_CV-CarladeHess_985973_990663_994391.doc,Y,200,
996134,https://miu-documentos.s3.us-west-2.amazonaws.com/DATA-DOCS/miu-hml/documentos/144013/20041076/miuDocumento_979246_CV-CarladeHess_985973_990663_994391.doc,miu-documentos,DATA-DOCS/miu-hml/documentos/144013/20041076/miuDocumento_979246_CV-CarladeHess_985973_990663_994391.doc,Y,200,
996135,https://miu-documentos.s3.us-west-2.amazonaws.com/DATA-DOCS/miu-hml/documentos/144772/20041076/miuDocumento_979246_CV-CarladeHess_985973_990663_994391.doc,miu-documentos,DATA-DOCS/miu-hml/documentos/144772/20041076/miuDocumento_979246_CV-CarladeHess_985973_990663_994391.doc,Y,200,
996136,https://miu-documentos.s3.us-west-2.amazonaws.com/DATA-DOCS/miu-hml/documentos/144770/20041076/miuDocumento_979246_CV-CarladeHess_985973_990663_994391.doc,miu-documentos,DATA-DOCS/miu-hml/documentos/144770/20041076/miuDocumento_979246_CV-CarladeHess_985973_990663_994391.doc,Y,200,
996137,https://miu-documentos.s3.us-west-2.amazonaws.com/DATA-DOCS/miu-hml/documentos/142980/20041076/miuDocumento_979246_CV-CarladeHess_985973_990663_994391.doc,miu-documentos,DATA-DOCS/miu-hml/documentos/142980/20041076/miuDocumento_979246_CV-CarladeHess_985973_990663_994391.doc,Y,200,
996138,https://miu-documentos.s3.us-west-2.amazonaws.com/DATA-DOCS/miu-hml/documentos/144012/20041076/miuDocumento_855958_Ideasinteresantes_861991_909365_922136_926934_972684_977163_979698_985977.docx,miu-documentos,DATA-DOCS/miu-hml/documentos/144012/20041076/miuDocumento_855958_Ideasinteresantes_861991_909365_922136_926934_972684_977163_979698_985977.docx,Y,200,
996139,https://miu-documentos.s3.us-west-2.amazonaws.com/DATA-DOCS/miu-hml/documentos/144013/20041076/miuDocumento_855958_Ideasinteresantes_861991_909365_922136_926934_972684_977163_979698_985977.docx,miu-documentos,DATA-DOCS/miu-hml/documentos/144013/20041076/miuDocumento_855958_Ideasinteresantes_861991_909365_922136_926934_972684_977163_979698_985977.docx,Y,200,
996140,https://miu-documentos.s3.us-west-2.amazonaws.com/DATA-DOCS/miu-hml/documentos/144772/20041076/miuDocumento_855958_Ideasinteresantes_861991_909365_922136_926934_972684_977163_979698_985977.docx,miu-documentos,DATA-DOCS/miu-hml/documentos/144772/20041076/miuDocumento_855958_Ideasinteresantes_861991_909365_922136_926934_972684_977163_979698_985977.docx,Y,200,
996141,https://miu-documentos.s3.us-west-2.amazonaws.com/DATA-DOCS/miu-hml/documentos/144770/20041076/miuDocumento_855958_Ideasinteresantes_861991_909365_922136_926934_972684_977163_979698_985977.docx,miu-documentos,DATA-DOCS/miu-hml/documentos/144770/20041076/miuDocumento_855958_Ideasinteresantes_861991_909365_922136_926934_972684_977163_979698_985977.docx,Y,200,
996142,https://miu-documentos.s3.us-west-2.amazonaws.com/DATA-DOCS/miu-hml/documentos/142980/20041076/miuDocumento_855958_Ideasinteresantes_861991_909365_922136_926934_972684_977163_979698_985977.docx,miu-documentos,DATA-DOCS/miu-hml/documentos/142980/20041076/miuDocumento_855958_Ideasinteresantes_861991_909365_922136_926934_972684_977163_979698_985977.docx,Y,200,
996143,https://miu-documentos.s3.us-west-2.amazonaws.com/DATA-DOCS/miu-hml/documentos/143419/20041076/miuDocumento_979246_CV-CarladeHess_985973_990663_994391.doc,miu-documentos,DATA-DOCS/miu-hml/documentos/143419/20041076/miuDocumento_979246_CV-CarladeHess_985973_990663_994391.doc,Y,200,
996144,https://miu-documentos.s3.us-west-2.amazonaws.com/DATA-DOCS/miu-hml/documentos/143428/20041076/miuDocumento_979246_CV-CarladeHess_985973_990663_994391.doc,miu-documentos,DATA-DOCS/miu-hml/documentos/143428/20041076/miuDocumento_979246_CV-CarladeHess_985973_990663_994391.doc,Y,200,
996145,https://miu-documentos.s3.us-west-2.amazonaws.com/DATA-DOCS/miu-hml/documentos/143421/20041076/miuDocumento_979246_CV-CarladeHess_985973_990663_994391.doc,miu-documentos,DATA-DOCS/miu-hml/documentos/143421/20041076/miuDocumento_979246_CV-CarladeHess_985973_990663_994391.doc,Y,200,
996146,https://miu-documentos.s3.us-west-2.amazonaws.com/DATA-DOCS/miu-hml/documentos/143420/20041076/miuDocumento_979246_CV-CarladeHess_985973_990663_994391.doc,miu-documentos,DATA-DOCS/miu-hml/documentos/143420/20041076/miuDocumento_979246_CV-CarladeHess_985973_990663_994391.doc,Y,200,
996182,https://miu-documentos.s3.us-west-2.amazonaws.com/DATA-DOCS/miu-hml/documentos/143697/20070803/miuDocumento_996182_LibrodeTextoSobreReanimacinNeonatal8vaEdicinAmericanAcademyofPediatricsAAP_.pdf,miu-documentos,DATA-DOCS/miu-hml/documentos/143697/20070803/miuDocumento_996182_LibrodeTextoSobreReanimacinNeonatal8vaEdicinAmericanAcademyofPediatricsAAP_.pdf,Y,200,
996183,https://miu-documentos.s3.us-west-2.amazonaws.com/DATA-DOCS/miu-hml/documentos/143861/20070803/miuDocumento_996182_LibrodeTextoSobreReanimacinNeonatal8vaEdicinAmericanAcademyofPediatricsAAP_.pdf,miu-documentos,DATA-DOCS/miu-hml/documentos/143861/20070803/miuDocumento_996182_LibrodeTextoSobreReanimacinNeonatal8vaEdicinAmericanAcademyofPediatricsAAP_.pdf,Y,200,
996204,https://miu-documentos.s3.us-west-2.amazonaws.com/DATA-DOCS/miu-hml/documentos/143557/20100147/miuDocumento_996204_CARE-checklist-English-2013.pdf,miu-documentos,DATA-DOCS/miu-hml/documentos/143557/20100147/miuDocumento_996204_CARE-checklist-English-2013.pdf,Y,200,
996205,https://miu-documentos.s3.us-west-2.amazonaws.com/DATA-DOCS/miu-hml/documentos/143828/20100147/miuDocumento_996204_CARE-checklist-English-2013.pdf,miu-documentos,DATA-DOCS/miu-hml/documentos/143828/20100147/miuDocumento_996204_CARE-checklist-English-2013.pdf,Y,200,
996206,https://miu-documentos.s3.us-west-2.amazonaws.com/DATA-DOCS/miu-hml/documentos/143830/20100147/miuDocumento_996204_CARE-checklist-English-2013.pdf,miu-documentos,DATA-DOCS/miu-hml/documentos/143830/20100147/miuDocumento_996204_CARE-checklist-English-2013.pdf,Y,200,
996207,https://miu-documentos.s3.us-west-2.amazonaws.com/DATA-DOCS/miu-hml/documentos/143865/20100147/miuDocumento_996204_CARE-checklist-English-2013.pdf,miu-documentos,DATA-DOCS/miu-hml/documentos/143865/20100147/miuDocumento_996204_CARE-checklist-English-2013.pdf,Y,200,
996208,https://miu-documentos.s3.us-west-2.amazonaws.com/DATA-DOCS/miu-hml/documentos/143680/20100147/miuDocumento_996204_CARE-checklist-English-2013.pdf,miu-documentos,DATA-DOCS/miu-hml/documentos/143680/20100147/miuDocumento_996204_CARE-checklist-English-2013.pdf,Y,200,
996209,https://miu-documentos.s3.us-west-2.amazonaws.com/DATA-DOCS/miu-hml/documentos/143679/20100147/miuDocumento_996204_CARE-checklist-English-2013.pdf,miu-documentos,DATA-DOCS/miu-hml/documentos/143679/20100147/miuDocumento_996204_CARE-checklist-English-2013.pdf,Y,200,
996210,https://miu-documentos.s3.us-west-2.amazonaws.com/DATA-DOCS/miu-hml/documentos/143681/20100147/miuDocumento_996204_CARE-checklist-English-2013.pdf,miu-documentos,DATA-DOCS/miu-hml/documentos/143681/20100147/miuDocumento_996204_CARE-checklist-English-2013.pdf,Y,200,
996211,https://miu-documentos.s3.us-west-2.amazonaws.com/DATA-DOCS/miu-hml/documentos/143559/20100147/miuDocumento_996204_CARE-checklist-English-2013.pdf,miu-documentos,DATA-DOCS/miu-hml/documentos/143559/20100147/miuDocumento_996204_CARE-checklist-English-2013.pdf,Y,200,
996212,https://miu-documentos.s3.us-west-2.amazonaws.com/DATA-DOCS/miu-hml/documentos/143558/20100147/miuDocumento_996204_CARE-checklist-English-2013.pdf,miu-documentos,DATA-DOCS/miu-hml/documentos/143558/20100147/miuDocumento_996204_CARE-checklist-English-2013.pdf,Y,200,
996213,https://miu-documentos.s3.us-west-2.amazonaws.com/DATA-DOCS/miu-hml/documentos/143684/20100147/miuDocumento_996204_CARE-checklist-English-2013.pdf,miu-documentos,DATA-DOCS/miu-hml/documentos/143684/20100147/miuDocumento_996204_CARE-checklist-English-2013.pdf,Y,200,
996214,https://miu-documentos.s3.us-west-2.amazonaws.com/DATA-DOCS/miu-hml/documentos/143683/20100147/miuDocumento_996204_CARE-checklist-English-2013.pdf,miu-documentos,DATA-DOCS/miu-hml/documentos/143683/20100147/miuDocumento_996204_CARE-checklist-English-2013.pdf,Y,200,
996215,https://miu-documentos.s3.us-west-2.amazonaws.com/DATA-DOCS/miu-hml/documentos/143682/20100147/miuDocumento_996204_CARE-checklist-English-2013.pdf,miu-documentos,DATA-DOCS/miu-hml/documentos/143682/20100147/miuDocumento_996204_CARE-checklist-English-2013.pdf,Y,200,
996216,https://miu-documentos.s3.us-west-2.amazonaws.com/DATA-DOCS/miu-hml/documentos/143560/20100147/miuDocumento_996204_CARE-checklist-English-2013.pdf,miu-documentos,DATA-DOCS/miu-hml/documentos/143560/20100147/miuDocumento_996204_CARE-checklist-English-2013.pdf,Y,200,
996291,https://miu-documentos.s3.us-west-2.amazonaws.com/DATA-DOCS/miu-hml/documentos/143709/20150601/miuDocumento_996291_Managingoperationsacrossthesupplychain.pdf,miu-documentos,DATA-DOCS/miu-hml/documentos/143709/20150601/miuDocumento_996291_Managingoperationsacrossthesupplychain.pdf,Y,200,
996292,https://miu-documentos.s3.us-west-2.amazonaws.com/DATA-DOCS/miu-hml/documentos/143709/20150601/miuDocumento_996292_Logistics4.0andFutureofSupplyChains.pdf,miu-documentos,DATA-DOCS/miu-hml/documentos/143709/20150601/miuDocumento_996292_Logistics4.0andFutureofSupplyChains.pdf,Y,200,
996296,https://miu-documentos.s3.us-west-2.amazonaws.com/DATA-DOCS/miu-hml/documentos/143709/20150601/miuDocumento_996296_safe-framework.pdf,miu-documentos,DATA-DOCS/miu-hml/documentos/143709/20150601/miuDocumento_996296_safe-framework.pdf,Y,200,
996297,https://miu-documentos.s3.us-west-2.amazonaws.com/DATA-DOCS/miu-hml/documentos/143709/20150601/miuDocumento_996297_hs-convention_en.pdf,miu-documentos,DATA-DOCS/miu-hml/documentos/143709/20150601/miuDocumento_996297_hs-convention_en.pdf,Y,200,
996306,https://miu-documentos.s3.us-west-2.amazonaws.com/DATA-DOCS/miu-hml/documentos/143320/22810023/miuDocumento_996306_00EconomaICalendarioAcadmico.pdf,miu-documentos,DATA-DOCS/miu-hml/documentos/143320/22810023/miuDocumento_996306_00EconomaICalendarioAcadmico.pdf,Y,200,
996307,https://miu-documentos.s3.us-west-2.amazonaws.com/DATA-DOCS/miu-hml/documentos/143320/22810023/miuDocumento_996307_EconomaIProgramaAcademico.pdf,miu-documentos,DATA-DOCS/miu-hml/documentos/143320/22810023/miuDocumento_996307_EconomaIProgramaAcademico.pdf,Y,200,
996308,https://miu-documentos.s3.us-west-2.amazonaws.com/DATA-DOCS/miu-hml/documentos/143320/22810023/miuDocumento_996308_00Guiaparatenerexitoenelcurso.pdf,miu-documentos,DATA-DOCS/miu-hml/documentos/143320/22810023/miuDocumento_996308_00Guiaparatenerexitoenelcurso.pdf,Y,200,
996309,https://miu-documentos.s3.us-west-2.amazonaws.com/DATA-DOCS/miu-hml/documentos/143320/22810023/miuDocumento_996309_01.3AdamSmith.pdf,miu-documentos,DATA-DOCS/miu-hml/documentos/143320/22810023/miuDocumento_996309_01.3AdamSmith.pdf,Y,200,
996310,https://miu-documentos.s3.us-west-2.amazonaws.com/DATA-DOCS/miu-hml/documentos/143320/22810023/miuDocumento_996310_01.4Hazlitt-LaLeccin.pdf,miu-documentos,DATA-DOCS/miu-hml/documentos/143320/22810023/miuDocumento_996310_01.4Hazlitt-LaLeccin.pdf,Y,200,
996313,https://miu-documentos.s3.us-west-2.amazonaws.com/DATA-DOCS/miu-hml/documentos/143320/22810023/miuDocumento_996313_03.1Ayau-UnjuegoquenosumaceroCap1.pdf,miu-documentos,DATA-DOCS/miu-hml/documentos/143320/22810023/miuDocumento_996313_03.1Ayau-UnjuegoquenosumaceroCap1.pdf,Y,200,
996314,https://miu-documentos.s3.us-west-2.amazonaws.com/DATA-DOCS/miu-hml/documentos/143320/22810023/miuDocumento_996314_03.2Bastiat-loqueseveyloquenoseve.pdf,miu-documentos,DATA-DOCS/miu-hml/documentos/143320/22810023/miuDocumento_996314_03.2Bastiat-loqueseveyloquenoseve.pdf,Y,200,
996318,https://miu-documentos.s3.us-west-2.amazonaws.com/DATA-DOCS/miu-hml/documentos/143320/22810023/miuDocumento_996318_11.1SupplyDemandandEquilibrium-Landsburg.pdf,miu-documentos,DATA-DOCS/miu-hml/documentos/143320/22810023/miuDocumento_996318_11.1SupplyDemandandEquilibrium-Landsburg.pdf,Y,200,
996408,https://miu-documentos.s3.us-west-2.amazonaws.com/DATA-DOCS/miu-hml/documentos/144708/20180351/miuDocumento_996408_17.MearsheimerJ.J.WaltS.M.2016.TheCaseforOffshoreBalancing.ASuperiorU.S.GrandStrategy.pdf,miu-documentos,DATA-DOCS/miu-hml/documentos/144708/20180351/miuDocumento_996408_17.MearsheimerJ.J.WaltS.M.2016.TheCaseforOffshoreBalancing.ASuperiorU.S.GrandStrategy.pdf,Y,200,
995396,https://miu-documentos.s3.us-west-2.amazonaws.com/DATA-DOCS/miu-hml/documentos/143253/20021249/miuDocumento_995396_ProgramaFinanciera2-2026.pdf,miu-documentos,DATA-DOCS/miu-hml/documentos/143253/20021249/miuDocumento_995396_ProgramaFinanciera2-2026.pdf,Y,200,
995400,https://miu-documentos.s3.us-west-2.amazonaws.com/DATA-DOCS/miu-hml/documentos/143253/20021249/miuDocumento_995400_04EstructuraOptimadeCapital2025.pdf,miu-documentos,DATA-DOCS/miu-hml/documentos/143253/20021249/miuDocumento_995400_04EstructuraOptimadeCapital2025.pdf,Y,200,
995409,https://miu-documentos.s3.us-west-2.amazonaws.com/DATA-DOCS/miu-hml/documentos/143598/20090970/miuDocumento_995409_TwoTreatisesOfGovernment-Locke.pdf,miu-documentos,DATA-DOCS/miu-hml/documentos/143598/20090970/miuDocumento_995409_TwoTreatisesOfGovernment-Locke.pdf,Y,200,
995564,https://miu-documentos.s3.us-west-2.amazonaws.com/DATA-DOCS/miu-hml/documentos/133129/20090970/miuDocumento_923255_Aristoteles-Eticanicomaquea_958588_995564.pdf,miu-documentos,DATA-DOCS/miu-hml/documentos/133129/20090970/miuDocumento_923255_Aristoteles-Eticanicomaquea_958588_995564.pdf,Y,200,
995566,https://miu-documentos.s3.us-west-2.amazonaws.com/DATA-DOCS/miu-hml/documentos/133129/20090970/miuDocumento_923257_MarcoAurelio-Meditaciones_958590_995566.pdf,miu-documentos,DATA-DOCS/miu-hml/documentos/133129/20090970/miuDocumento_923257_MarcoAurelio-Meditaciones_958590_995566.pdf,Y,200,
995568,https://miu-documentos.s3.us-west-2.amazonaws.com/DATA-DOCS/miu-hml/documentos/133129/20090970/miuDocumento_923261_Seneca-Dialogos_958592_995568.pdf,miu-documentos,DATA-DOCS/miu-hml/documentos/133129/20090970/miuDocumento_923261_Seneca-Dialogos_958592_995568.pdf,Y,200,
995572,https://miu-documentos.s3.us-west-2.amazonaws.com/DATA-DOCS/miu-hml/documentos/133129/20090970/miuDocumento_923266_Epicteto-ManualyFragmentos_958596_995572.pdf,miu-documentos,DATA-DOCS/miu-hml/documentos/133129/20090970/miuDocumento_923266_Epicteto-ManualyFragmentos_958596_995572.pdf,Y,200,
995574,https://miu-documentos.s3.us-west-2.amazonaws.com/DATA-DOCS/miu-hml/documentos/133129/20090970/miuDocumento_923268_Epicuro-Obras_958598_995574.pdf,miu-documentos,DATA-DOCS/miu-hml/documentos/133129/20090970/miuDocumento_923268_Epicuro-Obras_958598_995574.pdf,Y,200,
995576,https://miu-documentos.s3.us-west-2.amazonaws.com/DATA-DOCS/miu-hml/documentos/133129/20090970/miuDocumento_923270_JohnLocke-Ensayosobreelentendimientohumano_958600_995576.pdf,miu-documentos,DATA-DOCS/miu-hml/documentos/133129/20090970/miuDocumento_923270_JohnLocke-Ensayosobreelentendimientohumano_958600_995576.pdf,Y,200,
995578,https://miu-documentos.s3.us-west-2.amazonaws.com/DATA-DOCS/miu-hml/documentos/133129/20090970/miuDocumento_923272_JohnLocke-Cartasobrelatolerancia_958602_995578.pdf,miu-documentos,DATA-DOCS/miu-hml/documentos/133129/20090970/miuDocumento_923272_JohnLocke-Cartasobrelatolerancia_958602_995578.pdf,Y,200,
996425,https://miu-documentos.s3.us-west-2.amazonaws.com/DATA-DOCS/miu-hml/documentos/144708/20180351/miuDocumento_996425_34.PalomoR.P.UnasolaChinaelbloqueoaTaiwanpeligrosamentecerca.pdf,miu-documentos,DATA-DOCS/miu-hml/documentos/144708/20180351/miuDocumento_996425_34.PalomoR.P.UnasolaChinaelbloqueoaTaiwanpeligrosamentecerca.pdf,Y,200,
996707,https://miu-documentos.s3.us-west-2.amazonaws.com/DATA-DOCS/miu-hml/documentos/143679/20100147/miuDocumento_996707_RUB.CLINICO-ASISTENCIALINT.pdf,miu-documentos,DATA-DOCS/miu-hml/documentos/143679/20100147/miuDocumento_996707_RUB.CLINICO-ASISTENCIALINT.pdf,Y,200,
996708,https://miu-documentos.s3.us-west-2.amazonaws.com/DATA-DOCS/miu-hml/documentos/143865/20100147/miuDocumento_996707_RUB.CLINICO-ASISTENCIALINT.pdf,miu-documentos,DATA-DOCS/miu-hml/documentos/143865/20100147/miuDocumento_996707_RUB.CLINICO-ASISTENCIALINT.pdf,Y,200,
996709,https://miu-documentos.s3.us-west-2.amazonaws.com/DATA-DOCS/miu-hml/documentos/143683/20100147/miuDocumento_996707_RUB.CLINICO-ASISTENCIALINT.pdf,miu-documentos,DATA-DOCS/miu-hml/documentos/143683/20100147/miuDocumento_996707_RUB.CLINICO-ASISTENCIALINT.pdf,Y,200,
996710,https://miu-documentos.s3.us-west-2.amazonaws.com/DATA-DOCS/miu-hml/documentos/143682/20100147/miuDocumento_996707_RUB.CLINICO-ASISTENCIALINT.pdf,miu-documentos,DATA-DOCS/miu-hml/documentos/143682/20100147/miuDocumento_996707_RUB.CLINICO-ASISTENCIALINT.pdf,Y,200,
996711,https://miu-documentos.s3.us-west-2.amazonaws.com/DATA-DOCS/miu-hml/documentos/143681/20100147/miuDocumento_996707_RUB.CLINICO-ASISTENCIALINT.pdf,miu-documentos,DATA-DOCS/miu-hml/documentos/143681/20100147/miuDocumento_996707_RUB.CLINICO-ASISTENCIALINT.pdf,Y,200,
996712,https://miu-documentos.s3.us-west-2.amazonaws.com/DATA-DOCS/miu-hml/documentos/143680/20100147/miuDocumento_996707_RUB.CLINICO-ASISTENCIALINT.pdf,miu-documentos,DATA-DOCS/miu-hml/documentos/143680/20100147/miuDocumento_996707_RUB.CLINICO-ASISTENCIALINT.pdf,Y,200,
996713,https://miu-documentos.s3.us-west-2.amazonaws.com/DATA-DOCS/miu-hml/documentos/143684/20100147/miuDocumento_996707_RUB.CLINICO-ASISTENCIALINT.pdf,miu-documentos,DATA-DOCS/miu-hml/documentos/143684/20100147/miuDocumento_996707_RUB.CLINICO-ASISTENCIALINT.pdf,Y,200,
996736,https://miu-documentos.s3.us-west-2.amazonaws.com/DATA-DOCS/miu-hml/documentos/144845/20110699/miuDocumento_996736_Class4_ProductivityPlus-20251228T063931Z-3-001.zip,miu-documentos,DATA-DOCS/miu-hml/documentos/144845/20110699/miuDocumento_996736_Class4_ProductivityPlus-20251228T063931Z-3-001.zip,Y,200,
996740,https://miu-documentos.s3.us-west-2.amazonaws.com/DATA-DOCS/miu-hml/documentos/144845/20110699/miuDocumento_996740_Class8_JenniferGaston-20251228T063949Z-3-001.zip,miu-documentos,DATA-DOCS/miu-hml/documentos/144845/20110699/miuDocumento_996740_Class8_JenniferGaston-20251228T063949Z-3-001.zip,Y,200,
996742,https://miu-documentos.s3.us-west-2.amazonaws.com/DATA-DOCS/miu-hml/documentos/144845/20110699/miuDocumento_996742_Class10_PunchIt-20251228T064000Z-3-001.zip,miu-documentos,DATA-DOCS/miu-hml/documentos/144845/20110699/miuDocumento_996742_Class10_PunchIt-20251228T064000Z-3-001.zip,Y,200,
996752,https://miu-documentos.s3.us-west-2.amazonaws.com/DATA-DOCS/miu-hml/documentos/144845/20110699/miuDocumento_996752_Class20_CherrilFarnsworth-FinalExam--20251228T064205Z-3-001.zip,miu-documentos,DATA-DOCS/miu-hml/documentos/144845/20110699/miuDocumento_996752_Class20_CherrilFarnsworth-FinalExam--20251228T064205Z-3-001.zip,Y,200,
996941,https://miu-documentos.s3.us-west-2.amazonaws.com/DATA-DOCS/miu-hml/documentos/143722/23820040/miuDocumento_996940_Metabolismo.JeffHardinGregoryBertoni-Becker_sWorldoftheCell-Pearson2018.pdf,miu-documentos,DATA-DOCS/miu-hml/documentos/143722/23820040/miuDocumento_996940_Metabolismo.JeffHardinGregoryBertoni-Becker_sWorldoftheCell-Pearson2018.pdf,Y,200,
996942,https://miu-documentos.s3.us-west-2.amazonaws.com/DATA-DOCS/miu-hml/documentos/143721/23820040/miuDocumento_996940_Metabolismo.JeffHardinGregoryBertoni-Becker_sWorldoftheCell-Pearson2018.pdf,miu-documentos,DATA-DOCS/miu-hml/documentos/143721/23820040/miuDocumento_996940_Metabolismo.JeffHardinGregoryBertoni-Becker_sWorldoftheCell-Pearson2018.pdf,Y,200,
996943,https://miu-documentos.s3.us-west-2.amazonaws.com/DATA-DOCS/miu-hml/documentos/143720/23820040/miuDocumento_996943_Bioenerge_tica1.JeffHardinGregoryBertoni-Becker_sWorldoftheCell-Pearson2018.pdf,miu-documentos,DATA-DOCS/miu-hml/documentos/143720/23820040/miuDocumento_996943_Bioenerge_tica1.JeffHardinGregoryBertoni-Becker_sWorldoftheCell-Pearson2018.pdf,Y,200,
996940,https://miu-documentos.s3.us-west-2.amazonaws.com/DATA-DOCS/miu-hml/documentos/143720/23820040/miuDocumento_996940_Metabolismo.JeffHardinGregoryBertoni-Becker_sWorldoftheCell-Pearson2018.pdf,miu-documentos,DATA-DOCS/miu-hml/documentos/143720/23820040/miuDocumento_996940_Metabolismo.JeffHardinGregoryBertoni-Becker_sWorldoftheCell-Pearson2018.pdf,Y,200,
996944,https://miu-documentos.s3.us-west-2.amazonaws.com/DATA-DOCS/miu-hml/documentos/143722/23820040/miuDocumento_996943_Bioenerge_tica1.JeffHardinGregoryBertoni-Becker_sWorldoftheCell-Pearson2018.pdf,miu-documentos,DATA-DOCS/miu-hml/documentos/143722/23820040/miuDocumento_996943_Bioenerge_tica1.JeffHardinGregoryBertoni-Becker_sWorldoftheCell-Pearson2018.pdf,Y,200,
996945,https://miu-documentos.s3.us-west-2.amazonaws.com/DATA-DOCS/miu-hml/documentos/143721/23820040/miuDocumento_996943_Bioenerge_tica1.JeffHardinGregoryBertoni-Becker_sWorldoftheCell-Pearson2018.pdf,miu-documentos,DATA-DOCS/miu-hml/documentos/143721/23820040/miuDocumento_996943_Bioenerge_tica1.JeffHardinGregoryBertoni-Becker_sWorldoftheCell-Pearson2018.pdf,Y,200,
997167,https://miu-documentos.s3.us-west-2.amazonaws.com/DATA-DOCS/miu-hml/documentos/144518/20180989/miuDocumento_997167_3.Micklethwait.Cap.2.pdf,miu-documentos,DATA-DOCS/miu-hml/documentos/144518/20180989/miuDocumento_997167_3.Micklethwait.Cap.2.pdf,Y,200,
997168,https://miu-documentos.s3.us-west-2.amazonaws.com/DATA-DOCS/miu-hml/documentos/144519/20180989/miuDocumento_997167_3.Micklethwait.Cap.2.pdf,miu-documentos,DATA-DOCS/miu-hml/documentos/144519/20180989/miuDocumento_997167_3.Micklethwait.Cap.2.pdf,Y,200,
997169,https://miu-documentos.s3.us-west-2.amazonaws.com/DATA-DOCS/miu-hml/documentos/144518/20180989/miuDocumento_997169_4.Micklethwait.Cap.3.pdf,miu-documentos,DATA-DOCS/miu-hml/documentos/144518/20180989/miuDocumento_997169_4.Micklethwait.Cap.3.pdf,Y,200,
995586,https://miu-documentos.s3.us-west-2.amazonaws.com/DATA-DOCS/miu-hml/documentos/133129/20090970/miuDocumento_923282_JacquesMaritain-ElhombreyelEstado_958612_995586.pdf,miu-documentos,DATA-DOCS/miu-hml/documentos/133129/20090970/miuDocumento_923282_JacquesMaritain-ElhombreyelEstado_958612_995586.pdf,Y,200,
995590,https://miu-documentos.s3.us-west-2.amazonaws.com/DATA-DOCS/miu-hml/documentos/133129/20090970/miuDocumento_923286_Mises-Liberalismo_958616_995590.pdf,miu-documentos,DATA-DOCS/miu-hml/documentos/133129/20090970/miuDocumento_923286_Mises-Liberalismo_958616_995590.pdf,Y,200,
995592,https://miu-documentos.s3.us-west-2.amazonaws.com/DATA-DOCS/miu-hml/documentos/133129/20090970/miuDocumento_923288_Hayek-Nuestraherenciamoral_958618_995592.pdf,miu-documentos,DATA-DOCS/miu-hml/documentos/133129/20090970/miuDocumento_923288_Hayek-Nuestraherenciamoral_958618_995592.pdf,Y,200,
995594,https://miu-documentos.s3.us-west-2.amazonaws.com/DATA-DOCS/miu-hml/documentos/138518/20090970/miuDocumento_958621_Etica-J_995594.L,miu-documentos,DATA-DOCS/miu-hml/documentos/138518/20090970/miuDocumento_958621_Etica-J_995594.L,Y,200,
995596,https://miu-documentos.s3.us-west-2.amazonaws.com/DATA-DOCS/miu-hml/documentos/138518/20090970/miuDocumento_972757_Antropologiadelcapitalismo-Termes_995596.pdf,miu-documentos,DATA-DOCS/miu-hml/documentos/138518/20090970/miuDocumento_972757_Antropologiadelcapitalismo-Termes_995596.pdf,Y,200,
995598,https://miu-documentos.s3.us-west-2.amazonaws.com/DATA-DOCS/miu-hml/documentos/138518/20090970/miuDocumento_972758_J_995598.S,miu-documentos,DATA-DOCS/miu-hml/documentos/138518/20090970/miuDocumento_972758_J_995598.S,Y,200,
995600,https://miu-documentos.s3.us-west-2.amazonaws.com/DATA-DOCS/miu-hml/documentos/138518/20090970/miuDocumento_974463_fundamentos-de-la-moral_995600.pdf,miu-documentos,DATA-DOCS/miu-hml/documentos/138518/20090970/miuDocumento_974463_fundamentos-de-la-moral_995600.pdf,Y,200,
995706,https://miu-documentos.s3.us-west-2.amazonaws.com/DATA-DOCS/miu-hml/documentos/143595/20040100/miuDocumento_995706_FormatodeConsejeriaGenetica.docx,miu-documentos,DATA-DOCS/miu-hml/documentos/143595/20040100/miuDocumento_995706_FormatodeConsejeriaGenetica.docx,Y,200,
995707,https://miu-documentos.s3.us-west-2.amazonaws.com/DATA-DOCS/miu-hml/documentos/143595/20040100/miuDocumento_995706_FormatodeConsejeriaGenetica.docx,miu-documentos,DATA-DOCS/miu-hml/documentos/143595/20040100/miuDocumento_995706_FormatodeConsejeriaGenetica.docx,Y,200,
995708,https://miu-documentos.s3.us-west-2.amazonaws.com/DATA-DOCS/miu-hml/documentos/143595/20040100/miuDocumento_995706_FormatodeConsejeriaGenetica.docx,miu-documentos,DATA-DOCS/miu-hml/documentos/143595/20040100/miuDocumento_995706_FormatodeConsejeriaGenetica.docx,Y,200,
995710,https://miu-documentos.s3.us-west-2.amazonaws.com/DATA-DOCS/miu-hml/documentos/143595/20040100/miuDocumento_995706_FormatodeConsejeriaGenetica.docx,miu-documentos,DATA-DOCS/miu-hml/documentos/143595/20040100/miuDocumento_995706_FormatodeConsejeriaGenetica.docx,Y,200,
995711,https://miu-documentos.s3.us-west-2.amazonaws.com/DATA-DOCS/miu-hml/documentos/143595/20040100/miuDocumento_995706_FormatodeConsejeriaGenetica.docx,miu-documentos,DATA-DOCS/miu-hml/documentos/143595/20040100/miuDocumento_995706_FormatodeConsejeriaGenetica.docx,Y,200,
995712,https://miu-documentos.s3.us-west-2.amazonaws.com/DATA-DOCS/miu-hml/documentos/143595/20040100/miuDocumento_995706_FormatodeConsejeriaGenetica.docx,miu-documentos,DATA-DOCS/miu-hml/documentos/143595/20040100/miuDocumento_995706_FormatodeConsejeriaGenetica.docx,Y,200,
995783,https://miu-documentos.s3.us-west-2.amazonaws.com/DATA-DOCS/miu-hml/documentos/143595/20040100/miuDocumento_995783_H5.SindromesdeGenesContinuos.pdf,miu-documentos,DATA-DOCS/miu-hml/documentos/143595/20040100/miuDocumento_995783_H5.SindromesdeGenesContinuos.pdf,Y,200,
995784,https://miu-documentos.s3.us-west-2.amazonaws.com/DATA-DOCS/miu-hml/documentos/143595/20040100/miuDocumento_995783_H5.SindromesdeGenesContinuos.pptx,miu-documentos,DATA-DOCS/miu-hml/documentos/143595/20040100/miuDocumento_995783_H5.SindromesdeGenesContinuos.pptx,Y,200,
995785,https://miu-documentos.s3.us-west-2.amazonaws.com/DATA-DOCS/miu-hml/documentos/143595/20040100/miuDocumento_995783_H5.SindromesdeGenesContinuos.pptx,miu-documentos,DATA-DOCS/miu-hml/documentos/143595/20040100/miuDocumento_995783_H5.SindromesdeGenesContinuos.pptx,Y,200,
997170,https://miu-documentos.s3.us-west-2.amazonaws.com/DATA-DOCS/miu-hml/documentos/144519/20180989/miuDocumento_997169_4.Micklethwait.Cap.3.pdf,miu-documentos,DATA-DOCS/miu-hml/documentos/144519/20180989/miuDocumento_997169_4.Micklethwait.Cap.3.pdf,Y,200,
997195,https://miu-documentos.s3.us-west-2.amazonaws.com/DATA-DOCS/miu-hml/documentos/144544/20050380/miuDocumento_997195_2026_Cronogramadeactividades_II_Semestre_Oficiales_PNC.xlsx,miu-documentos,DATA-DOCS/miu-hml/documentos/144544/20050380/miuDocumento_997195_2026_Cronogramadeactividades_II_Semestre_Oficiales_PNC.xlsx,Y,200,
997223,https://miu-documentos.s3.us-west-2.amazonaws.com/DATA-DOCS/miu-hml/documentos/142915/20160894/miuDocumento_997223_miuDocumento_924800_schwartz-2008.pdf,miu-documentos,DATA-DOCS/miu-hml/documentos/142915/20160894/miuDocumento_997223_miuDocumento_924800_schwartz-2008.pdf,Y,200,
997224,https://miu-documentos.s3.us-west-2.amazonaws.com/DATA-DOCS/miu-hml/documentos/142916/20160894/miuDocumento_997223_miuDocumento_924800_schwartz-2008.pdf,miu-documentos,DATA-DOCS/miu-hml/documentos/142916/20160894/miuDocumento_997223_miuDocumento_924800_schwartz-2008.pdf,Y,200,
997225,https://miu-documentos.s3.us-west-2.amazonaws.com/DATA-DOCS/miu-hml/documentos/142915/20160894/miuDocumento_997225_Anteproyecto2026.docx,miu-documentos,DATA-DOCS/miu-hml/documentos/142915/20160894/miuDocumento_997225_Anteproyecto2026.docx,Y,200,
997226,https://miu-documentos.s3.us-west-2.amazonaws.com/DATA-DOCS/miu-hml/documentos/142916/20160894/miuDocumento_997225_Anteproyecto2026.docx,miu-documentos,DATA-DOCS/miu-hml/documentos/142916/20160894/miuDocumento_997225_Anteproyecto2026.docx,Y,200,
997229,https://miu-documentos.s3.us-west-2.amazonaws.com/DATA-DOCS/miu-hml/documentos/143476/20180479/miuDocumento_997229_InstruccionestareasyexamenesCom.yEE202601.pdf,miu-documentos,DATA-DOCS/miu-hml/documentos/143476/20180479/miuDocumento_997229_InstruccionestareasyexamenesCom.yEE202601.pdf,Y,200,
997257,https://miu-documentos.s3.us-west-2.amazonaws.com/DATA-DOCS/miu-hml/documentos/144630/26910098/miuDocumento_997257_Programa_Contabilidad_Financiera_LLM.pdf,miu-documentos,DATA-DOCS/miu-hml/documentos/144630/26910098/miuDocumento_997257_Programa_Contabilidad_Financiera_LLM.pdf,Y,200,
997274,https://miu-documentos.s3.us-west-2.amazonaws.com/DATA-DOCS/miu-hml/documentos/142918/12890465/miuDocumento_997274_ES.1.docx,miu-documentos,DATA-DOCS/miu-hml/documentos/142918/12890465/miuDocumento_997274_ES.1.docx,Y,200,
997277,https://miu-documentos.s3.us-west-2.amazonaws.com/DATA-DOCS/miu-hml/documentos/143253/20021249/miuDocumento_997277_01ReglasEvaluacionesFinanciera2025.pdf,miu-documentos,DATA-DOCS/miu-hml/documentos/143253/20021249/miuDocumento_997277_01ReglasEvaluacionesFinanciera2025.pdf,Y,200,
997280,https://miu-documentos.s3.us-west-2.amazonaws.com/DATA-DOCS/miu-hml/documentos/143767/20151104/miuDocumento_997280_HT1_Prerequisite_Foundations_Gastro_v32026.pdf,miu-documentos,DATA-DOCS/miu-hml/documentos/143767/20151104/miuDocumento_997280_HT1_Prerequisite_Foundations_Gastro_v32026.pdf,Y,200,
997281,https://miu-documentos.s3.us-west-2.amazonaws.com/DATA-DOCS/miu-hml/documentos/143766/20151104/miuDocumento_997280_HT1_Prerequisite_Foundations_Gastro_v32026.pdf,miu-documentos,DATA-DOCS/miu-hml/documentos/143766/20151104/miuDocumento_997280_HT1_Prerequisite_Foundations_Gastro_v32026.pdf,Y,200,
997544,https://miu-documentos.s3.us-west-2.amazonaws.com/DATA-DOCS/miu-hml/documentos/144723/21810012/miuDocumento_997544_CLO1Lecturaprincipal3ConsolidaciondelaAutonomiadelavoluntad1.pdf,miu-documentos,DATA-DOCS/miu-hml/documentos/144723/21810012/miuDocumento_997544_CLO1Lecturaprincipal3ConsolidaciondelaAutonomiadelavoluntad1.pdf,Y,200,
997599,https://miu-documentos.s3.us-west-2.amazonaws.com/DATA-DOCS/miu-hml/documentos/143292/20030596/miuDocumento_997599_ClaseNo1-2025.pptx,miu-documentos,DATA-DOCS/miu-hml/documentos/143292/20030596/miuDocumento_997599_ClaseNo1-2025.pptx,Y,200,
997733,https://miu-documentos.s3.us-west-2.amazonaws.com/DATA-DOCS/miu-hml/documentos/143567/20111005/miuDocumento_929988_pdfRubricaS2024_960622.pdf,miu-documentos,DATA-DOCS/miu-hml/documentos/143567/20111005/miuDocumento_929988_pdfRubricaS2024_960622.pdf,Y,200,
997734,https://miu-documentos.s3.us-west-2.amazonaws.com/DATA-DOCS/miu-hml/documentos/143567/20111005/miuDocumento_941498_declaracion-de-helsinki-de-la-amm-principios-eticos-para-las-investigaciones-medicas-en-seres-humanos-2_971300.pdf,miu-documentos,DATA-DOCS/miu-hml/documentos/143567/20111005/miuDocumento_941498_declaracion-de-helsinki-de-la-amm-principios-eticos-para-las-investigaciones-medicas-en-seres-humanos-2_971300.pdf,Y,200,
997735,https://miu-documentos.s3.us-west-2.amazonaws.com/DATA-DOCS/miu-hml/documentos/143567/20111005/miuDocumento_941499_NIVELESDEEVIDENCIAS2_946071_951425_971302.pdf,miu-documentos,DATA-DOCS/miu-hml/documentos/143567/20111005/miuDocumento_941499_NIVELESDEEVIDENCIAS2_946071_951425_971302.pdf,Y,200,
997736,https://miu-documentos.s3.us-west-2.amazonaws.com/DATA-DOCS/miu-hml/documentos/143567/20111005/miuDocumento_941513_FASESDEINVESTIGACION_960625.pdf,miu-documentos,DATA-DOCS/miu-hml/documentos/143567/20111005/miuDocumento_941513_FASESDEINVESTIGACION_960625.pdf,Y,200,
997737,https://miu-documentos.s3.us-west-2.amazonaws.com/DATA-DOCS/miu-hml/documentos/143567/20111005/miuDocumento_941519_Descriptive_971284.pdf,miu-documentos,DATA-DOCS/miu-hml/documentos/143567/20111005/miuDocumento_941519_Descriptive_971284.pdf,Y,200,
997757,https://miu-documentos.s3.us-west-2.amazonaws.com/DATA-DOCS/miu-hml/documentos/142908/20070140/miuDocumento_997757_2.Landman.IssuesandMethodsinComparativePolitics.pdf,miu-documentos,DATA-DOCS/miu-hml/documentos/142908/20070140/miuDocumento_997757_2.Landman.IssuesandMethodsinComparativePolitics.pdf,Y,200,
997765,https://miu-documentos.s3.us-west-2.amazonaws.com/DATA-DOCS/miu-hml/documentos/144605/20151049/miuDocumento_997765_ProgramaBusinessthroughtime2026.pdf,miu-documentos,DATA-DOCS/miu-hml/documentos/144605/20151049/miuDocumento_997765_ProgramaBusinessthroughtime2026.pdf,Y,200,
997768,https://miu-documentos.s3.us-west-2.amazonaws.com/DATA-DOCS/miu-hml/documentos/144092/12870542/miuDocumento_997768_260105-fundamentos-de-la-moral-Hazlitt.pdf,miu-documentos,DATA-DOCS/miu-hml/documentos/144092/12870542/miuDocumento_997768_260105-fundamentos-de-la-moral-Hazlitt.pdf,Y,200,
995786,https://miu-documentos.s3.us-west-2.amazonaws.com/DATA-DOCS/miu-hml/documentos/143595/20040100/miuDocumento_995783_H5.SindromesdeGenesContinuos.pptx,miu-documentos,DATA-DOCS/miu-hml/documentos/143595/20040100/miuDocumento_995783_H5.SindromesdeGenesContinuos.pptx,Y,200,
995787,https://miu-documentos.s3.us-west-2.amazonaws.com/DATA-DOCS/miu-hml/documentos/143595/20040100/miuDocumento_995783_H5.SindromesdeGenesContinuos.pptx,miu-documentos,DATA-DOCS/miu-hml/documentos/143595/20040100/miuDocumento_995783_H5.SindromesdeGenesContinuos.pptx,Y,200,
995788,https://miu-documentos.s3.us-west-2.amazonaws.com/DATA-DOCS/miu-hml/documentos/143595/20040100/miuDocumento_995783_H5.SindromesdeGenesContinuos.pptx,miu-documentos,DATA-DOCS/miu-hml/documentos/143595/20040100/miuDocumento_995783_H5.SindromesdeGenesContinuos.pptx,Y,200,
995789,https://miu-documentos.s3.us-west-2.amazonaws.com/DATA-DOCS/miu-hml/documentos/143595/20040100/miuDocumento_995783_H5.SindromesdeGenesContinuos.pptx,miu-documentos,DATA-DOCS/miu-hml/documentos/143595/20040100/miuDocumento_995783_H5.SindromesdeGenesContinuos.pptx,Y,200,
995790,https://miu-documentos.s3.us-west-2.amazonaws.com/DATA-DOCS/miu-hml/documentos/143595/20040100/miuDocumento_995790_H6.ExamenFisicoGenetico.pdf,miu-documentos,DATA-DOCS/miu-hml/documentos/143595/20040100/miuDocumento_995790_H6.ExamenFisicoGenetico.pdf,Y,200,
995791,https://miu-documentos.s3.us-west-2.amazonaws.com/DATA-DOCS/miu-hml/documentos/143595/20040100/miuDocumento_995790_H6.ExamenFisicoGenetico.pptx,miu-documentos,DATA-DOCS/miu-hml/documentos/143595/20040100/miuDocumento_995790_H6.ExamenFisicoGenetico.pptx,Y,200,
995792,https://miu-documentos.s3.us-west-2.amazonaws.com/DATA-DOCS/miu-hml/documentos/143595/20040100/miuDocumento_995790_H6.ExamenFisicoGenetico.pptx,miu-documentos,DATA-DOCS/miu-hml/documentos/143595/20040100/miuDocumento_995790_H6.ExamenFisicoGenetico.pptx,Y,200,
995793,https://miu-documentos.s3.us-west-2.amazonaws.com/DATA-DOCS/miu-hml/documentos/143595/20040100/miuDocumento_995790_H6.ExamenFisicoGenetico.pptx,miu-documentos,DATA-DOCS/miu-hml/documentos/143595/20040100/miuDocumento_995790_H6.ExamenFisicoGenetico.pptx,Y,200,
995794,https://miu-documentos.s3.us-west-2.amazonaws.com/DATA-DOCS/miu-hml/documentos/143595/20040100/miuDocumento_995790_H6.ExamenFisicoGenetico.pptx,miu-documentos,DATA-DOCS/miu-hml/documentos/143595/20040100/miuDocumento_995790_H6.ExamenFisicoGenetico.pptx,Y,200,
995795,https://miu-documentos.s3.us-west-2.amazonaws.com/DATA-DOCS/miu-hml/documentos/143595/20040100/miuDocumento_995790_H6.ExamenFisicoGenetico.pptx,miu-documentos,DATA-DOCS/miu-hml/documentos/143595/20040100/miuDocumento_995790_H6.ExamenFisicoGenetico.pptx,Y,200,
995796,https://miu-documentos.s3.us-west-2.amazonaws.com/DATA-DOCS/miu-hml/documentos/143595/20040100/miuDocumento_995790_H6.ExamenFisicoGenetico.pptx,miu-documentos,DATA-DOCS/miu-hml/documentos/143595/20040100/miuDocumento_995790_H6.ExamenFisicoGenetico.pptx,Y,200,
995844,https://miu-documentos.s3.us-west-2.amazonaws.com/DATA-DOCS/miu-hml/documentos/143584/20040100/miuDocumento_995844_5.GWAS.pdf,miu-documentos,DATA-DOCS/miu-hml/documentos/143584/20040100/miuDocumento_995844_5.GWAS.pdf,Y,200,
995845,https://miu-documentos.s3.us-west-2.amazonaws.com/DATA-DOCS/miu-hml/documentos/143584/20040100/miuDocumento_995845_6.Farmacogenomica.pdf,miu-documentos,DATA-DOCS/miu-hml/documentos/143584/20040100/miuDocumento_995845_6.Farmacogenomica.pdf,Y,200,
995846,https://miu-documentos.s3.us-west-2.amazonaws.com/DATA-DOCS/miu-hml/documentos/143584/20040100/miuDocumento_995846_7.Epigenomica.pdf,miu-documentos,DATA-DOCS/miu-hml/documentos/143584/20040100/miuDocumento_995846_7.Epigenomica.pdf,Y,200,
995847,https://miu-documentos.s3.us-west-2.amazonaws.com/DATA-DOCS/miu-hml/documentos/143584/20040100/miuDocumento_995847_8.Transcriptomica.pdf,miu-documentos,DATA-DOCS/miu-hml/documentos/143584/20040100/miuDocumento_995847_8.Transcriptomica.pdf,Y,200,
995927,https://miu-documentos.s3.us-west-2.amazonaws.com/DATA-DOCS/miu-hml/documentos/143583/20040100/miuDocumento_995927_4.ReferenceDatabasesforDiseaseAssociations.pdf,miu-documentos,DATA-DOCS/miu-hml/documentos/143583/20040100/miuDocumento_995927_4.ReferenceDatabasesforDiseaseAssociations.pdf,Y,200,
995928,https://miu-documentos.s3.us-west-2.amazonaws.com/DATA-DOCS/miu-hml/documentos/143583/20040100/miuDocumento_995927_4.ReferenceDatabasesforDiseaseAssociations.pdf,miu-documentos,DATA-DOCS/miu-hml/documentos/143583/20040100/miuDocumento_995927_4.ReferenceDatabasesforDiseaseAssociations.pdf,Y,200,
995929,https://miu-documentos.s3.us-west-2.amazonaws.com/DATA-DOCS/miu-hml/documentos/143583/20040100/miuDocumento_995927_4.ReferenceDatabasesforDiseaseAssociations.pdf,miu-documentos,DATA-DOCS/miu-hml/documentos/143583/20040100/miuDocumento_995927_4.ReferenceDatabasesforDiseaseAssociations.pdf,Y,200,
995930,https://miu-documentos.s3.us-west-2.amazonaws.com/DATA-DOCS/miu-hml/documentos/143583/20040100/miuDocumento_995927_4.ReferenceDatabasesforDiseaseAssociations.pdf,miu-documentos,DATA-DOCS/miu-hml/documentos/143583/20040100/miuDocumento_995927_4.ReferenceDatabasesforDiseaseAssociations.pdf,Y,200,
995931,https://miu-documentos.s3.us-west-2.amazonaws.com/DATA-DOCS/miu-hml/documentos/143583/20040100/miuDocumento_995927_4.ReferenceDatabasesforDiseaseAssociations.pdf,miu-documentos,DATA-DOCS/miu-hml/documentos/143583/20040100/miuDocumento_995927_4.ReferenceDatabasesforDiseaseAssociations.pdf,Y,200,
995683,https://miu-documentos.s3.us-west-2.amazonaws.com/DATA-DOCS/miu-hml/documentos/139019/20040100/miuDocumento_958882_RiskAssesmentandGeneticCounseling_995683.pdf,miu-documentos,DATA-DOCS/miu-hml/documentos/139019/20040100/miuDocumento_958882_RiskAssesmentandGeneticCounseling_995683.pdf,Y,200,
995668,"https://miu-documentos.s3.us-west-2.amazonaws.com/DATA-DOCS/miu-hml/documentos/139019/20040100/miuDocumento_958862_ThompsonThompson,Ch7-PatternsofInheritance_995668.pdf",miu-documentos,"DATA-DOCS/miu-hml/documentos/139019/20040100/miuDocumento_958862_ThompsonThompson,Ch7-PatternsofInheritance_995668.pdf",Y,200,
997779,https://miu-documentos.s3.us-west-2.amazonaws.com/DATA-DOCS/miu-hml/documentos/144605/20151049/miuDocumento_997779_Ashton.Larevolucinindustrial1760-1830.pdf,miu-documentos,DATA-DOCS/miu-hml/documentos/144605/20151049/miuDocumento_997779_Ashton.Larevolucinindustrial1760-1830.pdf,Y,200,
997785,https://miu-documentos.s3.us-west-2.amazonaws.com/DATA-DOCS/miu-hml/documentos/144092/12870542/miuDocumento_997785_250105-florecimiento-racionalidad-honestidad-independencia-Orbaugh.pdf,miu-documentos,DATA-DOCS/miu-hml/documentos/144092/12870542/miuDocumento_997785_250105-florecimiento-racionalidad-honestidad-independencia-Orbaugh.pdf,Y,200,
997789,https://miu-documentos.s3.us-west-2.amazonaws.com/DATA-DOCS/miu-hml/documentos/144092/12870542/miuDocumento_997789_260105-alegoria-de-la-caverna-Platon.pdf,miu-documentos,DATA-DOCS/miu-hml/documentos/144092/12870542/miuDocumento_997789_260105-alegoria-de-la-caverna-Platon.pdf,Y,200,
997827,https://miu-documentos.s3.us-west-2.amazonaws.com/DATA-DOCS/miu-hml/documentos/143342/16860249/miuDocumento_997827_DeclaracindeindependenciadelosEUA.pdf,miu-documentos,DATA-DOCS/miu-hml/documentos/143342/16860249/miuDocumento_997827_DeclaracindeindependenciadelosEUA.pdf,Y,200,
997875,https://miu-documentos.s3.us-west-2.amazonaws.com/DATA-DOCS/miu-hml/documentos/143335/20160857/miuDocumento_713914_TiposdeCamaras_774266_900427.docx,miu-documentos,DATA-DOCS/miu-hml/documentos/143335/20160857/miuDocumento_713914_TiposdeCamaras_774266_900427.docx,Y,200,
997876,https://miu-documentos.s3.us-west-2.amazonaws.com/DATA-DOCS/miu-hml/documentos/143335/20160857/miuDocumento_735746_fichatecnicaparafotos_774272_900428.xlsx,miu-documentos,DATA-DOCS/miu-hml/documentos/143335/20160857/miuDocumento_735746_fichatecnicaparafotos_774272_900428.xlsx,Y,200,
997877,https://miu-documentos.s3.us-west-2.amazonaws.com/DATA-DOCS/miu-hml/documentos/143335/20160857/miuDocumento_713918_Aperturadediafragma_774267_900429.docx,miu-documentos,DATA-DOCS/miu-hml/documentos/143335/20160857/miuDocumento_713918_Aperturadediafragma_774267_900429.docx,Y,200,
997878,https://miu-documentos.s3.us-west-2.amazonaws.com/DATA-DOCS/miu-hml/documentos/143335/20160857/miuDocumento_713920_Comomedirlaluz_774268_900430.docx,miu-documentos,DATA-DOCS/miu-hml/documentos/143335/20160857/miuDocumento_713920_Comomedirlaluz_774268_900430.docx,Y,200,
997879,https://miu-documentos.s3.us-west-2.amazonaws.com/DATA-DOCS/miu-hml/documentos/143335/20160857/miuDocumento_713922_Distanciafocal_774269_900431.docx,miu-documentos,DATA-DOCS/miu-hml/documentos/143335/20160857/miuDocumento_713922_Distanciafocal_774269_900431.docx,Y,200,
997880,https://miu-documentos.s3.us-west-2.amazonaws.com/DATA-DOCS/miu-hml/documentos/143335/20160857/miuDocumento_713924_Elobjetivoolentealumnos_774270_900432.docx,miu-documentos,DATA-DOCS/miu-hml/documentos/143335/20160857/miuDocumento_713924_Elobjetivoolentealumnos_774270_900432.docx,Y,200,
997881,https://miu-documentos.s3.us-west-2.amazonaws.com/DATA-DOCS/miu-hml/documentos/143335/20160857/miuDocumento_713926_ISO_774271_900433.docx,miu-documentos,DATA-DOCS/miu-hml/documentos/143335/20160857/miuDocumento_713926_ISO_774271_900433.docx,Y,200,
997933,https://miu-documentos.s3.us-west-2.amazonaws.com/DATA-DOCS/miu-hml/documentos/143873/20170280/miuDocumento_997933_Tarea12-Lmites.pdf,miu-documentos,DATA-DOCS/miu-hml/documentos/143873/20170280/miuDocumento_997933_Tarea12-Lmites.pdf,Y,200,
997934,https://miu-documentos.s3.us-west-2.amazonaws.com/DATA-DOCS/miu-hml/documentos/143874/20170280/miuDocumento_997933_Tarea12-Lmites.pdf,miu-documentos,DATA-DOCS/miu-hml/documentos/143874/20170280/miuDocumento_997933_Tarea12-Lmites.pdf,Y,200,
997935,https://miu-documentos.s3.us-west-2.amazonaws.com/DATA-DOCS/miu-hml/documentos/143875/20170280/miuDocumento_997933_Tarea12-Lmites.pdf,miu-documentos,DATA-DOCS/miu-hml/documentos/143875/20170280/miuDocumento_997933_Tarea12-Lmites.pdf,Y,200,
997939,https://miu-documentos.s3.us-west-2.amazonaws.com/DATA-DOCS/miu-hml/documentos/143376/20130088/miuDocumento_997939_CalendarioLecturas_2026.pdf,miu-documentos,DATA-DOCS/miu-hml/documentos/143376/20130088/miuDocumento_997939_CalendarioLecturas_2026.pdf,Y,200,
997980,https://miu-documentos.s3.us-west-2.amazonaws.com/DATA-DOCS/miu-hml/documentos/143736/20090036/miuDocumento_997980_1.Copinganddefense-Whatsthedifference.pdf,miu-documentos,DATA-DOCS/miu-hml/documentos/143736/20090036/miuDocumento_997980_1.Copinganddefense-Whatsthedifference.pdf,Y,200,
997961,https://miu-documentos.s3.us-west-2.amazonaws.com/DATA-DOCS/miu-hml/documentos/143257/20060096/miuDocumento_997961_04EstructuraOptimadeCapital2026.pdf,miu-documentos,DATA-DOCS/miu-hml/documentos/143257/20060096/miuDocumento_997961_04EstructuraOptimadeCapital2026.pdf,Y,200,
997981,https://miu-documentos.s3.us-west-2.amazonaws.com/DATA-DOCS/miu-hml/documentos/143738/20090036/miuDocumento_997980_1.Copinganddefense-Whatsthedifference.pdf,miu-documentos,DATA-DOCS/miu-hml/documentos/143738/20090036/miuDocumento_997980_1.Copinganddefense-Whatsthedifference.pdf,Y,200,
997982,https://miu-documentos.s3.us-west-2.amazonaws.com/DATA-DOCS/miu-hml/documentos/143737/20090036/miuDocumento_997980_1.Copinganddefense-Whatsthedifference.pdf,miu-documentos,DATA-DOCS/miu-hml/documentos/143737/20090036/miuDocumento_997980_1.Copinganddefense-Whatsthedifference.pdf,Y,200,
998052,https://miu-documentos.s3.us-west-2.amazonaws.com/DATA-DOCS/miu-hml/documentos/143357/20180067/miuDocumento_998052_Programa_IO1_2025_act.pdf,miu-documentos,DATA-DOCS/miu-hml/documentos/143357/20180067/miuDocumento_998052_Programa_IO1_2025_act.pdf,Y,200,
998123,https://miu-documentos.s3.us-west-2.amazonaws.com/DATA-DOCS/miu-hml/documentos/142833/20080073/miuDocumento_998123_PATOLOGIAORALIII2026GUIADETRABAJO.pdf,miu-documentos,DATA-DOCS/miu-hml/documentos/142833/20080073/miuDocumento_998123_PATOLOGIAORALIII2026GUIADETRABAJO.pdf,Y,200,
998161,https://miu-documentos.s3.us-west-2.amazonaws.com/DATA-DOCS/miu-hml/documentos/143710/20050380/miuDocumento_998161_ClaseIntroductoria.pdf,miu-documentos,DATA-DOCS/miu-hml/documentos/143710/20050380/miuDocumento_998161_ClaseIntroductoria.pdf,Y,200,
998173,https://miu-documentos.s3.us-west-2.amazonaws.com/DATA-DOCS/miu-hml/documentos/144259/20040057/miuDocumento_998173_01ReglasEvaluacionesFinanciera2026VF.pdf,miu-documentos,DATA-DOCS/miu-hml/documentos/144259/20040057/miuDocumento_998173_01ReglasEvaluacionesFinanciera2026VF.pdf,Y,200,
998174,https://miu-documentos.s3.us-west-2.amazonaws.com/DATA-DOCS/miu-hml/documentos/143256/20040057/miuDocumento_998173_01ReglasEvaluacionesFinanciera2026VF.pdf,miu-documentos,DATA-DOCS/miu-hml/documentos/143256/20040057/miuDocumento_998173_01ReglasEvaluacionesFinanciera2026VF.pdf,Y,200,
995385,https://miu-documentos.s3.us-west-2.amazonaws.com/DATA-DOCS/miu-hml/documentos/143023/20241404/miuDocumento_995385_3.InstruccionesPresentacionBuenasPracticasEmpresarialesPE2026.pdf,miu-documentos,DATA-DOCS/miu-hml/documentos/143023/20241404/miuDocumento_995385_3.InstruccionesPresentacionBuenasPracticasEmpresarialesPE2026.pdf,Y,200,
995398,https://miu-documentos.s3.us-west-2.amazonaws.com/DATA-DOCS/miu-hml/documentos/143253/20021249/miuDocumento_995398_02-CostodeCapital-2024.pdf,miu-documentos,DATA-DOCS/miu-hml/documentos/143253/20021249/miuDocumento_995398_02-CostodeCapital-2024.pdf,Y,200,
995681,https://miu-documentos.s3.us-west-2.amazonaws.com/DATA-DOCS/miu-hml/documentos/139019/20040100/miuDocumento_958850_GrowthCharts_995681.pdf,miu-documentos,DATA-DOCS/miu-hml/documentos/139019/20040100/miuDocumento_958850_GrowthCharts_995681.pdf,Y,200,
995709,https://miu-documentos.s3.us-west-2.amazonaws.com/DATA-DOCS/miu-hml/documentos/143595/20040100/miuDocumento_995706_FormatodeConsejeriaGenetica.docx,miu-documentos,DATA-DOCS/miu-hml/documentos/143595/20040100/miuDocumento_995706_FormatodeConsejeriaGenetica.docx,Y,200,
995418,https://miu-documentos.s3.us-west-2.amazonaws.com/DATA-DOCS/miu-hml/documentos/118238/20150864/miuDocumento_813507_RUBRICADEREVISIONBIBLIOGRAFICAYPRESENTACIONORALMiU_855149_959084_995418.pdf,miu-documentos,DATA-DOCS/miu-hml/documentos/118238/20150864/miuDocumento_813507_RUBRICADEREVISIONBIBLIOGRAFICAYPRESENTACIONORALMiU_855149_959084_995418.pdf,Y,200,
995582,https://miu-documentos.s3.us-west-2.amazonaws.com/DATA-DOCS/miu-hml/documentos/133129/20090970/miuDocumento_923276_ThomasHobbes-Leviatan_958606_995582.pdf,miu-documentos,DATA-DOCS/miu-hml/documentos/133129/20090970/miuDocumento_923276_ThomasHobbes-Leviatan_958606_995582.pdf,Y,200,
995570,https://miu-documentos.s3.us-west-2.amazonaws.com/DATA-DOCS/miu-hml/documentos/133129/20090970/miuDocumento_923263_Seneca-EpistolasmoralesaLucilio_958594_995570.pdf,miu-documentos,DATA-DOCS/miu-hml/documentos/133129/20090970/miuDocumento_923263_Seneca-EpistolasmoralesaLucilio_958594_995570.pdf,Y,200,
995365,https://miu-documentos.s3.us-west-2.amazonaws.com/DATA-DOCS/miu-hml/documentos/124795/20010364/miuDocumento_871217_FormatobasicovacioCOMITEETICAUFM_917189_981683_995365.docx,miu-documentos,DATA-DOCS/miu-hml/documentos/124795/20010364/miuDocumento_871217_FormatobasicovacioCOMITEETICAUFM_917189_981683_995365.docx,Y,200,
996289,https://miu-documentos.s3.us-west-2.amazonaws.com/DATA-DOCS/miu-hml/documentos/143709/20150601/miuDocumento_996289_miuDocumento_923344_DocumentoDelDiaPdf_959756.pdf,miu-documentos,DATA-DOCS/miu-hml/documentos/143709/20150601/miuDocumento_996289_miuDocumento_923344_DocumentoDelDiaPdf_959756.pdf,Y,200,
996395,https://miu-documentos.s3.us-west-2.amazonaws.com/DATA-DOCS/miu-hml/documentos/144708/20180351/miuDocumento_996395_5.US-NSC-68.pdf,miu-documentos,DATA-DOCS/miu-hml/documentos/144708/20180351/miuDocumento_996395_5.US-NSC-68.pdf,Y,200,
996414,https://miu-documentos.s3.us-west-2.amazonaws.com/DATA-DOCS/miu-hml/documentos/144708/20180351/miuDocumento_996414_23.NATOTreaty.pdf,miu-documentos,DATA-DOCS/miu-hml/documentos/144708/20180351/miuDocumento_996414_23.NATOTreaty.pdf,Y,200,
996962,https://miu-documentos.s3.us-west-2.amazonaws.com/DATA-DOCS/miu-hml/documentos/143721/23820040/miuDocumento_996962_BIOMOLE_CULAS-2018.pdf,miu-documentos,DATA-DOCS/miu-hml/documentos/143721/23820040/miuDocumento_996962_BIOMOLE_CULAS-2018.pdf,Y,200,
996963,https://miu-documentos.s3.us-west-2.amazonaws.com/DATA-DOCS/miu-hml/documentos/143722/23820040/miuDocumento_996962_BIOMOLE_CULAS-2018.pdf,miu-documentos,DATA-DOCS/miu-hml/documentos/143722/23820040/miuDocumento_996962_BIOMOLE_CULAS-2018.pdf,Y,200,
997006,https://miu-documentos.s3.us-west-2.amazonaws.com/DATA-DOCS/miu-hml/documentos/143720/23820040/miuDocumento_997006_MitochondriaJeffHardinGregoryBertoni-Becker_sWorldoftheCell-Pearson2018.pdf,miu-documentos,DATA-DOCS/miu-hml/documentos/143720/23820040/miuDocumento_997006_MitochondriaJeffHardinGregoryBertoni-Becker_sWorldoftheCell-Pearson2018.pdf,Y,200,
997007,https://miu-documentos.s3.us-west-2.amazonaws.com/DATA-DOCS/miu-hml/documentos/143722/23820040/miuDocumento_997006_MitochondriaJeffHardinGregoryBertoni-Becker_sWorldoftheCell-Pearson2018.pdf,miu-documentos,DATA-DOCS/miu-hml/documentos/143722/23820040/miuDocumento_997006_MitochondriaJeffHardinGregoryBertoni-Becker_sWorldoftheCell-Pearson2018.pdf,Y,200,
997008,https://miu-documentos.s3.us-west-2.amazonaws.com/DATA-DOCS/miu-hml/documentos/143721/23820040/miuDocumento_997006_MitochondriaJeffHardinGregoryBertoni-Becker_sWorldoftheCell-Pearson2018.pdf,miu-documentos,DATA-DOCS/miu-hml/documentos/143721/23820040/miuDocumento_997006_MitochondriaJeffHardinGregoryBertoni-Becker_sWorldoftheCell-Pearson2018.pdf,Y,200,
997015,https://miu-documentos.s3.us-west-2.amazonaws.com/DATA-DOCS/miu-hml/documentos/143720/23820040/miuDocumento_997015_nu_cleo.9aed.2018.JeffHardinGregoryBertoni-Becker_sWorldoftheCell-Pearson2018.pdf,miu-documentos,DATA-DOCS/miu-hml/documentos/143720/23820040/miuDocumento_997015_nu_cleo.9aed.2018.JeffHardinGregoryBertoni-Becker_sWorldoftheCell-Pearson2018.pdf,Y,200,
997016,https://miu-documentos.s3.us-west-2.amazonaws.com/DATA-DOCS/miu-hml/documentos/143722/23820040/miuDocumento_997015_nu_cleo.9aed.2018.JeffHardinGregoryBertoni-Becker_sWorldoftheCell-Pearson2018.pdf,miu-documentos,DATA-DOCS/miu-hml/documentos/143722/23820040/miuDocumento_997015_nu_cleo.9aed.2018.JeffHardinGregoryBertoni-Becker_sWorldoftheCell-Pearson2018.pdf,Y,200,
997017,https://miu-documentos.s3.us-west-2.amazonaws.com/DATA-DOCS/miu-hml/documentos/143721/23820040/miuDocumento_997015_nu_cleo.9aed.2018.JeffHardinGregoryBertoni-Becker_sWorldoftheCell-Pearson2018.pdf,miu-documentos,DATA-DOCS/miu-hml/documentos/143721/23820040/miuDocumento_997015_nu_cleo.9aed.2018.JeffHardinGregoryBertoni-Becker_sWorldoftheCell-Pearson2018.pdf,Y,200,
997024,https://miu-documentos.s3.us-west-2.amazonaws.com/DATA-DOCS/miu-hml/documentos/143720/23820040/miuDocumento_997024_templates.transcripcio_nI.moldevs.codificante.9aed.JeffHardinGregoryBertoni-Becker_sWorldoftheCell-Pearson2018.pdf,miu-documentos,DATA-DOCS/miu-hml/documentos/143720/23820040/miuDocumento_997024_templates.transcripcio_nI.moldevs.codificante.9aed.JeffHardinGregoryBertoni-Becker_sWorldoftheCell-Pearson2018.pdf,Y,200,
997025,https://miu-documentos.s3.us-west-2.amazonaws.com/DATA-DOCS/miu-hml/documentos/143722/23820040/miuDocumento_997024_templates.transcripcio_nI.moldevs.codificante.9aed.JeffHardinGregoryBertoni-Becker_sWorldoftheCell-Pearson2018.pdf,miu-documentos,DATA-DOCS/miu-hml/documentos/143722/23820040/miuDocumento_997024_templates.transcripcio_nI.moldevs.codificante.9aed.JeffHardinGregoryBertoni-Becker_sWorldoftheCell-Pearson2018.pdf,Y,200,
997026,https://miu-documentos.s3.us-west-2.amazonaws.com/DATA-DOCS/miu-hml/documentos/143721/23820040/miuDocumento_997024_templates.transcripcio_nI.moldevs.codificante.9aed.JeffHardinGregoryBertoni-Becker_sWorldoftheCell-Pearson2018.pdf,miu-documentos,DATA-DOCS/miu-hml/documentos/143721/23820040/miuDocumento_997024_templates.transcripcio_nI.moldevs.codificante.9aed.JeffHardinGregoryBertoni-Becker_sWorldoftheCell-Pearson2018.pdf,Y,200,
997027,https://miu-documentos.s3.us-west-2.amazonaws.com/DATA-DOCS/miu-hml/documentos/143720/23820040/miuDocumento_997027_promotores.transcripcio_nI.unidadtranscrip.upstreamanddownstream.9aed.2018.JeffHardinGregoryBertoni-Becker_sWorldoftheCell-Pearson2018.pdf,miu-documentos,DATA-DOCS/miu-hml/documentos/143720/23820040/miuDocumento_997027_promotores.transcripcio_nI.unidadtranscrip.upstreamanddownstream.9aed.2018.JeffHardinGregoryBertoni-Becker_sWorldoftheCell-Pearson2018.pdf,Y,200,
995362,https://miu-documentos.s3.us-west-2.amazonaws.com/DATA-DOCS/miu-hml/documentos/124795/20010364/miuDocumento_870421_ManualdeProcedimientosdeOperacionEstandardelCIEIUFMHUEyanexos_924724_981675_995362.pdf,miu-documentos,DATA-DOCS/miu-hml/documentos/124795/20010364/miuDocumento_870421_ManualdeProcedimientosdeOperacionEstandardelCIEIUFMHUEyanexos_924724_981675_995362.pdf,Y,200,
995363,https://miu-documentos.s3.us-west-2.amazonaws.com/DATA-DOCS/miu-hml/documentos/141407/20010364/miuDocumento_990825_GuiaIntegralparalaPostulaciondeProyectosal_995363.pptx,miu-documentos,DATA-DOCS/miu-hml/documentos/141407/20010364/miuDocumento_990825_GuiaIntegralparalaPostulaciondeProyectosal_995363.pptx,Y,200,
995364,https://miu-documentos.s3.us-west-2.amazonaws.com/DATA-DOCS/miu-hml/documentos/141407/20010364/miuDocumento_981693_METODOLOGIADELAINVESTIGACIONLASRUTASCUANTITATIVACUALITATIVA_995364.pdf,miu-documentos,DATA-DOCS/miu-hml/documentos/141407/20010364/miuDocumento_981693_METODOLOGIADELAINVESTIGACIONLASRUTASCUANTITATIVACUALITATIVA_995364.pdf,Y,200,
995366,https://miu-documentos.s3.us-west-2.amazonaws.com/DATA-DOCS/documentos/2005/81859/La estructura de las revoluciones cientificas_924732_981677_995366. T,miu-documentos,DATA-DOCS/documentos/2005/81859/La estructura de las revoluciones cientificas_924732_981677_995366. T,Y,200,
995367,https://miu-documentos.s3.us-west-2.amazonaws.com/DATA-DOCS/miu-hml/documentos/132483/20010364/miuDocumento_922649_principles_981685_995367.pdf,miu-documentos,DATA-DOCS/miu-hml/documentos/132483/20010364/miuDocumento_922649_principles_981685_995367.pdf,Y,200,
995608,"https://miu-documentos.s3.us-west-2.amazonaws.com/DATA-DOCS/miu-hml/documentos/144646/20210445/miuDocumento_995608_LewinCachanosky-ValueandCapital_AustrianCapitalTheory,RetrospectandProspect.pdf",miu-documentos,"DATA-DOCS/miu-hml/documentos/144646/20210445/miuDocumento_995608_LewinCachanosky-ValueandCapital_AustrianCapitalTheory,RetrospectandProspect.pdf",Y,200,
995713,https://miu-documentos.s3.us-west-2.amazonaws.com/DATA-DOCS/miu-hml/documentos/143595/20040100/miuDocumento_995713_T1.AnomaliasMenores.pdf,miu-documentos,DATA-DOCS/miu-hml/documentos/143595/20040100/miuDocumento_995713_T1.AnomaliasMenores.pdf,Y,200,
995714,https://miu-documentos.s3.us-west-2.amazonaws.com/DATA-DOCS/miu-hml/documentos/143595/20040100/miuDocumento_995713_T1.AnomaliasMenores.pptx,miu-documentos,DATA-DOCS/miu-hml/documentos/143595/20040100/miuDocumento_995713_T1.AnomaliasMenores.pptx,Y,200,
995715,https://miu-documentos.s3.us-west-2.amazonaws.com/DATA-DOCS/miu-hml/documentos/143595/20040100/miuDocumento_995713_T1.AnomaliasMenores.pptx,miu-documentos,DATA-DOCS/miu-hml/documentos/143595/20040100/miuDocumento_995713_T1.AnomaliasMenores.pptx,Y,200,
995716,https://miu-documentos.s3.us-west-2.amazonaws.com/DATA-DOCS/miu-hml/documentos/143595/20040100/miuDocumento_995713_T1.AnomaliasMenores.pptx,miu-documentos,DATA-DOCS/miu-hml/documentos/143595/20040100/miuDocumento_995713_T1.AnomaliasMenores.pptx,Y,200,
995717,https://miu-documentos.s3.us-west-2.amazonaws.com/DATA-DOCS/miu-hml/documentos/143607/20040100/miuDocumento_995717_T1.AnomaliasMenores.pdf,miu-documentos,DATA-DOCS/miu-hml/documentos/143607/20040100/miuDocumento_995717_T1.AnomaliasMenores.pdf,Y,200,
995434,https://miu-documentos.s3.us-west-2.amazonaws.com/DATA-DOCS/miu-hml/documentos/136208/20090970/miuDocumento_944208_TheOriginsofTotalitarianism-Arendt_958663_980235_995434.pdf,miu-documentos,DATA-DOCS/miu-hml/documentos/136208/20090970/miuDocumento_944208_TheOriginsofTotalitarianism-Arendt_958663_980235_995434.pdf,Y,200,
995436,https://miu-documentos.s3.us-west-2.amazonaws.com/DATA-DOCS/miu-hml/documentos/136208/20090970/miuDocumento_944208_TheOriginsofTotalitarianism-Arendt_958663_980235_995436.pdf,miu-documentos,DATA-DOCS/miu-hml/documentos/136208/20090970/miuDocumento_944208_TheOriginsofTotalitarianism-Arendt_958663_980235_995436.pdf,Y,200,
998208,https://miu-documentos.s3.us-west-2.amazonaws.com/DATA-DOCS/miu-hml/documentos/143419/20041076/miuDocumento_958550_SeminariodeAdministracion2025-Programa(1)(2).docx,miu-documentos,DATA-DOCS/miu-hml/documentos/143419/20041076/miuDocumento_958550_SeminariodeAdministracion2025-Programa(1)(2).docx,Y,200,
998209,https://miu-documentos.s3.us-west-2.amazonaws.com/DATA-DOCS/miu-hml/documentos/143421/20041076/miuDocumento_958550_SeminariodeAdministracion2025-Programa(1)(2).docx,miu-documentos,DATA-DOCS/miu-hml/documentos/143421/20041076/miuDocumento_958550_SeminariodeAdministracion2025-Programa(1)(2).docx,Y,200,
998210,https://miu-documentos.s3.us-west-2.amazonaws.com/DATA-DOCS/miu-hml/documentos/143420/20041076/miuDocumento_958550_SeminariodeAdministracion2025-Programa(1)(2).docx,miu-documentos,DATA-DOCS/miu-hml/documentos/143420/20041076/miuDocumento_958550_SeminariodeAdministracion2025-Programa(1)(2).docx,Y,200,
998243,https://miu-documentos.s3.us-west-2.amazonaws.com/DATA-DOCS/miu-hml/documentos/143737/20190187/miuDocumento_998243_GruposPsicobiologiaISeccionB.pdf,miu-documentos,DATA-DOCS/miu-hml/documentos/143737/20190187/miuDocumento_998243_GruposPsicobiologiaISeccionB.pdf,Y,200,
995604,https://miu-documentos.s3.us-west-2.amazonaws.com/DATA-DOCS/miu-hml/documentos/144646/20210445/miuDocumento_995604_Wagner-CentralBankingandtheFed.pdf,miu-documentos,DATA-DOCS/miu-hml/documentos/144646/20210445/miuDocumento_995604_Wagner-CentralBankingandtheFed.pdf,Y,200,
995638,https://miu-documentos.s3.us-west-2.amazonaws.com/DATA-DOCS/miu-hml/documentos/143595/20040100/miuDocumento_995638_8.CasosClinicos-Genodermatosis.pdf,miu-documentos,DATA-DOCS/miu-hml/documentos/143595/20040100/miuDocumento_995638_8.CasosClinicos-Genodermatosis.pdf,Y,200,
995639,https://miu-documentos.s3.us-west-2.amazonaws.com/DATA-DOCS/miu-hml/documentos/143595/20040100/miuDocumento_995638_8.CasosClinicos-Genodermatosis.pdf,miu-documentos,DATA-DOCS/miu-hml/documentos/143595/20040100/miuDocumento_995638_8.CasosClinicos-Genodermatosis.pdf,Y,200,
995640,https://miu-documentos.s3.us-west-2.amazonaws.com/DATA-DOCS/miu-hml/documentos/143595/20040100/miuDocumento_995638_8.CasosClinicos-Genodermatosis.pdf,miu-documentos,DATA-DOCS/miu-hml/documentos/143595/20040100/miuDocumento_995638_8.CasosClinicos-Genodermatosis.pdf,Y,200,
995642,https://miu-documentos.s3.us-west-2.amazonaws.com/DATA-DOCS/miu-hml/documentos/143595/20040100/miuDocumento_995642_9.CasosClinicos-EIMs.pdf,miu-documentos,DATA-DOCS/miu-hml/documentos/143595/20040100/miuDocumento_995642_9.CasosClinicos-EIMs.pdf,Y,200,
995643,https://miu-documentos.s3.us-west-2.amazonaws.com/DATA-DOCS/miu-hml/documentos/143595/20040100/miuDocumento_995642_9.CasosClinicos-EIMs.pdf,miu-documentos,DATA-DOCS/miu-hml/documentos/143595/20040100/miuDocumento_995642_9.CasosClinicos-EIMs.pdf,Y,200,
995645,https://miu-documentos.s3.us-west-2.amazonaws.com/DATA-DOCS/miu-hml/documentos/143595/20040100/miuDocumento_995642_9.CasosClinicos-EIMs.pdf,miu-documentos,DATA-DOCS/miu-hml/documentos/143595/20040100/miuDocumento_995642_9.CasosClinicos-EIMs.pdf,Y,200,
995646,"https://miu-documentos.s3.us-west-2.amazonaws.com/DATA-DOCS/miu-hml/documentos/143595/20040100/miuDocumento_995646_10.Tamizajes,GeneticaClinica.pdf",miu-documentos,"DATA-DOCS/miu-hml/documentos/143595/20040100/miuDocumento_995646_10.Tamizajes,GeneticaClinica.pdf",Y,200,
995647,"https://miu-documentos.s3.us-west-2.amazonaws.com/DATA-DOCS/miu-hml/documentos/143595/20040100/miuDocumento_995646_10.Tamizajes,GeneticaClinica.pdf",miu-documentos,"DATA-DOCS/miu-hml/documentos/143595/20040100/miuDocumento_995646_10.Tamizajes,GeneticaClinica.pdf",Y,200,
995648,"https://miu-documentos.s3.us-west-2.amazonaws.com/DATA-DOCS/miu-hml/documentos/143595/20040100/miuDocumento_995646_10.Tamizajes,GeneticaClinica.pdf",miu-documentos,"DATA-DOCS/miu-hml/documentos/143595/20040100/miuDocumento_995646_10.Tamizajes,GeneticaClinica.pdf",Y,200,
995650,"https://miu-documentos.s3.us-west-2.amazonaws.com/DATA-DOCS/miu-hml/documentos/143595/20040100/miuDocumento_995650_ParticipacionenClase,GeneticaClinica.pdf",miu-documentos,"DATA-DOCS/miu-hml/documentos/143595/20040100/miuDocumento_995650_ParticipacionenClase,GeneticaClinica.pdf",Y,200,
995652,"https://miu-documentos.s3.us-west-2.amazonaws.com/DATA-DOCS/miu-hml/documentos/143595/20040100/miuDocumento_995650_ParticipacionenClase,GeneticaClinica.pdf",miu-documentos,"DATA-DOCS/miu-hml/documentos/143595/20040100/miuDocumento_995650_ParticipacionenClase,GeneticaClinica.pdf",Y,200,
995653,"https://miu-documentos.s3.us-west-2.amazonaws.com/DATA-DOCS/miu-hml/documentos/143595/20040100/miuDocumento_995650_ParticipacionenClase,GeneticaClinica.pdf",miu-documentos,"DATA-DOCS/miu-hml/documentos/143595/20040100/miuDocumento_995650_ParticipacionenClase,GeneticaClinica.pdf",Y,200,
995878,https://miu-documentos.s3.us-west-2.amazonaws.com/DATA-DOCS/miu-hml/documentos/143583/20040100/miuDocumento_995851_2_995878.TecnicasdeAnalisis,miu-documentos,DATA-DOCS/miu-hml/documentos/143583/20040100/miuDocumento_995851_2_995878.TecnicasdeAnalisis,Y,200,
995880,https://miu-documentos.s3.us-west-2.amazonaws.com/DATA-DOCS/miu-hml/documentos/143583/20040100/miuDocumento_995857_4_995880.GWAS,miu-documentos,DATA-DOCS/miu-hml/documentos/143583/20040100/miuDocumento_995857_4_995880.GWAS,Y,200,
995881,https://miu-documentos.s3.us-west-2.amazonaws.com/DATA-DOCS/miu-hml/documentos/143583/20040100/miuDocumento_995860_5_995881.Farmacogenomica,miu-documentos,DATA-DOCS/miu-hml/documentos/143583/20040100/miuDocumento_995860_5_995881.Farmacogenomica,Y,200,
995883,https://miu-documentos.s3.us-west-2.amazonaws.com/DATA-DOCS/miu-hml/documentos/143583/20040100/miuDocumento_995866_7_995883.Transcriptomica,miu-documentos,DATA-DOCS/miu-hml/documentos/143583/20040100/miuDocumento_995866_7_995883.Transcriptomica,Y,200,
995884,https://miu-documentos.s3.us-west-2.amazonaws.com/DATA-DOCS/miu-hml/documentos/143583/20040100/miuDocumento_995869_9_995884.TratamientoGenetico,miu-documentos,DATA-DOCS/miu-hml/documentos/143583/20040100/miuDocumento_995869_9_995884.TratamientoGenetico,Y,200,
995885,https://miu-documentos.s3.us-west-2.amazonaws.com/DATA-DOCS/miu-hml/documentos/143583/20040100/miuDocumento_995872_10_995885.Dismorfologia,miu-documentos,DATA-DOCS/miu-hml/documentos/143583/20040100/miuDocumento_995872_10_995885.Dismorfologia,Y,200,
995902,https://miu-documentos.s3.us-west-2.amazonaws.com/DATA-DOCS/miu-hml/documentos/143583/20040100/miuDocumento_995902_2.PCRandothernucleicacidamplificationtechnology.pdf,miu-documentos,DATA-DOCS/miu-hml/documentos/143583/20040100/miuDocumento_995902_2.PCRandothernucleicacidamplificationtechnology.pdf,Y,200,
995903,https://miu-documentos.s3.us-west-2.amazonaws.com/DATA-DOCS/miu-hml/documentos/143583/20040100/miuDocumento_995902_2.PCRandothernucleicacidamplificationtechnology.pdf,miu-documentos,DATA-DOCS/miu-hml/documentos/143583/20040100/miuDocumento_995902_2.PCRandothernucleicacidamplificationtechnology.pdf,Y,200,
995904,https://miu-documentos.s3.us-west-2.amazonaws.com/DATA-DOCS/miu-hml/documentos/143583/20040100/miuDocumento_995902_2.PCRandothernucleicacidamplificationtechnology.pdf,miu-documentos,DATA-DOCS/miu-hml/documentos/143583/20040100/miuDocumento_995902_2.PCRandothernucleicacidamplificationtechnology.pdf,Y,200,
997028,https://miu-documentos.s3.us-west-2.amazonaws.com/DATA-DOCS/miu-hml/documentos/143722/23820040/miuDocumento_997027_promotores.transcripcio_nI.unidadtranscrip.upstreamanddownstream.9aed.2018.JeffHardinGregoryBertoni-Becker_sWorldoftheCell-Pearson2018.pdf,miu-documentos,DATA-DOCS/miu-hml/documentos/143722/23820040/miuDocumento_997027_promotores.transcripcio_nI.unidadtranscrip.upstreamanddownstream.9aed.2018.JeffHardinGregoryBertoni-Becker_sWorldoftheCell-Pearson2018.pdf,Y,200,
997029,https://miu-documentos.s3.us-west-2.amazonaws.com/DATA-DOCS/miu-hml/documentos/143721/23820040/miuDocumento_997027_promotores.transcripcio_nI.unidadtranscrip.upstreamanddownstream.9aed.2018.JeffHardinGregoryBertoni-Becker_sWorldoftheCell-Pearson2018.pdf,miu-documentos,DATA-DOCS/miu-hml/documentos/143721/23820040/miuDocumento_997027_promotores.transcripcio_nI.unidadtranscrip.upstreamanddownstream.9aed.2018.JeffHardinGregoryBertoni-Becker_sWorldoftheCell-Pearson2018.pdf,Y,200,
997041,https://miu-documentos.s3.us-west-2.amazonaws.com/DATA-DOCS/miu-hml/documentos/143720/23820040/miuDocumento_997041_co_digogene_ticoyframeshiftmutations.9aed.2018.JeffHardinGregoryBertoni-Becker_sWorldoftheCell-Pearson2018.pdf,miu-documentos,DATA-DOCS/miu-hml/documentos/143720/23820040/miuDocumento_997041_co_digogene_ticoyframeshiftmutations.9aed.2018.JeffHardinGregoryBertoni-Becker_sWorldoftheCell-Pearson2018.pdf,Y,200,
997048,https://miu-documentos.s3.us-west-2.amazonaws.com/DATA-DOCS/miu-hml/documentos/143721/23820040/miuDocumento_997041_co_digogene_ticoyframeshiftmutations.9aed.2018.JeffHardinGregoryBertoni-Becker_sWorldoftheCell-Pearson2018.pdf,miu-documentos,DATA-DOCS/miu-hml/documentos/143721/23820040/miuDocumento_997041_co_digogene_ticoyframeshiftmutations.9aed.2018.JeffHardinGregoryBertoni-Becker_sWorldoftheCell-Pearson2018.pdf,Y,200,
995438,https://miu-documentos.s3.us-west-2.amazonaws.com/DATA-DOCS/miu-hml/documentos/136208/20090970/miuDocumento_944212_TheHumanCondition-Arendt_958665_980236_995438.pdf,miu-documentos,DATA-DOCS/miu-hml/documentos/136208/20090970/miuDocumento_944212_TheHumanCondition-Arendt_958665_980236_995438.pdf,Y,200,
995718,https://miu-documentos.s3.us-west-2.amazonaws.com/DATA-DOCS/miu-hml/documentos/143595/20040100/miuDocumento_995713_T1.AnomaliasMenores.pptx,miu-documentos,DATA-DOCS/miu-hml/documentos/143595/20040100/miuDocumento_995713_T1.AnomaliasMenores.pptx,Y,200,
995719,https://miu-documentos.s3.us-west-2.amazonaws.com/DATA-DOCS/miu-hml/documentos/143595/20040100/miuDocumento_995713_T1.AnomaliasMenores.pptx,miu-documentos,DATA-DOCS/miu-hml/documentos/143595/20040100/miuDocumento_995713_T1.AnomaliasMenores.pptx,Y,200,
995734,https://miu-documentos.s3.us-west-2.amazonaws.com/DATA-DOCS/miu-hml/documentos/143595/20040100/miuDocumento_995734_T4.DSD.pdf,miu-documentos,DATA-DOCS/miu-hml/documentos/143595/20040100/miuDocumento_995734_T4.DSD.pdf,Y,200,
995735,https://miu-documentos.s3.us-west-2.amazonaws.com/DATA-DOCS/miu-hml/documentos/143595/20040100/miuDocumento_995734_T4.DSD.pptx,miu-documentos,DATA-DOCS/miu-hml/documentos/143595/20040100/miuDocumento_995734_T4.DSD.pptx,Y,200,
995444,https://miu-documentos.s3.us-west-2.amazonaws.com/DATA-DOCS/miu-hml/documentos/136208/20090970/miuDocumento_944215_DisciplineandPunish-Foucault_958667_980237_995444.pdf,miu-documentos,DATA-DOCS/miu-hml/documentos/136208/20090970/miuDocumento_944215_DisciplineandPunish-Foucault_958667_980237_995444.pdf,Y,200,
995446,https://miu-documentos.s3.us-west-2.amazonaws.com/DATA-DOCS/miu-hml/documentos/136208/20090970/miuDocumento_944218_Â¿QueeslaIlustracion?-Foucault_958669_980238_995446.pdf,miu-documentos,DATA-DOCS/miu-hml/documentos/136208/20090970/miuDocumento_944218_Â¿QueeslaIlustracion,N,404,
995736,https://miu-documentos.s3.us-west-2.amazonaws.com/DATA-DOCS/miu-hml/documentos/143595/20040100/miuDocumento_995734_T4.DSD.pptx,miu-documentos,DATA-DOCS/miu-hml/documentos/143595/20040100/miuDocumento_995734_T4.DSD.pptx,Y,200,
995448,https://miu-documentos.s3.us-west-2.amazonaws.com/DATA-DOCS/miu-hml/documentos/136208/20090970/miuDocumento_944218_Â¿QueeslaIlustracion?-Foucault_958669_980238_995448.pdf,miu-documentos,DATA-DOCS/miu-hml/documentos/136208/20090970/miuDocumento_944218_Â¿QueeslaIlustracion,N,404,
995737,https://miu-documentos.s3.us-west-2.amazonaws.com/DATA-DOCS/miu-hml/documentos/143595/20040100/miuDocumento_995734_T4.DSD.pptx,miu-documentos,DATA-DOCS/miu-hml/documentos/143595/20040100/miuDocumento_995734_T4.DSD.pptx,Y,200,
995738,https://miu-documentos.s3.us-west-2.amazonaws.com/DATA-DOCS/miu-hml/documentos/143595/20040100/miuDocumento_995734_T4.DSD.pptx,miu-documentos,DATA-DOCS/miu-hml/documentos/143595/20040100/miuDocumento_995734_T4.DSD.pptx,Y,200,
995739,https://miu-documentos.s3.us-west-2.amazonaws.com/DATA-DOCS/miu-hml/documentos/143595/20040100/miuDocumento_995734_T4.DSD.pptx,miu-documentos,DATA-DOCS/miu-hml/documentos/143595/20040100/miuDocumento_995734_T4.DSD.pptx,Y,200,
995454,https://miu-documentos.s3.us-west-2.amazonaws.com/DATA-DOCS/miu-hml/documentos/136208/20090970/miuDocumento_944220_TheOpenSocietyandItsEnemies-Popper_958673_980240_995454.pdf,miu-documentos,DATA-DOCS/miu-hml/documentos/136208/20090970/miuDocumento_944220_TheOpenSocietyandItsEnemies-Popper_958673_980240_995454.pdf,Y,200,
995455,https://miu-documentos.s3.us-west-2.amazonaws.com/DATA-DOCS/miu-hml/documentos/136208/20090970/miuDocumento_944220_TheOpenSocietyandItsEnemies-Popper_958673_980240_995455.pdf,miu-documentos,DATA-DOCS/miu-hml/documentos/136208/20090970/miuDocumento_944220_TheOpenSocietyandItsEnemies-Popper_958673_980240_995455.pdf,Y,200,
995740,https://miu-documentos.s3.us-west-2.amazonaws.com/DATA-DOCS/miu-hml/documentos/143595/20040100/miuDocumento_995734_T4.DSD.pptx,miu-documentos,DATA-DOCS/miu-hml/documentos/143595/20040100/miuDocumento_995734_T4.DSD.pptx,Y,200,
995458,https://miu-documentos.s3.us-west-2.amazonaws.com/DATA-DOCS/miu-hml/documentos/136208/20090970/miuDocumento_944221_StructuralAnthropology-Levi-Strauss_958675_980241_995458.pdf,miu-documentos,DATA-DOCS/miu-hml/documentos/136208/20090970/miuDocumento_944221_StructuralAnthropology-Levi-Strauss_958675_980241_995458.pdf,Y,200,
995698,https://miu-documentos.s3.us-west-2.amazonaws.com/DATA-DOCS/miu-hml/documentos/139019/20040100/miuDocumento_958854_Dismorphology_995698.pdf,miu-documentos,DATA-DOCS/miu-hml/documentos/139019/20040100/miuDocumento_958854_Dismorphology_995698.pdf,Y,200,
995467,https://miu-documentos.s3.us-west-2.amazonaws.com/DATA-DOCS/miu-hml/documentos/136208/20090970/miuDocumento_944227_TheTheoryofCommunicativeAction-Habermas_958679_980243_995467.pdf,miu-documentos,DATA-DOCS/miu-hml/documentos/136208/20090970/miuDocumento_944227_TheTheoryofCommunicativeAction-Habermas_958679_980243_995467.pdf,Y,200,
995905,https://miu-documentos.s3.us-west-2.amazonaws.com/DATA-DOCS/miu-hml/documentos/143583/20040100/miuDocumento_995902_2.PCRandothernucleicacidamplificationtechnology.pdf,miu-documentos,DATA-DOCS/miu-hml/documentos/143583/20040100/miuDocumento_995902_2.PCRandothernucleicacidamplificationtechnology.pdf,Y,200,
995906,https://miu-documentos.s3.us-west-2.amazonaws.com/DATA-DOCS/miu-hml/documentos/143583/20040100/miuDocumento_995902_2.PCRandothernucleicacidamplificationtechnology.pdf,miu-documentos,DATA-DOCS/miu-hml/documentos/143583/20040100/miuDocumento_995902_2.PCRandothernucleicacidamplificationtechnology.pdf,Y,200,
995907,https://miu-documentos.s3.us-west-2.amazonaws.com/DATA-DOCS/miu-hml/documentos/143583/20040100/miuDocumento_995907_3.TheHistoryofSequencingDNA.pdf,miu-documentos,DATA-DOCS/miu-hml/documentos/143583/20040100/miuDocumento_995907_3.TheHistoryofSequencingDNA.pdf,Y,200,
995909,https://miu-documentos.s3.us-west-2.amazonaws.com/DATA-DOCS/miu-hml/documentos/143583/20040100/miuDocumento_995907_3.TheHistoryofSequencingDNA.pdf,miu-documentos,DATA-DOCS/miu-hml/documentos/143583/20040100/miuDocumento_995907_3.TheHistoryofSequencingDNA.pdf,Y,200,
995910,https://miu-documentos.s3.us-west-2.amazonaws.com/DATA-DOCS/miu-hml/documentos/143583/20040100/miuDocumento_995907_3.TheHistoryofSequencingDNA.pdf,miu-documentos,DATA-DOCS/miu-hml/documentos/143583/20040100/miuDocumento_995907_3.TheHistoryofSequencingDNA.pdf,Y,200,
995911,https://miu-documentos.s3.us-west-2.amazonaws.com/DATA-DOCS/miu-hml/documentos/143583/20040100/miuDocumento_995907_3.TheHistoryofSequencingDNA.pdf,miu-documentos,DATA-DOCS/miu-hml/documentos/143583/20040100/miuDocumento_995907_3.TheHistoryofSequencingDNA.pdf,Y,200,
995912,https://miu-documentos.s3.us-west-2.amazonaws.com/DATA-DOCS/miu-hml/documentos/143583/20040100/miuDocumento_995912_3.SequencingTechnologies.pdf,miu-documentos,DATA-DOCS/miu-hml/documentos/143583/20040100/miuDocumento_995912_3.SequencingTechnologies.pdf,Y,200,
995913,https://miu-documentos.s3.us-west-2.amazonaws.com/DATA-DOCS/miu-hml/documentos/143583/20040100/miuDocumento_995912_3.SequencingTechnologies.pdf,miu-documentos,DATA-DOCS/miu-hml/documentos/143583/20040100/miuDocumento_995912_3.SequencingTechnologies.pdf,Y,200,
995914,https://miu-documentos.s3.us-west-2.amazonaws.com/DATA-DOCS/miu-hml/documentos/143583/20040100/miuDocumento_995912_3.SequencingTechnologies.pdf,miu-documentos,DATA-DOCS/miu-hml/documentos/143583/20040100/miuDocumento_995912_3.SequencingTechnologies.pdf,Y,200,
995915,https://miu-documentos.s3.us-west-2.amazonaws.com/DATA-DOCS/miu-hml/documentos/143583/20040100/miuDocumento_995912_3.SequencingTechnologies.pdf,miu-documentos,DATA-DOCS/miu-hml/documentos/143583/20040100/miuDocumento_995912_3.SequencingTechnologies.pdf,Y,200,
995916,https://miu-documentos.s3.us-west-2.amazonaws.com/DATA-DOCS/miu-hml/documentos/143583/20040100/miuDocumento_995912_3.SequencingTechnologies.pdf,miu-documentos,DATA-DOCS/miu-hml/documentos/143583/20040100/miuDocumento_995912_3.SequencingTechnologies.pdf,Y,200,
995917,https://miu-documentos.s3.us-west-2.amazonaws.com/DATA-DOCS/miu-hml/documentos/143583/20040100/miuDocumento_995917_3.NGS.pdf,miu-documentos,DATA-DOCS/miu-hml/documentos/143583/20040100/miuDocumento_995917_3.NGS.pdf,Y,200,
995918,https://miu-documentos.s3.us-west-2.amazonaws.com/DATA-DOCS/miu-hml/documentos/143583/20040100/miuDocumento_995917_3.NGS.pdf,miu-documentos,DATA-DOCS/miu-hml/documentos/143583/20040100/miuDocumento_995917_3.NGS.pdf,Y,200,
995919,https://miu-documentos.s3.us-west-2.amazonaws.com/DATA-DOCS/miu-hml/documentos/143583/20040100/miuDocumento_995917_3.NGS.pdf,miu-documentos,DATA-DOCS/miu-hml/documentos/143583/20040100/miuDocumento_995917_3.NGS.pdf,Y,200,
995920,https://miu-documentos.s3.us-west-2.amazonaws.com/DATA-DOCS/miu-hml/documentos/143583/20040100/miuDocumento_995917_3.NGS.pdf,miu-documentos,DATA-DOCS/miu-hml/documentos/143583/20040100/miuDocumento_995917_3.NGS.pdf,Y,200,
995921,https://miu-documentos.s3.us-west-2.amazonaws.com/DATA-DOCS/miu-hml/documentos/143583/20040100/miuDocumento_995917_3.NGS.pdf,miu-documentos,DATA-DOCS/miu-hml/documentos/143583/20040100/miuDocumento_995917_3.NGS.pdf,Y,200,
995992,https://miu-documentos.s3.us-west-2.amazonaws.com/DATA-DOCS/miu-hml/documentos/143583/20040100/miuDocumento_995992_ElementsofMorphology.pdf,miu-documentos,DATA-DOCS/miu-hml/documentos/143583/20040100/miuDocumento_995992_ElementsofMorphology.pdf,Y,200,
995993,https://miu-documentos.s3.us-west-2.amazonaws.com/DATA-DOCS/miu-hml/documentos/143583/20040100/miuDocumento_995992_ElementsofMorphology.pdf,miu-documentos,DATA-DOCS/miu-hml/documentos/143583/20040100/miuDocumento_995992_ElementsofMorphology.pdf,Y,200,
995994,https://miu-documentos.s3.us-west-2.amazonaws.com/DATA-DOCS/miu-hml/documentos/143583/20040100/miuDocumento_995992_ElementsofMorphology.pdf,miu-documentos,DATA-DOCS/miu-hml/documentos/143583/20040100/miuDocumento_995992_ElementsofMorphology.pdf,Y,200,
995995,https://miu-documentos.s3.us-west-2.amazonaws.com/DATA-DOCS/miu-hml/documentos/143583/20040100/miuDocumento_995992_ElementsofMorphology.pdf,miu-documentos,DATA-DOCS/miu-hml/documentos/143583/20040100/miuDocumento_995992_ElementsofMorphology.pdf,Y,200,
995996,https://miu-documentos.s3.us-west-2.amazonaws.com/DATA-DOCS/miu-hml/documentos/143583/20040100/miuDocumento_995992_ElementsofMorphology.pdf,miu-documentos,DATA-DOCS/miu-hml/documentos/143583/20040100/miuDocumento_995992_ElementsofMorphology.pdf,Y,200,
995998,https://miu-documentos.s3.us-west-2.amazonaws.com/DATA-DOCS/miu-hml/documentos/144827/20230676/miuDocumento_995998_Modelologicoynormalizacion.pptx,miu-documentos,DATA-DOCS/miu-hml/documentos/144827/20230676/miuDocumento_995998_Modelologicoynormalizacion.pptx,Y,200,
996002,https://miu-documentos.s3.us-west-2.amazonaws.com/DATA-DOCS/miu-hml/documentos/144827/20230676/miuDocumento_996002_04-ProjectScopeManagement.pdf,miu-documentos,DATA-DOCS/miu-hml/documentos/144827/20230676/miuDocumento_996002_04-ProjectScopeManagement.pdf,Y,200,
997072,https://miu-documentos.s3.us-west-2.amazonaws.com/DATA-DOCS/miu-hml/documentos/143720/23820040/miuDocumento_997072_Modificacionespost-traduccionales.MolecularBiologyoftheCell6thedition-Alberts-NEW.pdf,miu-documentos,DATA-DOCS/miu-hml/documentos/143720/23820040/miuDocumento_997072_Modificacionespost-traduccionales.MolecularBiologyoftheCell6thedition-Alberts-NEW.pdf,Y,200,
997073,https://miu-documentos.s3.us-west-2.amazonaws.com/DATA-DOCS/miu-hml/documentos/143722/23820040/miuDocumento_997072_Modificacionespost-traduccionales.MolecularBiologyoftheCell6thedition-Alberts-NEW.pdf,miu-documentos,DATA-DOCS/miu-hml/documentos/143722/23820040/miuDocumento_997072_Modificacionespost-traduccionales.MolecularBiologyoftheCell6thedition-Alberts-NEW.pdf,Y,200,
997074,https://miu-documentos.s3.us-west-2.amazonaws.com/DATA-DOCS/miu-hml/documentos/143721/23820040/miuDocumento_997072_Modificacionespost-traduccionales.MolecularBiologyoftheCell6thedition-Alberts-NEW.pdf,miu-documentos,DATA-DOCS/miu-hml/documentos/143721/23820040/miuDocumento_997072_Modificacionespost-traduccionales.MolecularBiologyoftheCell6thedition-Alberts-NEW.pdf,Y,200,
997081,https://miu-documentos.s3.us-west-2.amazonaws.com/DATA-DOCS/miu-hml/documentos/143720/23820040/miuDocumento_997081_Microfilamentos.9ed.2018.JeffHardinGregoryBertoni-Becker_sWorldoftheCell-Pearson2018.pdf,miu-documentos,DATA-DOCS/miu-hml/documentos/143720/23820040/miuDocumento_997081_Microfilamentos.9ed.2018.JeffHardinGregoryBertoni-Becker_sWorldoftheCell-Pearson2018.pdf,Y,200,
997082,https://miu-documentos.s3.us-west-2.amazonaws.com/DATA-DOCS/miu-hml/documentos/143722/23820040/miuDocumento_997081_Microfilamentos.9ed.2018.JeffHardinGregoryBertoni-Becker_sWorldoftheCell-Pearson2018.pdf,miu-documentos,DATA-DOCS/miu-hml/documentos/143722/23820040/miuDocumento_997081_Microfilamentos.9ed.2018.JeffHardinGregoryBertoni-Becker_sWorldoftheCell-Pearson2018.pdf,Y,200,
997083,https://miu-documentos.s3.us-west-2.amazonaws.com/DATA-DOCS/miu-hml/documentos/143721/23820040/miuDocumento_997081_Microfilamentos.9ed.2018.JeffHardinGregoryBertoni-Becker_sWorldoftheCell-Pearson2018.pdf,miu-documentos,DATA-DOCS/miu-hml/documentos/143721/23820040/miuDocumento_997081_Microfilamentos.9ed.2018.JeffHardinGregoryBertoni-Becker_sWorldoftheCell-Pearson2018.pdf,Y,200,
997117,https://miu-documentos.s3.us-west-2.amazonaws.com/DATA-DOCS/miu-hml/documentos/143720/23820040/miuDocumento_997117_EndocitosisAlberts2021.pdf,miu-documentos,DATA-DOCS/miu-hml/documentos/143720/23820040/miuDocumento_997117_EndocitosisAlberts2021.pdf,Y,200,
997118,https://miu-documentos.s3.us-west-2.amazonaws.com/DATA-DOCS/miu-hml/documentos/143722/23820040/miuDocumento_997117_EndocitosisAlberts2021.pdf,miu-documentos,DATA-DOCS/miu-hml/documentos/143722/23820040/miuDocumento_997117_EndocitosisAlberts2021.pdf,Y,200,
997119,https://miu-documentos.s3.us-west-2.amazonaws.com/DATA-DOCS/miu-hml/documentos/143721/23820040/miuDocumento_997117_EndocitosisAlberts2021.pdf,miu-documentos,DATA-DOCS/miu-hml/documentos/143721/23820040/miuDocumento_997117_EndocitosisAlberts2021.pdf,Y,200,
997120,https://miu-documentos.s3.us-west-2.amazonaws.com/DATA-DOCS/miu-hml/documentos/143720/23820040/miuDocumento_997120_ExocitosisAlberts2021.pdf,miu-documentos,DATA-DOCS/miu-hml/documentos/143720/23820040/miuDocumento_997120_ExocitosisAlberts2021.pdf,Y,200,
997121,https://miu-documentos.s3.us-west-2.amazonaws.com/DATA-DOCS/miu-hml/documentos/143722/23820040/miuDocumento_997120_ExocitosisAlberts2021.pdf,miu-documentos,DATA-DOCS/miu-hml/documentos/143722/23820040/miuDocumento_997120_ExocitosisAlberts2021.pdf,Y,200,
997122,https://miu-documentos.s3.us-west-2.amazonaws.com/DATA-DOCS/miu-hml/documentos/143721/23820040/miuDocumento_997120_ExocitosisAlberts2021.pdf,miu-documentos,DATA-DOCS/miu-hml/documentos/143721/23820040/miuDocumento_997120_ExocitosisAlberts2021.pdf,Y,200,
997217,https://miu-documentos.s3.us-west-2.amazonaws.com/DATA-DOCS/miu-hml/documentos/144518/20180989/miuDocumento_997217_13.Micklethwait.Cap.7.pdf,miu-documentos,DATA-DOCS/miu-hml/documentos/144518/20180989/miuDocumento_997217_13.Micklethwait.Cap.7.pdf,Y,200,
997218,https://miu-documentos.s3.us-west-2.amazonaws.com/DATA-DOCS/miu-hml/documentos/144519/20180989/miuDocumento_997217_13.Micklethwait.Cap.7.pdf,miu-documentos,DATA-DOCS/miu-hml/documentos/144519/20180989/miuDocumento_997217_13.Micklethwait.Cap.7.pdf,Y,200,
997221,https://miu-documentos.s3.us-west-2.amazonaws.com/DATA-DOCS/miu-hml/documentos/144518/20180989/miuDocumento_997221_15.Micklethwait.Conclusin.pdf,miu-documentos,DATA-DOCS/miu-hml/documentos/144518/20180989/miuDocumento_997221_15.Micklethwait.Conclusin.pdf,Y,200,
997222,https://miu-documentos.s3.us-west-2.amazonaws.com/DATA-DOCS/miu-hml/documentos/144519/20180989/miuDocumento_997221_15.Micklethwait.Conclusin.pdf,miu-documentos,DATA-DOCS/miu-hml/documentos/144519/20180989/miuDocumento_997221_15.Micklethwait.Conclusin.pdf,Y,200,
997233,https://miu-documentos.s3.us-west-2.amazonaws.com/DATA-DOCS/miu-hml/documentos/143421/20041076/miuDocumento_997233_CalendarioSeminarioAdministracin1C2026.xlsx,miu-documentos,DATA-DOCS/miu-hml/documentos/143421/20041076/miuDocumento_997233_CalendarioSeminarioAdministracin1C2026.xlsx,Y,200,
997234,https://miu-documentos.s3.us-west-2.amazonaws.com/DATA-DOCS/miu-hml/documentos/143420/20041076/miuDocumento_997234_CalendarioSeminarioAdministracin1B2026.xlsx,miu-documentos,DATA-DOCS/miu-hml/documentos/143420/20041076/miuDocumento_997234_CalendarioSeminarioAdministracin1B2026.xlsx,Y,200,
997236,https://miu-documentos.s3.us-west-2.amazonaws.com/DATA-DOCS/miu-hml/documentos/144588/20041039/miuDocumento_997236_Historiadelliberalismoydelmarxismo2026.docx,miu-documentos,DATA-DOCS/miu-hml/documentos/144588/20041039/miuDocumento_997236_Historiadelliberalismoydelmarxismo2026.docx,Y,200,
997237,https://miu-documentos.s3.us-west-2.amazonaws.com/DATA-DOCS/miu-hml/documentos/144588/20041039/miuDocumento_997237_LiberalismoyUtopa.docx,miu-documentos,DATA-DOCS/miu-hml/documentos/144588/20041039/miuDocumento_997237_LiberalismoyUtopa.docx,Y,200,
997260,https://miu-documentos.s3.us-west-2.amazonaws.com/DATA-DOCS/miu-hml/documentos/143415/97000473/miuDocumento_997260_ProgramadeCursoRiskManagment2026.pdf,miu-documentos,DATA-DOCS/miu-hml/documentos/143415/97000473/miuDocumento_997260_ProgramadeCursoRiskManagment2026.pdf,Y,200,
995667,"https://miu-documentos.s3.us-west-2.amazonaws.com/DATA-DOCS/miu-hml/documentos/139019/20040100/miuDocumento_958862_ThompsonThompson,Ch7-PatternsofInheritance_995667.pdf",miu-documentos,"DATA-DOCS/miu-hml/documentos/139019/20040100/miuDocumento_958862_ThompsonThompson,Ch7-PatternsofInheritance_995667.pdf",Y,200,
995471,https://miu-documentos.s3.us-west-2.amazonaws.com/DATA-DOCS/miu-hml/documentos/136208/20090970/miuDocumento_944229_GenderTrouble-Butler_958681_980244_995471.pdf,miu-documentos,DATA-DOCS/miu-hml/documentos/136208/20090970/miuDocumento_944229_GenderTrouble-Butler_958681_980244_995471.pdf,Y,200,
995651,"https://miu-documentos.s3.us-west-2.amazonaws.com/DATA-DOCS/miu-hml/documentos/143595/20040100/miuDocumento_995650_ParticipacionenClase,GeneticaClinica.pdf",miu-documentos,"DATA-DOCS/miu-hml/documentos/143595/20040100/miuDocumento_995650_ParticipacionenClase,GeneticaClinica.pdf",Y,200,
995474,https://miu-documentos.s3.us-west-2.amazonaws.com/DATA-DOCS/miu-hml/documentos/136208/20090970/miuDocumento_944230_DevelopmentAsFreedom-AmartyaSen_958683_980245_995474.pdf,miu-documentos,DATA-DOCS/miu-hml/documentos/136208/20090970/miuDocumento_944230_DevelopmentAsFreedom-AmartyaSen_958683_980245_995474.pdf,Y,200,
995691,"https://miu-documentos.s3.us-west-2.amazonaws.com/DATA-DOCS/miu-hml/documentos/139019/20040100/miuDocumento_958874_GardnerandSutherlandChromosomalAbnormalities,Ch14StructuralRearrangements_995691.pdf",miu-documentos,"DATA-DOCS/miu-hml/documentos/139019/20040100/miuDocumento_958874_GardnerandSutherlandChromosomalAbnormalities,Ch14StructuralRearrangements_995691.pdf",Y,200,
995476,https://miu-documentos.s3.us-west-2.amazonaws.com/DATA-DOCS/miu-hml/documentos/136208/20090970/miuDocumento_944230_DevelopmentAsFreedom-AmartyaSen_958683_980245_995476.pdf,miu-documentos,DATA-DOCS/miu-hml/documentos/136208/20090970/miuDocumento_944230_DevelopmentAsFreedom-AmartyaSen_958683_980245_995476.pdf,Y,200,
995688,https://miu-documentos.s3.us-west-2.amazonaws.com/DATA-DOCS/miu-hml/documentos/139019/20040100/miuDocumento_958842_Basic-concepts-dysmorphology-Temtamy-2010_995688.pdf,miu-documentos,DATA-DOCS/miu-hml/documentos/139019/20040100/miuDocumento_958842_Basic-concepts-dysmorphology-Temtamy-2010_995688.pdf,Y,200,
995641,https://miu-documentos.s3.us-west-2.amazonaws.com/DATA-DOCS/miu-hml/documentos/143595/20040100/miuDocumento_995638_8.CasosClinicos-Genodermatosis.pdf,miu-documentos,DATA-DOCS/miu-hml/documentos/143595/20040100/miuDocumento_995638_8.CasosClinicos-Genodermatosis.pdf,Y,200,
995677,https://miu-documentos.s3.us-west-2.amazonaws.com/DATA-DOCS/miu-hml/documentos/139019/20040100/miuDocumento_958866_StandardizedHumanPedigreeNomenclature_995677.pdf,miu-documentos,DATA-DOCS/miu-hml/documentos/139019/20040100/miuDocumento_958866_StandardizedHumanPedigreeNomenclature_995677.pdf,Y,200,
995649,"https://miu-documentos.s3.us-west-2.amazonaws.com/DATA-DOCS/miu-hml/documentos/143595/20040100/miuDocumento_995646_10.Tamizajes,GeneticaClinica.pdf",miu-documentos,"DATA-DOCS/miu-hml/documentos/143595/20040100/miuDocumento_995646_10.Tamizajes,GeneticaClinica.pdf",Y,200,
995908,https://miu-documentos.s3.us-west-2.amazonaws.com/DATA-DOCS/miu-hml/documentos/143583/20040100/miuDocumento_995907_3.TheHistoryofSequencingDNA.pdf,miu-documentos,DATA-DOCS/miu-hml/documentos/143583/20040100/miuDocumento_995907_3.TheHistoryofSequencingDNA.pdf,Y,200,
996406,https://miu-documentos.s3.us-west-2.amazonaws.com/DATA-DOCS/miu-hml/documentos/144708/20180351/miuDocumento_996406_15.LighthizerR.NoTradeisFree.pdf,miu-documentos,DATA-DOCS/miu-hml/documentos/144708/20180351/miuDocumento_996406_15.LighthizerR.NoTradeisFree.pdf,Y,200,
996411,https://miu-documentos.s3.us-west-2.amazonaws.com/DATA-DOCS/miu-hml/documentos/144708/20180351/miuDocumento_996411_20.GordonP.H.KarlinM.2026.TheAlliesAfterAmerica.InSearchofPlanB..pdf,miu-documentos,DATA-DOCS/miu-hml/documentos/144708/20180351/miuDocumento_996411_20.GordonP.H.KarlinM.2026.TheAlliesAfterAmerica.InSearchofPlanB..pdf,Y,200,
996412,https://miu-documentos.s3.us-west-2.amazonaws.com/DATA-DOCS/miu-hml/documentos/144708/20180351/miuDocumento_996412_21.TakeyhR.2025.TrumpsMiddleEastOrder..pdf,miu-documentos,DATA-DOCS/miu-hml/documentos/144708/20180351/miuDocumento_996412_21.TakeyhR.2025.TrumpsMiddleEastOrder..pdf,Y,200,
996372,https://miu-documentos.s3.us-west-2.amazonaws.com/DATA-DOCS/miu-hml/documentos/143742/20141005/miuDocumento_961558_Acentuaciongraficaenespanol(Enclave)MayraFranke.pdf,miu-documentos,DATA-DOCS/miu-hml/documentos/143742/20141005/miuDocumento_961558_Acentuaciongraficaenespanol(Enclave)MayraFranke.pdf,Y,200,
996733,https://miu-documentos.s3.us-west-2.amazonaws.com/DATA-DOCS/miu-hml/documentos/144845/20110699/miuDocumento_996733_Class1_CypressSemiconductor-20251228T063923Z-3-001.zip,miu-documentos,DATA-DOCS/miu-hml/documentos/144845/20110699/miuDocumento_996733_Class1_CypressSemiconductor-20251228T063923Z-3-001.zip,Y,200,
996745,https://miu-documentos.s3.us-west-2.amazonaws.com/DATA-DOCS/miu-hml/documentos/144845/20110699/miuDocumento_996745_Class13_LincolnElectricCompany-20251228T064103Z-3-001.zip,miu-documentos,DATA-DOCS/miu-hml/documentos/144845/20110699/miuDocumento_996745_Class13_LincolnElectricCompany-20251228T064103Z-3-001.zip,Y,200,
996910,https://miu-documentos.s3.us-west-2.amazonaws.com/DATA-DOCS/miu-hml/documentos/143981/12900745/miuDocumento_996910_04.Contratoyejecucionhidroelectricaen26.docx,miu-documentos,DATA-DOCS/miu-hml/documentos/143981/12900745/miuDocumento_996910_04.Contratoyejecucionhidroelectricaen26.docx,Y,200,
996378,https://miu-documentos.s3.us-west-2.amazonaws.com/DATA-DOCS/miu-hml/documentos/143742/20141005/miuDocumento_961570_NORMASVANCOUVER.pdf,miu-documentos,DATA-DOCS/miu-hml/documentos/143742/20141005/miuDocumento_961570_NORMASVANCOUVER.pdf,Y,200,
998146,https://miu-documentos.s3.us-west-2.amazonaws.com/DATA-DOCS/miu-hml/documentos/144125/12870542/miuDocumento_998146_250103-los-derechos-del-hombre.Rand.pdf,miu-documentos,DATA-DOCS/miu-hml/documentos/144125/12870542/miuDocumento_998146_250103-los-derechos-del-hombre.Rand.pdf,Y,200,
998147,https://miu-documentos.s3.us-west-2.amazonaws.com/DATA-DOCS/miu-hml/documentos/144121/12870542/miuDocumento_998146_250103-los-derechos-del-hombre.Rand.pdf,miu-documentos,DATA-DOCS/miu-hml/documentos/144121/12870542/miuDocumento_998146_250103-los-derechos-del-hombre.Rand.pdf,Y,200,
998148,https://miu-documentos.s3.us-west-2.amazonaws.com/DATA-DOCS/miu-hml/documentos/144122/12870542/miuDocumento_998146_250103-los-derechos-del-hombre.Rand.pdf,miu-documentos,DATA-DOCS/miu-hml/documentos/144122/12870542/miuDocumento_998146_250103-los-derechos-del-hombre.Rand.pdf,Y,200,
998171,https://miu-documentos.s3.us-west-2.amazonaws.com/DATA-DOCS/miu-hml/documentos/144153/20150835/miuDocumento_998171_Examen_Diagnostico_Matematica_Avanzada.pdf,miu-documentos,DATA-DOCS/miu-hml/documentos/144153/20150835/miuDocumento_998171_Examen_Diagnostico_Matematica_Avanzada.pdf,Y,200,
995664,"https://miu-documentos.s3.us-west-2.amazonaws.com/DATA-DOCS/miu-hml/documentos/139019/20040100/miuDocumento_958870_GardnerandSutherlandChromosomalAbnormalities,Ch13Aneuploidies_995664.pdf",miu-documentos,"DATA-DOCS/miu-hml/documentos/139019/20040100/miuDocumento_958870_GardnerandSutherlandChromosomalAbnormalities,Ch13Aneuploidies_995664.pdf",Y,200,
995644,https://miu-documentos.s3.us-west-2.amazonaws.com/DATA-DOCS/miu-hml/documentos/143595/20040100/miuDocumento_995642_9.CasosClinicos-EIMs.pdf,miu-documentos,DATA-DOCS/miu-hml/documentos/143595/20040100/miuDocumento_995642_9.CasosClinicos-EIMs.pdf,Y,200,
995665,"https://miu-documentos.s3.us-west-2.amazonaws.com/DATA-DOCS/miu-hml/documentos/139019/20040100/miuDocumento_958870_GardnerandSutherlandChromosomalAbnormalities,Ch13Aneuploidies_995665.pdf",miu-documentos,"DATA-DOCS/miu-hml/documentos/139019/20040100/miuDocumento_958870_GardnerandSutherlandChromosomalAbnormalities,Ch13Aneuploidies_995665.pdf",Y,200,
995685,https://miu-documentos.s3.us-west-2.amazonaws.com/DATA-DOCS/miu-hml/documentos/139019/20040100/miuDocumento_958882_RiskAssesmentandGeneticCounseling_995685.pdf,miu-documentos,DATA-DOCS/miu-hml/documentos/139019/20040100/miuDocumento_958882_RiskAssesmentandGeneticCounseling_995685.pdf,Y,200,
995879,https://miu-documentos.s3.us-west-2.amazonaws.com/DATA-DOCS/miu-hml/documentos/143583/20040100/miuDocumento_995854_3_995879.Bioinformatica,miu-documentos,DATA-DOCS/miu-hml/documentos/143583/20040100/miuDocumento_995854_3_995879.Bioinformatica,Y,200,
995886,"https://miu-documentos.s3.us-west-2.amazonaws.com/DATA-DOCS/miu-hml/documentos/143583/20040100/miuDocumento_995875_11_995886.ParticipacionenClase,CienciasOmicas",miu-documentos,"DATA-DOCS/miu-hml/documentos/143583/20040100/miuDocumento_995875_11_995886.ParticipacionenClase,CienciasOmicas",Y,200,
995584,https://miu-documentos.s3.us-west-2.amazonaws.com/DATA-DOCS/miu-hml/documentos/133129/20090970/miuDocumento_923278_Fundamentaciondelametafisicadelascostumbres-Kant_958608_995584.pdf,miu-documentos,DATA-DOCS/miu-hml/documentos/133129/20090970/miuDocumento_923278_Fundamentaciondelametafisicadelascostumbres-Kant_958608_995584.pdf,Y,200,
995562,"https://miu-documentos.s3.us-west-2.amazonaws.com/DATA-DOCS/miu-hml/documentos/133129/20090970/miuDocumento_923251_Concepcionesdeetica-Camps,etal_958584_995562.pdf",miu-documentos,"DATA-DOCS/miu-hml/documentos/133129/20090970/miuDocumento_923251_Concepcionesdeetica-Camps,etal_958584_995562.pdf",Y,200,
995361,"https://miu-documentos.s3.us-west-2.amazonaws.com/DATA-DOCS/miu-hml/documentos/133191/20010364/miuDocumento_924806_mariolaborda,+Journal+manager,+17432-51259-1-CE_981673_995361.pdf",miu-documentos,"DATA-DOCS/miu-hml/documentos/133191/20010364/miuDocumento_924806_mariolaborda,+Journal+manager,+17432-51259-1-CE_981673_995361.pdf",N,404,
996151,https://miu-documentos.s3.us-west-2.amazonaws.com/DATA-DOCS/miu-hml/documentos/144844/20110699/miuDocumento_996151_Class3_TheBarakat-20251218T033845Z-3-001.zip,miu-documentos,DATA-DOCS/miu-hml/documentos/144844/20110699/miuDocumento_996151_Class3_TheBarakat-20251218T033845Z-3-001.zip,Y,200,
996156,https://miu-documentos.s3.us-west-2.amazonaws.com/DATA-DOCS/miu-hml/documentos/144844/20110699/miuDocumento_996156_Class8_KrispyKremeDoughnuts-20251218T033858Z-3-001.zip,miu-documentos,DATA-DOCS/miu-hml/documentos/144844/20110699/miuDocumento_996156_Class8_KrispyKremeDoughnuts-20251218T033858Z-3-001.zip,Y,200,
996159,https://miu-documentos.s3.us-west-2.amazonaws.com/DATA-DOCS/miu-hml/documentos/144844/20110699/miuDocumento_996159_Class11_BrazosPartnerstheCoMarkLBO-20251218T033801Z-3-001.zip,miu-documentos,DATA-DOCS/miu-hml/documentos/144844/20110699/miuDocumento_996159_Class11_BrazosPartnerstheCoMarkLBO-20251218T033801Z-3-001.zip,Y,200,
996166,https://miu-documentos.s3.us-west-2.amazonaws.com/DATA-DOCS/miu-hml/documentos/143697/20070803/miuDocumento_996166_GRUPOSDEFIJOyCOMUNIDADES1rarot2026.docx,miu-documentos,DATA-DOCS/miu-hml/documentos/143697/20070803/miuDocumento_996166_GRUPOSDEFIJOyCOMUNIDADES1rarot2026.docx,Y,200,
996167,https://miu-documentos.s3.us-west-2.amazonaws.com/DATA-DOCS/miu-hml/documentos/143861/20070803/miuDocumento_996166_GRUPOSDEFIJOyCOMUNIDADES1rarot2026.docx,miu-documentos,DATA-DOCS/miu-hml/documentos/143861/20070803/miuDocumento_996166_GRUPOSDEFIJOyCOMUNIDADES1rarot2026.docx,Y,200,
996168,https://miu-documentos.s3.us-west-2.amazonaws.com/DATA-DOCS/miu-hml/documentos/143697/20070803/miuDocumento_996168_ROLDETURNOS.xlsx,miu-documentos,DATA-DOCS/miu-hml/documentos/143697/20070803/miuDocumento_996168_ROLDETURNOS.xlsx,Y,200,
996169,https://miu-documentos.s3.us-west-2.amazonaws.com/DATA-DOCS/miu-hml/documentos/143861/20070803/miuDocumento_996168_ROLDETURNOS.xlsx,miu-documentos,DATA-DOCS/miu-hml/documentos/143861/20070803/miuDocumento_996168_ROLDETURNOS.xlsx,Y,200,
996170,https://miu-documentos.s3.us-west-2.amazonaws.com/DATA-DOCS/miu-hml/documentos/143697/20070803/miuDocumento_996170_ROLDEFIJOS.docx,miu-documentos,DATA-DOCS/miu-hml/documentos/143697/20070803/miuDocumento_996170_ROLDEFIJOS.docx,Y,200,
996171,https://miu-documentos.s3.us-west-2.amazonaws.com/DATA-DOCS/miu-hml/documentos/143861/20070803/miuDocumento_996170_ROLDEFIJOS.docx,miu-documentos,DATA-DOCS/miu-hml/documentos/143861/20070803/miuDocumento_996170_ROLDEFIJOS.docx,Y,200,
996195,https://miu-documentos.s3.us-west-2.amazonaws.com/DATA-DOCS/miu-hml/documentos/143666/20021275/miuDocumento_996195_infoInternosiniciorotenero.docx,miu-documentos,DATA-DOCS/miu-hml/documentos/143666/20021275/miuDocumento_996195_infoInternosiniciorotenero.docx,Y,200,
996196,https://miu-documentos.s3.us-west-2.amazonaws.com/DATA-DOCS/miu-hml/documentos/143697/20070803/miuDocumento_996196_REGLAMENTOINTERNOPARAELESTUDIANTEDEMEDICINA.docx,miu-documentos,DATA-DOCS/miu-hml/documentos/143697/20070803/miuDocumento_996196_REGLAMENTOINTERNOPARAELESTUDIANTEDEMEDICINA.docx,Y,200,
997264,https://miu-documentos.s3.us-west-2.amazonaws.com/DATA-DOCS/miu-hml/documentos/143415/97000473/miuDocumento_997264_Lectura4.ExcesodeLiquidezRiesgoono.pdf,miu-documentos,DATA-DOCS/miu-hml/documentos/143415/97000473/miuDocumento_997264_Lectura4.ExcesodeLiquidezRiesgoono.pdf,Y,200,
997268,https://miu-documentos.s3.us-west-2.amazonaws.com/DATA-DOCS/miu-hml/documentos/144827/20230676/miuDocumento_997268_00Guiaparatenerexitoenelcurso.pdf,miu-documentos,DATA-DOCS/miu-hml/documentos/144827/20230676/miuDocumento_997268_00Guiaparatenerexitoenelcurso.pdf,Y,200,
997286,https://miu-documentos.s3.us-west-2.amazonaws.com/DATA-DOCS/miu-hml/documentos/143766/20151104/miuDocumento_997286_BQdelasaliva.pdf,miu-documentos,DATA-DOCS/miu-hml/documentos/143766/20151104/miuDocumento_997286_BQdelasaliva.pdf,Y,200,
997287,https://miu-documentos.s3.us-west-2.amazonaws.com/DATA-DOCS/miu-hml/documentos/143767/20151104/miuDocumento_997286_BQdelasaliva.pdf,miu-documentos,DATA-DOCS/miu-hml/documentos/143767/20151104/miuDocumento_997286_BQdelasaliva.pdf,Y,200,
997314,https://miu-documentos.s3.us-west-2.amazonaws.com/DATA-DOCS/miu-hml/documentos/142924/20010656/miuDocumento_959091_2025_MarcoconceptualdelaSeguridadylaDefensa.pptx,miu-documentos,DATA-DOCS/miu-hml/documentos/142924/20010656/miuDocumento_959091_2025_MarcoconceptualdelaSeguridadylaDefensa.pptx,Y,200,
997412,https://miu-documentos.s3.us-west-2.amazonaws.com/DATA-DOCS/miu-hml/documentos/143754/20130546/miuDocumento_997412_2026MICROPROGRAMACIONEXCELCLASETEORICA.xlsx,miu-documentos,DATA-DOCS/miu-hml/documentos/143754/20130546/miuDocumento_997412_2026MICROPROGRAMACIONEXCELCLASETEORICA.xlsx,Y,200,
997413,https://miu-documentos.s3.us-west-2.amazonaws.com/DATA-DOCS/miu-hml/documentos/143755/20130546/miuDocumento_997412_2026MICROPROGRAMACIONEXCELCLASETEORICA.xlsx,miu-documentos,DATA-DOCS/miu-hml/documentos/143755/20130546/miuDocumento_997412_2026MICROPROGRAMACIONEXCELCLASETEORICA.xlsx,Y,200,
997317,https://miu-documentos.s3.us-west-2.amazonaws.com/DATA-DOCS/miu-hml/documentos/142924/20010656/miuDocumento_959092_2_2025_Conceptodeguerra.pptx,miu-documentos,DATA-DOCS/miu-hml/documentos/142924/20010656/miuDocumento_959092_2_2025_Conceptodeguerra.pptx,Y,200,
997414,https://miu-documentos.s3.us-west-2.amazonaws.com/DATA-DOCS/miu-hml/documentos/143756/20130546/miuDocumento_997412_2026MICROPROGRAMACIONEXCELCLASETEORICA.xlsx,miu-documentos,DATA-DOCS/miu-hml/documentos/143756/20130546/miuDocumento_997412_2026MICROPROGRAMACIONEXCELCLASETEORICA.xlsx,Y,200,
997319,https://miu-documentos.s3.us-west-2.amazonaws.com/DATA-DOCS/miu-hml/documentos/142924/20010656/miuDocumento_958944_Johnson-paul-tiempos-modernos.pdf,miu-documentos,DATA-DOCS/miu-hml/documentos/142924/20010656/miuDocumento_958944_Johnson-paul-tiempos-modernos.pdf,Y,200,
997530,https://miu-documentos.s3.us-west-2.amazonaws.com/DATA-DOCS/miu-hml/documentos/143979/20020131/miuDocumento_997530_Lectura2-LasociedadcomocontratoCarlosAugustoVanasco.pdf,miu-documentos,DATA-DOCS/miu-hml/documentos/143979/20020131/miuDocumento_997530_Lectura2-LasociedadcomocontratoCarlosAugustoVanasco.pdf,Y,200,
997321,https://miu-documentos.s3.us-west-2.amazonaws.com/DATA-DOCS/miu-hml/documentos/142924/20010656/miuDocumento_959129_2025_Librosblancosdeseguridadydefensa.pptx,miu-documentos,DATA-DOCS/miu-hml/documentos/142924/20010656/miuDocumento_959129_2025_Librosblancosdeseguridadydefensa.pptx,Y,200,
997322,https://miu-documentos.s3.us-west-2.amazonaws.com/DATA-DOCS/miu-hml/documentos/142924/20010656/miuDocumento_959088_Queesunadeclaraciondeguerra.docx,miu-documentos,DATA-DOCS/miu-hml/documentos/142924/20010656/miuDocumento_959088_Queesunadeclaraciondeguerra.docx,Y,200,
997323,https://miu-documentos.s3.us-west-2.amazonaws.com/DATA-DOCS/miu-hml/documentos/142924/20010656/miuDocumento_958949_ElusoadecuadodelaIAparaqueseaunaherramientautilynounmedioparacopiarohacertrabajossinaprendizaje.pdf,miu-documentos,DATA-DOCS/miu-hml/documentos/142924/20010656/miuDocumento_958949_ElusoadecuadodelaIAparaqueseaunaherramientautilynounmedioparacopiarohacertrabajossinaprendizaje.pdf,Y,200,
997324,https://miu-documentos.s3.us-west-2.amazonaws.com/DATA-DOCS/miu-hml/documentos/142924/20010656/miuDocumento_959480_4_2025_Areasyzonasclavesenelmundo_EUROPAYRUSIA.pptx,miu-documentos,DATA-DOCS/miu-hml/documentos/142924/20010656/miuDocumento_959480_4_2025_Areasyzonasclavesenelmundo_EUROPAYRUSIA.pptx,Y,200,
997531,https://miu-documentos.s3.us-west-2.amazonaws.com/DATA-DOCS/miu-hml/documentos/143980/20020131/miuDocumento_997530_Lectura2-LasociedadcomocontratoCarlosAugustoVanasco.pdf,miu-documentos,DATA-DOCS/miu-hml/documentos/143980/20020131/miuDocumento_997530_Lectura2-LasociedadcomocontratoCarlosAugustoVanasco.pdf,Y,200,
997565,https://miu-documentos.s3.us-west-2.amazonaws.com/DATA-DOCS/miu-hml/documentos/144222/97000142/miuDocumento_997565_Caso1ObliII2026.pdf,miu-documentos,DATA-DOCS/miu-hml/documentos/144222/97000142/miuDocumento_997565_Caso1ObliII2026.pdf,Y,200,
997327,https://miu-documentos.s3.us-west-2.amazonaws.com/DATA-DOCS/miu-hml/documentos/142924/20010656/miuDocumento_959481_5_2025_Areasyzonasclavesenelmundo_AMERICAYAFRICA.pptx,miu-documentos,DATA-DOCS/miu-hml/documentos/142924/20010656/miuDocumento_959481_5_2025_Areasyzonasclavesenelmundo_AMERICAYAFRICA.pptx,Y,200,
997559,https://miu-documentos.s3.us-west-2.amazonaws.com/DATA-DOCS/miu-hml/documentos/143375/20130088/miuDocumento_997559_Syllabus_B.pdf,miu-documentos,DATA-DOCS/miu-hml/documentos/143375/20130088/miuDocumento_997559_Syllabus_B.pdf,Y,200,
997566,https://miu-documentos.s3.us-west-2.amazonaws.com/DATA-DOCS/miu-hml/documentos/144221/97000142/miuDocumento_997565_Caso1ObliII2026.pdf,miu-documentos,DATA-DOCS/miu-hml/documentos/144221/97000142/miuDocumento_997565_Caso1ObliII2026.pdf,Y,200,
997330,https://miu-documentos.s3.us-west-2.amazonaws.com/DATA-DOCS/miu-hml/documentos/142924/20010656/miuDocumento_959482_6_2025_Areasyzonasclavesenelmundo_ORIENTEMEDIOYCHINA.pptx,miu-documentos,DATA-DOCS/miu-hml/documentos/142924/20010656/miuDocumento_959482_6_2025_Areasyzonasclavesenelmundo_ORIENTEMEDIOYCHINA.pptx,Y,200,
997567,https://miu-documentos.s3.us-west-2.amazonaws.com/DATA-DOCS/miu-hml/documentos/144222/97000142/miuDocumento_997567_PreguntasCaso1AObliII2026.pdf,miu-documentos,DATA-DOCS/miu-hml/documentos/144222/97000142/miuDocumento_997567_PreguntasCaso1AObliII2026.pdf,Y,200,
997568,https://miu-documentos.s3.us-west-2.amazonaws.com/DATA-DOCS/miu-hml/documentos/144221/97000142/miuDocumento_997567_PreguntasCaso1AObliII2026.pdf,miu-documentos,DATA-DOCS/miu-hml/documentos/144221/97000142/miuDocumento_997567_PreguntasCaso1AObliII2026.pdf,Y,200,
996911,https://miu-documentos.s3.us-west-2.amazonaws.com/DATA-DOCS/miu-hml/documentos/143011/12900745/miuDocumento_996910_04.Contratoyejecucionhidroelectricaen26.docx,miu-documentos,DATA-DOCS/miu-hml/documentos/143011/12900745/miuDocumento_996910_04.Contratoyejecucionhidroelectricaen26.docx,Y,200,
996922,https://miu-documentos.s3.us-west-2.amazonaws.com/DATA-DOCS/miu-hml/documentos/143720/23820040/miuDocumento_996922_a_c.nuclicos.9aed.2018.JeffHardinGregoryBertoni-Becker_sWorldoftheCell-Pearson2018.pdf,miu-documentos,DATA-DOCS/miu-hml/documentos/143720/23820040/miuDocumento_996922_a_c.nuclicos.9aed.2018.JeffHardinGregoryBertoni-Becker_sWorldoftheCell-Pearson2018.pdf,Y,200,
996923,https://miu-documentos.s3.us-west-2.amazonaws.com/DATA-DOCS/miu-hml/documentos/143722/23820040/miuDocumento_996922_a_c.nuclicos.9aed.2018.JeffHardinGregoryBertoni-Becker_sWorldoftheCell-Pearson2018.pdf,miu-documentos,DATA-DOCS/miu-hml/documentos/143722/23820040/miuDocumento_996922_a_c.nuclicos.9aed.2018.JeffHardinGregoryBertoni-Becker_sWorldoftheCell-Pearson2018.pdf,Y,200,
996924,https://miu-documentos.s3.us-west-2.amazonaws.com/DATA-DOCS/miu-hml/documentos/143721/23820040/miuDocumento_996922_a_c.nuclicos.9aed.2018.JeffHardinGregoryBertoni-Becker_sWorldoftheCell-Pearson2018.pdf,miu-documentos,DATA-DOCS/miu-hml/documentos/143721/23820040/miuDocumento_996922_a_c.nuclicos.9aed.2018.JeffHardinGregoryBertoni-Becker_sWorldoftheCell-Pearson2018.pdf,Y,200,
996384,https://miu-documentos.s3.us-west-2.amazonaws.com/DATA-DOCS/miu-hml/documentos/143742/20141005/miuDocumento_961575_Citar_referenciar_(Vancouver).pdf,miu-documentos,DATA-DOCS/miu-hml/documentos/143742/20141005/miuDocumento_961575_Citar_referenciar_(Vancouver).pdf,Y,200,
996952,https://miu-documentos.s3.us-west-2.amazonaws.com/DATA-DOCS/miu-hml/documentos/143720/23820040/miuDocumento_996952_enzimas.9aed.2018.JeffHardinGregoryBertoni-Becker_sWorldoftheCell-Pearson2018.pdf,miu-documentos,DATA-DOCS/miu-hml/documentos/143720/23820040/miuDocumento_996952_enzimas.9aed.2018.JeffHardinGregoryBertoni-Becker_sWorldoftheCell-Pearson2018.pdf,Y,200,
996953,https://miu-documentos.s3.us-west-2.amazonaws.com/DATA-DOCS/miu-hml/documentos/143722/23820040/miuDocumento_996952_enzimas.9aed.2018.JeffHardinGregoryBertoni-Becker_sWorldoftheCell-Pearson2018.pdf,miu-documentos,DATA-DOCS/miu-hml/documentos/143722/23820040/miuDocumento_996952_enzimas.9aed.2018.JeffHardinGregoryBertoni-Becker_sWorldoftheCell-Pearson2018.pdf,Y,200,
996954,https://miu-documentos.s3.us-west-2.amazonaws.com/DATA-DOCS/miu-hml/documentos/143721/23820040/miuDocumento_996952_enzimas.9aed.2018.JeffHardinGregoryBertoni-Becker_sWorldoftheCell-Pearson2018.pdf,miu-documentos,DATA-DOCS/miu-hml/documentos/143721/23820040/miuDocumento_996952_enzimas.9aed.2018.JeffHardinGregoryBertoni-Becker_sWorldoftheCell-Pearson2018.pdf,Y,200,
997003,https://miu-documentos.s3.us-west-2.amazonaws.com/DATA-DOCS/miu-hml/documentos/143720/23820040/miuDocumento_997003_CTEyfosforilacio_noxidativa.JeffHardinGregoryBertoni-Becker_sWorldoftheCell-Pearson2018.pdf,miu-documentos,DATA-DOCS/miu-hml/documentos/143720/23820040/miuDocumento_997003_CTEyfosforilacio_noxidativa.JeffHardinGregoryBertoni-Becker_sWorldoftheCell-Pearson2018.pdf,Y,200,
997004,https://miu-documentos.s3.us-west-2.amazonaws.com/DATA-DOCS/miu-hml/documentos/143722/23820040/miuDocumento_997003_CTEyfosforilacio_noxidativa.JeffHardinGregoryBertoni-Becker_sWorldoftheCell-Pearson2018.pdf,miu-documentos,DATA-DOCS/miu-hml/documentos/143722/23820040/miuDocumento_997003_CTEyfosforilacio_noxidativa.JeffHardinGregoryBertoni-Becker_sWorldoftheCell-Pearson2018.pdf,Y,200,
997005,https://miu-documentos.s3.us-west-2.amazonaws.com/DATA-DOCS/miu-hml/documentos/143721/23820040/miuDocumento_997003_CTEyfosforilacio_noxidativa.JeffHardinGregoryBertoni-Becker_sWorldoftheCell-Pearson2018.pdf,miu-documentos,DATA-DOCS/miu-hml/documentos/143721/23820040/miuDocumento_997003_CTEyfosforilacio_noxidativa.JeffHardinGregoryBertoni-Becker_sWorldoftheCell-Pearson2018.pdf,Y,200,
997045,https://miu-documentos.s3.us-west-2.amazonaws.com/DATA-DOCS/miu-hml/documentos/143722/23820040/miuDocumento_997041_co_digogene_ticoyframeshiftmutations.9aed.2018.JeffHardinGregoryBertoni-Becker_sWorldoftheCell-Pearson2018.pdf,miu-documentos,DATA-DOCS/miu-hml/documentos/143722/23820040/miuDocumento_997041_co_digogene_ticoyframeshiftmutations.9aed.2018.JeffHardinGregoryBertoni-Becker_sWorldoftheCell-Pearson2018.pdf,Y,200,
997096,https://miu-documentos.s3.us-west-2.amazonaws.com/DATA-DOCS/miu-hml/documentos/143720/23820040/miuDocumento_997096_DIRECC.PROTEI_NAS.6thedition-Alberts-NEW.pdf,miu-documentos,DATA-DOCS/miu-hml/documentos/143720/23820040/miuDocumento_997096_DIRECC.PROTEI_NAS.6thedition-Alberts-NEW.pdf,Y,200,
997097,https://miu-documentos.s3.us-west-2.amazonaws.com/DATA-DOCS/miu-hml/documentos/143722/23820040/miuDocumento_997096_DIRECC.PROTEI_NAS.6thedition-Alberts-NEW.pdf,miu-documentos,DATA-DOCS/miu-hml/documentos/143722/23820040/miuDocumento_997096_DIRECC.PROTEI_NAS.6thedition-Alberts-NEW.pdf,Y,200,
997098,https://miu-documentos.s3.us-west-2.amazonaws.com/DATA-DOCS/miu-hml/documentos/143721/23820040/miuDocumento_997096_DIRECC.PROTEI_NAS.6thedition-Alberts-NEW.pdf,miu-documentos,DATA-DOCS/miu-hml/documentos/143721/23820040/miuDocumento_997096_DIRECC.PROTEI_NAS.6thedition-Alberts-NEW.pdf,Y,200,
997105,https://miu-documentos.s3.us-west-2.amazonaws.com/DATA-DOCS/miu-hml/documentos/143720/23820040/miuDocumento_997105_PEX.2019.ALBERTS6THED.pdf,miu-documentos,DATA-DOCS/miu-hml/documentos/143720/23820040/miuDocumento_997105_PEX.2019.ALBERTS6THED.pdf,Y,200,
997106,https://miu-documentos.s3.us-west-2.amazonaws.com/DATA-DOCS/miu-hml/documentos/143722/23820040/miuDocumento_997105_PEX.2019.ALBERTS6THED.pdf,miu-documentos,DATA-DOCS/miu-hml/documentos/143722/23820040/miuDocumento_997105_PEX.2019.ALBERTS6THED.pdf,Y,200,
997107,https://miu-documentos.s3.us-west-2.amazonaws.com/DATA-DOCS/miu-hml/documentos/143721/23820040/miuDocumento_997105_PEX.2019.ALBERTS6THED.pdf,miu-documentos,DATA-DOCS/miu-hml/documentos/143721/23820040/miuDocumento_997105_PEX.2019.ALBERTS6THED.pdf,Y,200,
997126,https://miu-documentos.s3.us-west-2.amazonaws.com/DATA-DOCS/miu-hml/documentos/143720/23820040/miuDocumento_997126_2.MitosisBeckers2021.pdf,miu-documentos,DATA-DOCS/miu-hml/documentos/143720/23820040/miuDocumento_997126_2.MitosisBeckers2021.pdf,Y,200,
997127,https://miu-documentos.s3.us-west-2.amazonaws.com/DATA-DOCS/miu-hml/documentos/143722/23820040/miuDocumento_997126_2.MitosisBeckers2021.pdf,miu-documentos,DATA-DOCS/miu-hml/documentos/143722/23820040/miuDocumento_997126_2.MitosisBeckers2021.pdf,Y,200,
997128,https://miu-documentos.s3.us-west-2.amazonaws.com/DATA-DOCS/miu-hml/documentos/143721/23820040/miuDocumento_997126_2.MitosisBeckers2021.pdf,miu-documentos,DATA-DOCS/miu-hml/documentos/143721/23820040/miuDocumento_997126_2.MitosisBeckers2021.pdf,Y,200,
996197,https://miu-documentos.s3.us-west-2.amazonaws.com/DATA-DOCS/miu-hml/documentos/143861/20070803/miuDocumento_996196_REGLAMENTOINTERNOPARAELESTUDIANTEDEMEDICINA.docx,miu-documentos,DATA-DOCS/miu-hml/documentos/143861/20070803/miuDocumento_996196_REGLAMENTOINTERNOPARAELESTUDIANTEDEMEDICINA.docx,Y,200,
996235,https://miu-documentos.s3.us-west-2.amazonaws.com/DATA-DOCS/miu-hml/documentos/143557/20100147/miuDocumento_996235_RUB.DESTREZASQUIRURGICAS.pdf,miu-documentos,DATA-DOCS/miu-hml/documentos/143557/20100147/miuDocumento_996235_RUB.DESTREZASQUIRURGICAS.pdf,Y,200,
996236,https://miu-documentos.s3.us-west-2.amazonaws.com/DATA-DOCS/miu-hml/documentos/143828/20100147/miuDocumento_996235_RUB.DESTREZASQUIRURGICAS.pdf,miu-documentos,DATA-DOCS/miu-hml/documentos/143828/20100147/miuDocumento_996235_RUB.DESTREZASQUIRURGICAS.pdf,Y,200,
996237,https://miu-documentos.s3.us-west-2.amazonaws.com/DATA-DOCS/miu-hml/documentos/143830/20100147/miuDocumento_996235_RUB.DESTREZASQUIRURGICAS.pdf,miu-documentos,DATA-DOCS/miu-hml/documentos/143830/20100147/miuDocumento_996235_RUB.DESTREZASQUIRURGICAS.pdf,Y,200,
996238,https://miu-documentos.s3.us-west-2.amazonaws.com/DATA-DOCS/miu-hml/documentos/143559/20100147/miuDocumento_996235_RUB.DESTREZASQUIRURGICAS.pdf,miu-documentos,DATA-DOCS/miu-hml/documentos/143559/20100147/miuDocumento_996235_RUB.DESTREZASQUIRURGICAS.pdf,Y,200,
996239,https://miu-documentos.s3.us-west-2.amazonaws.com/DATA-DOCS/miu-hml/documentos/143558/20100147/miuDocumento_996235_RUB.DESTREZASQUIRURGICAS.pdf,miu-documentos,DATA-DOCS/miu-hml/documentos/143558/20100147/miuDocumento_996235_RUB.DESTREZASQUIRURGICAS.pdf,Y,200,
996240,https://miu-documentos.s3.us-west-2.amazonaws.com/DATA-DOCS/miu-hml/documentos/143560/20100147/miuDocumento_996235_RUB.DESTREZASQUIRURGICAS.pdf,miu-documentos,DATA-DOCS/miu-hml/documentos/143560/20100147/miuDocumento_996235_RUB.DESTREZASQUIRURGICAS.pdf,Y,200,
996266,https://miu-documentos.s3.us-west-2.amazonaws.com/DATA-DOCS/miu-hml/documentos/143679/20100147/miuDocumento_996266_POI2026-GRUPO1.pdf,miu-documentos,DATA-DOCS/miu-hml/documentos/143679/20100147/miuDocumento_996266_POI2026-GRUPO1.pdf,Y,200,
996274,https://miu-documentos.s3.us-west-2.amazonaws.com/DATA-DOCS/miu-hml/documentos/143819/20200573/miuDocumento_996274_Hojadecalificaciondeturnos.pdf,miu-documentos,DATA-DOCS/miu-hml/documentos/143819/20200573/miuDocumento_996274_Hojadecalificaciondeturnos.pdf,Y,200,
996281,https://miu-documentos.s3.us-west-2.amazonaws.com/DATA-DOCS/miu-hml/documentos/143579/20200573/miuDocumento_996281_Hojadecalificaciondeturnos.pdf,miu-documentos,DATA-DOCS/miu-hml/documentos/143579/20200573/miuDocumento_996281_Hojadecalificaciondeturnos.pdf,Y,200,
996290,https://miu-documentos.s3.us-west-2.amazonaws.com/DATA-DOCS/miu-hml/documentos/143709/20150601/miuDocumento_996290_LogisticsManagementandStrategy5theditionCompetingthroughtheSupplyChain.pdf,miu-documentos,DATA-DOCS/miu-hml/documentos/143709/20150601/miuDocumento_996290_LogisticsManagementandStrategy5theditionCompetingthroughtheSupplyChain.pdf,Y,200,
996295,https://miu-documentos.s3.us-west-2.amazonaws.com/DATA-DOCS/miu-hml/documentos/143709/20150601/miuDocumento_996295_19-09951_e_ebook.pdf,miu-documentos,DATA-DOCS/miu-hml/documentos/143709/20150601/miuDocumento_996295_19-09951_e_ebook.pdf,Y,200,
996299,https://miu-documentos.s3.us-west-2.amazonaws.com/DATA-DOCS/miu-hml/documentos/143709/20150601/miuDocumento_996299_rkc_spanish.pdf,miu-documentos,DATA-DOCS/miu-hml/documentos/143709/20150601/miuDocumento_996299_rkc_spanish.pdf,Y,200,
996305,https://miu-documentos.s3.us-west-2.amazonaws.com/DATA-DOCS/miu-hml/documentos/143709/20150601/miuDocumento_996305_ListofIMOpublications.pdf,miu-documentos,DATA-DOCS/miu-hml/documentos/143709/20150601/miuDocumento_996305_ListofIMOpublications.pdf,Y,200,
996365,https://miu-documentos.s3.us-west-2.amazonaws.com/DATA-DOCS/miu-hml/documentos/143740/20141005/miuDocumento_961570_NORMASVANCOUVER.pdf,miu-documentos,DATA-DOCS/miu-hml/documentos/143740/20141005/miuDocumento_961570_NORMASVANCOUVER.pdf,Y,200,
996366,https://miu-documentos.s3.us-west-2.amazonaws.com/DATA-DOCS/miu-hml/documentos/143740/20141005/miuDocumento_961558_Acentuaciongraficaenespanol(Enclave)MayraFranke.pdf,miu-documentos,DATA-DOCS/miu-hml/documentos/143740/20141005/miuDocumento_961558_Acentuaciongraficaenespanol(Enclave)MayraFranke.pdf,Y,200,
996367,https://miu-documentos.s3.us-west-2.amazonaws.com/DATA-DOCS/miu-hml/documentos/143740/20141005/miuDocumento_938592_GUI?A-VANCOUVER-UIA_961567.pdf,miu-documentos,DATA-DOCS/miu-hml/documentos/143740/20141005/miuDocumento_938592_GUI,N,404,
996368,https://miu-documentos.s3.us-west-2.amazonaws.com/DATA-DOCS/miu-hml/documentos/143740/20141005/miuDocumento_961575_Citar_referenciar_(Vancouver).pdf,miu-documentos,DATA-DOCS/miu-hml/documentos/143740/20141005/miuDocumento_961575_Citar_referenciar_(Vancouver).pdf,Y,200,
996399,https://miu-documentos.s3.us-west-2.amazonaws.com/DATA-DOCS/miu-hml/documentos/144708/20180351/miuDocumento_996399_8.DueckCAgeofIronOnconservativenationalism.pdf,miu-documentos,DATA-DOCS/miu-hml/documentos/144708/20180351/miuDocumento_996399_8.DueckCAgeofIronOnconservativenationalism.pdf,Y,200,
996404,https://miu-documentos.s3.us-west-2.amazonaws.com/DATA-DOCS/miu-hml/documentos/144708/20180351/miuDocumento_996404_13.GrayC.S.TheStrategyBridge.pdf,miu-documentos,DATA-DOCS/miu-hml/documentos/144708/20180351/miuDocumento_996404_13.GrayC.S.TheStrategyBridge.pdf,Y,200,
996417,https://miu-documentos.s3.us-west-2.amazonaws.com/DATA-DOCS/miu-hml/documentos/144708/20180351/miuDocumento_996417_26.OHanlonM.E.StaresP.B.2025.TheOnceandFutureTransatlanticAlliance..pdf,miu-documentos,DATA-DOCS/miu-hml/documentos/144708/20180351/miuDocumento_996417_26.OHanlonM.E.StaresP.B.2025.TheOnceandFutureTransatlanticAlliance..pdf,Y,200,
996419,https://miu-documentos.s3.us-west-2.amazonaws.com/DATA-DOCS/miu-hml/documentos/144708/20180351/miuDocumento_996419_28.TheWallStreetJournal.2025.TrumpWinstheBattleofNATO.pdf,miu-documentos,DATA-DOCS/miu-hml/documentos/144708/20180351/miuDocumento_996419_28.TheWallStreetJournal.2025.TrumpWinstheBattleofNATO.pdf,Y,200,
996741,https://miu-documentos.s3.us-west-2.amazonaws.com/DATA-DOCS/miu-hml/documentos/144845/20110699/miuDocumento_996741_Class9_RubbishBoys-20251228T063957Z-3-001.zip,miu-documentos,DATA-DOCS/miu-hml/documentos/144845/20110699/miuDocumento_996741_Class9_RubbishBoys-20251228T063957Z-3-001.zip,Y,200,
997570,https://miu-documentos.s3.us-west-2.amazonaws.com/DATA-DOCS/miu-hml/documentos/143379/30910351/miuDocumento_997570_Microeconomia_intermedia_Varian_8va_edic1.pdf,miu-documentos,DATA-DOCS/miu-hml/documentos/143379/30910351/miuDocumento_997570_Microeconomia_intermedia_Varian_8va_edic1.pdf,Y,200,
997332,https://miu-documentos.s3.us-west-2.amazonaws.com/DATA-DOCS/miu-hml/documentos/142924/20010656/miuDocumento_958951_riesgo_america_latina_2023_compressed(8).pdf,miu-documentos,DATA-DOCS/miu-hml/documentos/142924/20010656/miuDocumento_958951_riesgo_america_latina_2023_compressed(8).pdf,Y,200,
997689,https://miu-documentos.s3.us-west-2.amazonaws.com/DATA-DOCS/miu-hml/documentos/144009/20041153/miuDocumento_997688_TeoriadeComunicacion4.pdf,miu-documentos,DATA-DOCS/miu-hml/documentos/144009/20041153/miuDocumento_997688_TeoriadeComunicacion4.pdf,Y,200,
997591,https://miu-documentos.s3.us-west-2.amazonaws.com/DATA-DOCS/miu-hml/documentos/144062/20100579/miuDocumento_997591_Rbricadelaexposicinoral.pdf,miu-documentos,DATA-DOCS/miu-hml/documentos/144062/20100579/miuDocumento_997591_Rbricadelaexposicinoral.pdf,Y,200,
997335,https://miu-documentos.s3.us-west-2.amazonaws.com/DATA-DOCS/miu-hml/documentos/142924/20010656/miuDocumento_958952_Derechopenaldelenemigo_GuntherJakobs.pdf,miu-documentos,DATA-DOCS/miu-hml/documentos/142924/20010656/miuDocumento_958952_Derechopenaldelenemigo_GuntherJakobs.pdf,Y,200,
997625,https://miu-documentos.s3.us-west-2.amazonaws.com/DATA-DOCS/miu-hml/documentos/143509/20190609/miuDocumento_851710_Turnitin-ManualEstudiantes(1)_923325_959229.pdf,miu-documentos,DATA-DOCS/miu-hml/documentos/143509/20190609/miuDocumento_851710_Turnitin-ManualEstudiantes(1)_923325_959229.pdf,Y,200,
997626,https://miu-documentos.s3.us-west-2.amazonaws.com/DATA-DOCS/miu-hml/documentos/143511/20190609/miuDocumento_851710_Turnitin-ManualEstudiantes(1)_923325_959229.pdf,miu-documentos,DATA-DOCS/miu-hml/documentos/143511/20190609/miuDocumento_851710_Turnitin-ManualEstudiantes(1)_923325_959229.pdf,Y,200,
997338,https://miu-documentos.s3.us-west-2.amazonaws.com/DATA-DOCS/miu-hml/documentos/142924/20010656/miuDocumento_971031_Nuevosriesgosyamenazas.Laviolenciaysuscausas_2025.pptx,miu-documentos,DATA-DOCS/miu-hml/documentos/142924/20010656/miuDocumento_971031_Nuevosriesgosyamenazas.Laviolenciaysuscausas_2025.pptx,Y,200,
997339,https://miu-documentos.s3.us-west-2.amazonaws.com/DATA-DOCS/miu-hml/documentos/142924/20010656/miuDocumento_959487_12_2025_Terrorismo.pptx,miu-documentos,DATA-DOCS/miu-hml/documentos/142924/20010656/miuDocumento_959487_12_2025_Terrorismo.pptx,Y,200,
997627,https://miu-documentos.s3.us-west-2.amazonaws.com/DATA-DOCS/miu-hml/documentos/143509/20190609/miuDocumento_968602_Diapositivasclases.zip,miu-documentos,DATA-DOCS/miu-hml/documentos/143509/20190609/miuDocumento_968602_Diapositivasclases.zip,Y,200,
997628,https://miu-documentos.s3.us-west-2.amazonaws.com/DATA-DOCS/miu-hml/documentos/143511/20190609/miuDocumento_968602_Diapositivasclases.zip,miu-documentos,DATA-DOCS/miu-hml/documentos/143511/20190609/miuDocumento_968602_Diapositivasclases.zip,Y,200,
997629,https://miu-documentos.s3.us-west-2.amazonaws.com/DATA-DOCS/miu-hml/documentos/143509/20190609/miuDocumento_774453_miuDocumento_751475_PPT_923297_959232.zip,miu-documentos,DATA-DOCS/miu-hml/documentos/143509/20190609/miuDocumento_774453_miuDocumento_751475_PPT_923297_959232.zip,Y,200,
997630,https://miu-documentos.s3.us-west-2.amazonaws.com/DATA-DOCS/miu-hml/documentos/143511/20190609/miuDocumento_774453_miuDocumento_751475_PPT_923297_959232.zip,miu-documentos,DATA-DOCS/miu-hml/documentos/143511/20190609/miuDocumento_774453_miuDocumento_751475_PPT_923297_959232.zip,Y,200,
997631,"https://miu-documentos.s3.us-west-2.amazonaws.com/DATA-DOCS/miu-hml/documentos/143509/20190609/miuDocumento_889396_Weston,Lasclavesdelaargumentacion_959317.pdf",miu-documentos,"DATA-DOCS/miu-hml/documentos/143509/20190609/miuDocumento_889396_Weston,Lasclavesdelaargumentacion_959317.pdf",Y,200,
997632,"https://miu-documentos.s3.us-west-2.amazonaws.com/DATA-DOCS/miu-hml/documentos/143511/20190609/miuDocumento_889396_Weston,Lasclavesdelaargumentacion_959317.pdf",miu-documentos,"DATA-DOCS/miu-hml/documentos/143511/20190609/miuDocumento_889396_Weston,Lasclavesdelaargumentacion_959317.pdf",Y,200,
997633,https://miu-documentos.s3.us-west-2.amazonaws.com/DATA-DOCS/miu-hml/documentos/143509/20190609/miuDocumento_774455_Comoescribiruntrabajodefilosofia1_923311_959234.pdf,miu-documentos,DATA-DOCS/miu-hml/documentos/143509/20190609/miuDocumento_774455_Comoescribiruntrabajodefilosofia1_923311_959234.pdf,Y,200,
997634,https://miu-documentos.s3.us-west-2.amazonaws.com/DATA-DOCS/miu-hml/documentos/143511/20190609/miuDocumento_774455_Comoescribiruntrabajodefilosofia1_923311_959234.pdf,miu-documentos,DATA-DOCS/miu-hml/documentos/143511/20190609/miuDocumento_774455_Comoescribiruntrabajodefilosofia1_923311_959234.pdf,Y,200,
997638,https://miu-documentos.s3.us-west-2.amazonaws.com/DATA-DOCS/miu-hml/documentos/144060/20100579/miuDocumento_997638_Rbricadelensayo.pdf,miu-documentos,DATA-DOCS/miu-hml/documentos/144060/20100579/miuDocumento_997638_Rbricadelensayo.pdf,Y,200,
997690,https://miu-documentos.s3.us-west-2.amazonaws.com/DATA-DOCS/miu-hml/documentos/144008/20041153/miuDocumento_997688_TeoriadeComunicacion4.pdf,miu-documentos,DATA-DOCS/miu-hml/documentos/144008/20041153/miuDocumento_997688_TeoriadeComunicacion4.pdf,Y,200,
997769,https://miu-documentos.s3.us-west-2.amazonaws.com/DATA-DOCS/miu-hml/documentos/143351/20120084/miuDocumento_997769_ProgramaEconomiaInstitucional2026.docx,miu-documentos,DATA-DOCS/miu-hml/documentos/143351/20120084/miuDocumento_997769_ProgramaEconomiaInstitucional2026.docx,Y,200,
997793,https://miu-documentos.s3.us-west-2.amazonaws.com/DATA-DOCS/miu-hml/documentos/144092/12870542/miuDocumento_997793_260105-libertad-tipos-de-gobierno-orbaugh.pdf,miu-documentos,DATA-DOCS/miu-hml/documentos/144092/12870542/miuDocumento_997793_260105-libertad-tipos-de-gobierno-orbaugh.pdf,Y,200,
997794,https://miu-documentos.s3.us-west-2.amazonaws.com/DATA-DOCS/miu-hml/documentos/143351/20120084/miuDocumento_997794_McCloskey-InstitutionsMatterDraft2021.pdf,miu-documentos,DATA-DOCS/miu-hml/documentos/143351/20120084/miuDocumento_997794_McCloskey-InstitutionsMatterDraft2021.pdf,Y,200,
997146,https://miu-documentos.s3.us-west-2.amazonaws.com/DATA-DOCS/miu-hml/documentos/143342/16860249/miuDocumento_997146_ANEXINDECENTROAMRICAaMxicoresumida.pptx,miu-documentos,DATA-DOCS/miu-hml/documentos/143342/16860249/miuDocumento_997146_ANEXINDECENTROAMRICAaMxicoresumida.pptx,Y,200,
997150,https://miu-documentos.s3.us-west-2.amazonaws.com/DATA-DOCS/miu-hml/documentos/143309/20050380/miuDocumento_997150_CronogramaSeccionC.xlsx,miu-documentos,DATA-DOCS/miu-hml/documentos/143309/20050380/miuDocumento_997150_CronogramaSeccionC.xlsx,Y,200,
997174,https://miu-documentos.s3.us-west-2.amazonaws.com/DATA-DOCS/miu-hml/documentos/144519/20180989/miuDocumento_997173_6.Satia.Empireofguns.Theviolentmakingoftheindustrialrevolution.pdf,miu-documentos,DATA-DOCS/miu-hml/documentos/144519/20180989/miuDocumento_997173_6.Satia.Empireofguns.Theviolentmakingoftheindustrialrevolution.pdf,Y,200,
997177,https://miu-documentos.s3.us-west-2.amazonaws.com/DATA-DOCS/miu-hml/documentos/144518/20180989/miuDocumento_997177_8.Schweikart.AmericanEntrepreneur.TheFascinatingStories.pdf,miu-documentos,DATA-DOCS/miu-hml/documentos/144518/20180989/miuDocumento_997177_8.Schweikart.AmericanEntrepreneur.TheFascinatingStories.pdf,Y,200,
997178,https://miu-documentos.s3.us-west-2.amazonaws.com/DATA-DOCS/miu-hml/documentos/144519/20180989/miuDocumento_997177_8.Schweikart.AmericanEntrepreneur.TheFascinatingStories.pdf,miu-documentos,DATA-DOCS/miu-hml/documentos/144519/20180989/miuDocumento_997177_8.Schweikart.AmericanEntrepreneur.TheFascinatingStories.pdf,Y,200,
997173,https://miu-documentos.s3.us-west-2.amazonaws.com/DATA-DOCS/miu-hml/documentos/144518/20180989/miuDocumento_997173_6.Satia.Empireofguns.Theviolentmakingoftheindustrialrevolution.pdf,miu-documentos,DATA-DOCS/miu-hml/documentos/144518/20180989/miuDocumento_997173_6.Satia.Empireofguns.Theviolentmakingoftheindustrialrevolution.pdf,Y,200,
997205,https://miu-documentos.s3.us-west-2.amazonaws.com/DATA-DOCS/miu-hml/documentos/143311/20160205/miuDocumento_997205_ProgramadeEconometraII.pdf,miu-documentos,DATA-DOCS/miu-hml/documentos/143311/20160205/miuDocumento_997205_ProgramadeEconometraII.pdf,Y,200,
997210,https://miu-documentos.s3.us-west-2.amazonaws.com/DATA-DOCS/miu-hml/documentos/143441/22770076/miuDocumento_997210_ProgramaSemEcIII2026FT.pdf,miu-documentos,DATA-DOCS/miu-hml/documentos/143441/22770076/miuDocumento_997210_ProgramaSemEcIII2026FT.pdf,Y,200,
997262,https://miu-documentos.s3.us-west-2.amazonaws.com/DATA-DOCS/miu-hml/documentos/143415/97000473/miuDocumento_997262_Lectura2CausasyevoluciondelacrisisfinancieraSubprime.pdf,miu-documentos,DATA-DOCS/miu-hml/documentos/143415/97000473/miuDocumento_997262_Lectura2CausasyevoluciondelacrisisfinancieraSubprime.pdf,Y,200,
997356,https://miu-documentos.s3.us-west-2.amazonaws.com/DATA-DOCS/miu-hml/documentos/144002/20010656/miuDocumento_959050_Johnson-paul-tiempos-modernos.pdf,miu-documentos,DATA-DOCS/miu-hml/documentos/144002/20010656/miuDocumento_959050_Johnson-paul-tiempos-modernos.pdf,Y,200,
997289,https://miu-documentos.s3.us-west-2.amazonaws.com/DATA-DOCS/miu-hml/documentos/142924/20010656/miuDocumento_958943_Prisionerosdelageografia.pdf,miu-documentos,DATA-DOCS/miu-hml/documentos/142924/20010656/miuDocumento_958943_Prisionerosdelageografia.pdf,Y,200,
997357,https://miu-documentos.s3.us-west-2.amazonaws.com/DATA-DOCS/miu-hml/documentos/144003/20010656/miuDocumento_959050_Johnson-paul-tiempos-modernos.pdf,miu-documentos,DATA-DOCS/miu-hml/documentos/144003/20010656/miuDocumento_959050_Johnson-paul-tiempos-modernos.pdf,Y,200,
997358,https://miu-documentos.s3.us-west-2.amazonaws.com/DATA-DOCS/miu-hml/documentos/144002/20010656/miuDocumento_997358_FactorGeografico_2026.docx,miu-documentos,DATA-DOCS/miu-hml/documentos/144002/20010656/miuDocumento_997358_FactorGeografico_2026.docx,Y,200,
997292,https://miu-documentos.s3.us-west-2.amazonaws.com/DATA-DOCS/miu-hml/documentos/142924/20010656/miuDocumento_959089_guerrajustaatravestiempos.pdf,miu-documentos,DATA-DOCS/miu-hml/documentos/142924/20010656/miuDocumento_959089_guerrajustaatravestiempos.pdf,Y,200,
997359,https://miu-documentos.s3.us-west-2.amazonaws.com/DATA-DOCS/miu-hml/documentos/144003/20010656/miuDocumento_997359_FactorGeografico_2026.docx,miu-documentos,DATA-DOCS/miu-hml/documentos/144003/20010656/miuDocumento_997359_FactorGeografico_2026.docx,Y,200,
997294,https://miu-documentos.s3.us-west-2.amazonaws.com/DATA-DOCS/miu-hml/documentos/142924/20010656/miuDocumento_958945_Geoeconomia.pdf,miu-documentos,DATA-DOCS/miu-hml/documentos/142924/20010656/miuDocumento_958945_Geoeconomia.pdf,Y,200,
997360,https://miu-documentos.s3.us-west-2.amazonaws.com/DATA-DOCS/miu-hml/documentos/144002/20010656/miuDocumento_959054_Metodologiadeanalisis_2023.pdf,miu-documentos,DATA-DOCS/miu-hml/documentos/144002/20010656/miuDocumento_959054_Metodologiadeanalisis_2023.pdf,Y,200,
997361,https://miu-documentos.s3.us-west-2.amazonaws.com/DATA-DOCS/miu-hml/documentos/144003/20010656/miuDocumento_959054_Metodologiadeanalisis_2023.pdf,miu-documentos,DATA-DOCS/miu-hml/documentos/144003/20010656/miuDocumento_959054_Metodologiadeanalisis_2023.pdf,Y,200,
997362,https://miu-documentos.s3.us-west-2.amazonaws.com/DATA-DOCS/miu-hml/documentos/144002/20010656/miuDocumento_959066_ElusoadecuadodelaIAparaqueseaunaherramientautilynounmedioparacopiarohacertrabajossinaprendizaje.pdf,miu-documentos,DATA-DOCS/miu-hml/documentos/144002/20010656/miuDocumento_959066_ElusoadecuadodelaIAparaqueseaunaherramientautilynounmedioparacopiarohacertrabajossinaprendizaje.pdf,Y,200,
997363,https://miu-documentos.s3.us-west-2.amazonaws.com/DATA-DOCS/miu-hml/documentos/144003/20010656/miuDocumento_959066_ElusoadecuadodelaIAparaqueseaunaherramientautilynounmedioparacopiarohacertrabajossinaprendizaje.pdf,miu-documentos,DATA-DOCS/miu-hml/documentos/144003/20010656/miuDocumento_959066_ElusoadecuadodelaIAparaqueseaunaherramientautilynounmedioparacopiarohacertrabajossinaprendizaje.pdf,Y,200,
997364,https://miu-documentos.s3.us-west-2.amazonaws.com/DATA-DOCS/miu-hml/documentos/144002/20010656/miuDocumento_959052_Prisionerosdelageografia.pdf,miu-documentos,DATA-DOCS/miu-hml/documentos/144002/20010656/miuDocumento_959052_Prisionerosdelageografia.pdf,Y,200,
997365,https://miu-documentos.s3.us-west-2.amazonaws.com/DATA-DOCS/miu-hml/documentos/144003/20010656/miuDocumento_959052_Prisionerosdelageografia.pdf,miu-documentos,DATA-DOCS/miu-hml/documentos/144003/20010656/miuDocumento_959052_Prisionerosdelageografia.pdf,Y,200,
996744,https://miu-documentos.s3.us-west-2.amazonaws.com/DATA-DOCS/miu-hml/documentos/144845/20110699/miuDocumento_996744_Class12_Midterm-HCCIndustries-20251228T064101Z-3-001.zip,miu-documentos,DATA-DOCS/miu-hml/documentos/144845/20110699/miuDocumento_996744_Class12_Midterm-HCCIndustries-20251228T064101Z-3-001.zip,Y,200,
996746,https://miu-documentos.s3.us-west-2.amazonaws.com/DATA-DOCS/miu-hml/documentos/144845/20110699/miuDocumento_996746_Class14_ArckSystems-20251228T064105Z-3-001.zip,miu-documentos,DATA-DOCS/miu-hml/documentos/144845/20110699/miuDocumento_996746_Class14_ArckSystems-20251228T064105Z-3-001.zip,Y,200,
996747,https://miu-documentos.s3.us-west-2.amazonaws.com/DATA-DOCS/miu-hml/documentos/144845/20110699/miuDocumento_996747_Class15_AcmePerformanceManagement-20251228T064111Z-3-001.zip,miu-documentos,DATA-DOCS/miu-hml/documentos/144845/20110699/miuDocumento_996747_Class15_AcmePerformanceManagement-20251228T064111Z-3-001.zip,Y,200,
996753,https://miu-documentos.s3.us-west-2.amazonaws.com/DATA-DOCS/miu-hml/documentos/143679/20100147/miuDocumento_996753_9.Atenciondeclinicaparaestudiantesdelareaclinica.docx-DocumentosdeGoogle.pdf,miu-documentos,DATA-DOCS/miu-hml/documentos/143679/20100147/miuDocumento_996753_9.Atenciondeclinicaparaestudiantesdelareaclinica.docx-DocumentosdeGoogle.pdf,Y,200,
996754,https://miu-documentos.s3.us-west-2.amazonaws.com/DATA-DOCS/miu-hml/documentos/143865/20100147/miuDocumento_996753_9.Atenciondeclinicaparaestudiantesdelareaclinica.docx-DocumentosdeGoogle.pdf,miu-documentos,DATA-DOCS/miu-hml/documentos/143865/20100147/miuDocumento_996753_9.Atenciondeclinicaparaestudiantesdelareaclinica.docx-DocumentosdeGoogle.pdf,Y,200,
996755,https://miu-documentos.s3.us-west-2.amazonaws.com/DATA-DOCS/miu-hml/documentos/143828/20100147/miuDocumento_996753_9.Atenciondeclinicaparaestudiantesdelareaclinica.docx-DocumentosdeGoogle.pdf,miu-documentos,DATA-DOCS/miu-hml/documentos/143828/20100147/miuDocumento_996753_9.Atenciondeclinicaparaestudiantesdelareaclinica.docx-DocumentosdeGoogle.pdf,Y,200,
996756,https://miu-documentos.s3.us-west-2.amazonaws.com/DATA-DOCS/miu-hml/documentos/143830/20100147/miuDocumento_996753_9.Atenciondeclinicaparaestudiantesdelareaclinica.docx-DocumentosdeGoogle.pdf,miu-documentos,DATA-DOCS/miu-hml/documentos/143830/20100147/miuDocumento_996753_9.Atenciondeclinicaparaestudiantesdelareaclinica.docx-DocumentosdeGoogle.pdf,Y,200,
996757,https://miu-documentos.s3.us-west-2.amazonaws.com/DATA-DOCS/miu-hml/documentos/143683/20100147/miuDocumento_996753_9.Atenciondeclinicaparaestudiantesdelareaclinica.docx-DocumentosdeGoogle.pdf,miu-documentos,DATA-DOCS/miu-hml/documentos/143683/20100147/miuDocumento_996753_9.Atenciondeclinicaparaestudiantesdelareaclinica.docx-DocumentosdeGoogle.pdf,Y,200,
996758,https://miu-documentos.s3.us-west-2.amazonaws.com/DATA-DOCS/miu-hml/documentos/143682/20100147/miuDocumento_996753_9.Atenciondeclinicaparaestudiantesdelareaclinica.docx-DocumentosdeGoogle.pdf,miu-documentos,DATA-DOCS/miu-hml/documentos/143682/20100147/miuDocumento_996753_9.Atenciondeclinicaparaestudiantesdelareaclinica.docx-DocumentosdeGoogle.pdf,Y,200,
996759,https://miu-documentos.s3.us-west-2.amazonaws.com/DATA-DOCS/miu-hml/documentos/143681/20100147/miuDocumento_996753_9.Atenciondeclinicaparaestudiantesdelareaclinica.docx-DocumentosdeGoogle.pdf,miu-documentos,DATA-DOCS/miu-hml/documentos/143681/20100147/miuDocumento_996753_9.Atenciondeclinicaparaestudiantesdelareaclinica.docx-DocumentosdeGoogle.pdf,Y,200,
996760,https://miu-documentos.s3.us-west-2.amazonaws.com/DATA-DOCS/miu-hml/documentos/143680/20100147/miuDocumento_996753_9.Atenciondeclinicaparaestudiantesdelareaclinica.docx-DocumentosdeGoogle.pdf,miu-documentos,DATA-DOCS/miu-hml/documentos/143680/20100147/miuDocumento_996753_9.Atenciondeclinicaparaestudiantesdelareaclinica.docx-DocumentosdeGoogle.pdf,Y,200,
996761,https://miu-documentos.s3.us-west-2.amazonaws.com/DATA-DOCS/miu-hml/documentos/143684/20100147/miuDocumento_996753_9.Atenciondeclinicaparaestudiantesdelareaclinica.docx-DocumentosdeGoogle.pdf,miu-documentos,DATA-DOCS/miu-hml/documentos/143684/20100147/miuDocumento_996753_9.Atenciondeclinicaparaestudiantesdelareaclinica.docx-DocumentosdeGoogle.pdf,Y,200,
996762,https://miu-documentos.s3.us-west-2.amazonaws.com/DATA-DOCS/miu-hml/documentos/143559/20100147/miuDocumento_996753_9.Atenciondeclinicaparaestudiantesdelareaclinica.docx-DocumentosdeGoogle.pdf,miu-documentos,DATA-DOCS/miu-hml/documentos/143559/20100147/miuDocumento_996753_9.Atenciondeclinicaparaestudiantesdelareaclinica.docx-DocumentosdeGoogle.pdf,Y,200,
996763,https://miu-documentos.s3.us-west-2.amazonaws.com/DATA-DOCS/miu-hml/documentos/143558/20100147/miuDocumento_996753_9.Atenciondeclinicaparaestudiantesdelareaclinica.docx-DocumentosdeGoogle.pdf,miu-documentos,DATA-DOCS/miu-hml/documentos/143558/20100147/miuDocumento_996753_9.Atenciondeclinicaparaestudiantesdelareaclinica.docx-DocumentosdeGoogle.pdf,Y,200,
996764,https://miu-documentos.s3.us-west-2.amazonaws.com/DATA-DOCS/miu-hml/documentos/143557/20100147/miuDocumento_996753_9.Atenciondeclinicaparaestudiantesdelareaclinica.docx-DocumentosdeGoogle.pdf,miu-documentos,DATA-DOCS/miu-hml/documentos/143557/20100147/miuDocumento_996753_9.Atenciondeclinicaparaestudiantesdelareaclinica.docx-DocumentosdeGoogle.pdf,Y,200,
996765,https://miu-documentos.s3.us-west-2.amazonaws.com/DATA-DOCS/miu-hml/documentos/143560/20100147/miuDocumento_996753_9.Atenciondeclinicaparaestudiantesdelareaclinica.docx-DocumentosdeGoogle.pdf,miu-documentos,DATA-DOCS/miu-hml/documentos/143560/20100147/miuDocumento_996753_9.Atenciondeclinicaparaestudiantesdelareaclinica.docx-DocumentosdeGoogle.pdf,Y,200,
996766,https://miu-documentos.s3.us-west-2.amazonaws.com/DATA-DOCS/miu-hml/documentos/143830/20100147/miuDocumento_996766_RUB.EV.CLINICOASISTENCIAL.pdf,miu-documentos,DATA-DOCS/miu-hml/documentos/143830/20100147/miuDocumento_996766_RUB.EV.CLINICOASISTENCIAL.pdf,Y,200,
996767,https://miu-documentos.s3.us-west-2.amazonaws.com/DATA-DOCS/miu-hml/documentos/143828/20100147/miuDocumento_996766_RUB.EV.CLINICOASISTENCIAL.pdf,miu-documentos,DATA-DOCS/miu-hml/documentos/143828/20100147/miuDocumento_996766_RUB.EV.CLINICOASISTENCIAL.pdf,Y,200,
996768,https://miu-documentos.s3.us-west-2.amazonaws.com/DATA-DOCS/miu-hml/documentos/143560/20100147/miuDocumento_996766_RUB.EV.CLINICOASISTENCIAL.pdf,miu-documentos,DATA-DOCS/miu-hml/documentos/143560/20100147/miuDocumento_996766_RUB.EV.CLINICOASISTENCIAL.pdf,Y,200,
997822,https://miu-documentos.s3.us-west-2.amazonaws.com/DATA-DOCS/miu-hml/documentos/144782/12890465/miuDocumento_997822_1.TeorayPrcticadelaPolticaInternacionalpp.10-37.pdf,miu-documentos,DATA-DOCS/miu-hml/documentos/144782/12890465/miuDocumento_997822_1.TeorayPrcticadelaPolticaInternacionalpp.10-37.pdf,Y,200,
997828,https://miu-documentos.s3.us-west-2.amazonaws.com/DATA-DOCS/miu-hml/documentos/144122/12870542/miuDocumento_997828_250105bienvenidosH04A.docx,miu-documentos,DATA-DOCS/miu-hml/documentos/144122/12870542/miuDocumento_997828_250105bienvenidosH04A.docx,Y,200,
997840,https://miu-documentos.s3.us-west-2.amazonaws.com/DATA-DOCS/miu-hml/documentos/143417/22950328/miuDocumento_997840_LECTURA2-LibroALIGNINGSTRATEGYANDSALESCapitulo4.pdf,miu-documentos,DATA-DOCS/miu-hml/documentos/143417/22950328/miuDocumento_997840_LECTURA2-LibroALIGNINGSTRATEGYANDSALESCapitulo4.pdf,Y,200,
997856,https://miu-documentos.s3.us-west-2.amazonaws.com/DATA-DOCS/miu-hml/documentos/143302/21840011/miuDocumento_997856_ProgramafinalDerechoEmpresarialUFMenero-2026.pdf,miu-documentos,DATA-DOCS/miu-hml/documentos/143302/21840011/miuDocumento_997856_ProgramafinalDerechoEmpresarialUFMenero-2026.pdf,Y,200,
997867,https://miu-documentos.s3.us-west-2.amazonaws.com/DATA-DOCS/miu-hml/documentos/143817/20030650/miuDocumento_745125_ORTOGRAFI?A_DE_LA_LENGUA_ESPAN?OLA_RAE[1]_924326_960160_982438.pdf,miu-documentos,DATA-DOCS/miu-hml/documentos/143817/20030650/miuDocumento_745125_ORTOGRAFI,N,404,
997868,https://miu-documentos.s3.us-west-2.amazonaws.com/DATA-DOCS/miu-hml/documentos/143817/20030650/miuDocumento_889516_Ejercicio2Eldesusodepuntoycoma_924329_960157_982439.pdf,miu-documentos,DATA-DOCS/miu-hml/documentos/143817/20030650/miuDocumento_889516_Ejercicio2Eldesusodepuntoycoma_924329_960157_982439.pdf,Y,200,
997869,https://miu-documentos.s3.us-west-2.amazonaws.com/DATA-DOCS/miu-hml/documentos/143817/20030650/miuDocumento_815495_EJERCICIO3ENLACESYELEMENTOSDETRANSICION_853947_924327_960161_982440.doc,miu-documentos,DATA-DOCS/miu-hml/documentos/143817/20030650/miuDocumento_815495_EJERCICIO3ENLACESYELEMENTOSDETRANSICION_853947_924327_960161_982440.doc,Y,200,
997870,https://miu-documentos.s3.us-west-2.amazonaws.com/DATA-DOCS/miu-hml/documentos/143817/20030650/miuDocumento_816725_EJERCICIO4Tiposdeparrafo_929214_960162_982441.docx,miu-documentos,DATA-DOCS/miu-hml/documentos/143817/20030650/miuDocumento_816725_EJERCICIO4Tiposdeparrafo_929214_960162_982441.docx,Y,200,
997871,https://miu-documentos.s3.us-west-2.amazonaws.com/DATA-DOCS/miu-hml/documentos/143817/20030650/miuDocumento_925163_EJERCICIO2TE?CNICADELCUBO_960164_982442.docx,miu-documentos,DATA-DOCS/miu-hml/documentos/143817/20030650/miuDocumento_925163_EJERCICIO2TE,N,404,
997872,https://miu-documentos.s3.us-west-2.amazonaws.com/DATA-DOCS/miu-hml/documentos/143817/20030650/miuDocumento_960165_Acento_982437.pdf,miu-documentos,DATA-DOCS/miu-hml/documentos/143817/20030650/miuDocumento_960165_Acento_982437.pdf,Y,200,
997873,https://miu-documentos.s3.us-west-2.amazonaws.com/DATA-DOCS/miu-hml/documentos/143817/20030650/miuDocumento_816376_EJERCICIO3Adjetivos_964889_982443.docx,miu-documentos,DATA-DOCS/miu-hml/documentos/143817/20030650/miuDocumento_816376_EJERCICIO3Adjetivos_964889_982443.docx,Y,200,
997874,https://miu-documentos.s3.us-west-2.amazonaws.com/DATA-DOCS/miu-hml/documentos/143817/20030650/miuDocumento_963820_EJERCICIO10verbospolisemicos_983503.docx,miu-documentos,DATA-DOCS/miu-hml/documentos/143817/20030650/miuDocumento_963820_EJERCICIO10verbospolisemicos_983503.docx,Y,200,
997892,https://miu-documentos.s3.us-west-2.amazonaws.com/DATA-DOCS/miu-hml/documentos/143254/99000086/miuDocumento_997892_03Proyectosdeexpansinyreemplazo-2026.pdf,miu-documentos,DATA-DOCS/miu-hml/documentos/143254/99000086/miuDocumento_997892_03Proyectosdeexpansinyreemplazo-2026.pdf,Y,200,
997893,https://miu-documentos.s3.us-west-2.amazonaws.com/DATA-DOCS/miu-hml/documentos/143255/99000086/miuDocumento_997892_03Proyectosdeexpansinyreemplazo-2026.pdf,miu-documentos,DATA-DOCS/miu-hml/documentos/143255/99000086/miuDocumento_997892_03Proyectosdeexpansinyreemplazo-2026.pdf,Y,200,
997909,https://miu-documentos.s3.us-west-2.amazonaws.com/DATA-DOCS/miu-hml/documentos/143873/20170280/miuDocumento_997909_Tarea2-Conjuntos.pdf,miu-documentos,DATA-DOCS/miu-hml/documentos/143873/20170280/miuDocumento_997909_Tarea2-Conjuntos.pdf,Y,200,
997910,https://miu-documentos.s3.us-west-2.amazonaws.com/DATA-DOCS/miu-hml/documentos/143874/20170280/miuDocumento_997909_Tarea2-Conjuntos.pdf,miu-documentos,DATA-DOCS/miu-hml/documentos/143874/20170280/miuDocumento_997909_Tarea2-Conjuntos.pdf,Y,200,
997911,https://miu-documentos.s3.us-west-2.amazonaws.com/DATA-DOCS/miu-hml/documentos/143875/20170280/miuDocumento_997909_Tarea2-Conjuntos.pdf,miu-documentos,DATA-DOCS/miu-hml/documentos/143875/20170280/miuDocumento_997909_Tarea2-Conjuntos.pdf,Y,200,
997930,https://miu-documentos.s3.us-west-2.amazonaws.com/DATA-DOCS/miu-hml/documentos/143873/20170280/miuDocumento_997930_Tarea11-Seccionescnicas.pdf,miu-documentos,DATA-DOCS/miu-hml/documentos/143873/20170280/miuDocumento_997930_Tarea11-Seccionescnicas.pdf,Y,200,
997931,https://miu-documentos.s3.us-west-2.amazonaws.com/DATA-DOCS/miu-hml/documentos/143874/20170280/miuDocumento_997930_Tarea11-Seccionescnicas.pdf,miu-documentos,DATA-DOCS/miu-hml/documentos/143874/20170280/miuDocumento_997930_Tarea11-Seccionescnicas.pdf,Y,200,
997932,https://miu-documentos.s3.us-west-2.amazonaws.com/DATA-DOCS/miu-hml/documentos/143875/20170280/miuDocumento_997930_Tarea11-Seccionescnicas.pdf,miu-documentos,DATA-DOCS/miu-hml/documentos/143875/20170280/miuDocumento_997930_Tarea11-Seccionescnicas.pdf,Y,200,
997951,https://miu-documentos.s3.us-west-2.amazonaws.com/DATA-DOCS/miu-hml/documentos/143356/20260709/miuDocumento_997951_Chapter_3_V7_01.ppt,miu-documentos,DATA-DOCS/miu-hml/documentos/143356/20260709/miuDocumento_997951_Chapter_3_V7_01.ppt,Y,200,
997968,https://miu-documentos.s3.us-west-2.amazonaws.com/DATA-DOCS/miu-hml/documentos/143736/20090036/miuDocumento_997968_Brainwash.pdf,miu-documentos,DATA-DOCS/miu-hml/documentos/143736/20090036/miuDocumento_997968_Brainwash.pdf,Y,200,
997969,https://miu-documentos.s3.us-west-2.amazonaws.com/DATA-DOCS/miu-hml/documentos/143738/20090036/miuDocumento_997968_Brainwash.pdf,miu-documentos,DATA-DOCS/miu-hml/documentos/143738/20090036/miuDocumento_997968_Brainwash.pdf,Y,200,
997970,https://miu-documentos.s3.us-west-2.amazonaws.com/DATA-DOCS/miu-hml/documentos/143737/20090036/miuDocumento_997968_Brainwash.pdf,miu-documentos,DATA-DOCS/miu-hml/documentos/143737/20090036/miuDocumento_997968_Brainwash.pdf,Y,200,
997971,https://miu-documentos.s3.us-west-2.amazonaws.com/DATA-DOCS/miu-hml/documentos/143736/20090036/miuDocumento_997971_12TeoriasdelDesarrollo.pdf,miu-documentos,DATA-DOCS/miu-hml/documentos/143736/20090036/miuDocumento_997971_12TeoriasdelDesarrollo.pdf,Y,200,
997972,https://miu-documentos.s3.us-west-2.amazonaws.com/DATA-DOCS/miu-hml/documentos/143738/20090036/miuDocumento_997971_12TeoriasdelDesarrollo.pdf,miu-documentos,DATA-DOCS/miu-hml/documentos/143738/20090036/miuDocumento_997971_12TeoriasdelDesarrollo.pdf,Y,200,
997300,https://miu-documentos.s3.us-west-2.amazonaws.com/DATA-DOCS/miu-hml/documentos/142924/20010656/miuDocumento_958946_Seguridad_Desarrollo_Fuerzas_Armadas.pdf,miu-documentos,DATA-DOCS/miu-hml/documentos/142924/20010656/miuDocumento_958946_Seguridad_Desarrollo_Fuerzas_Armadas.pdf,Y,200,
997366,https://miu-documentos.s3.us-west-2.amazonaws.com/DATA-DOCS/miu-hml/documentos/144002/20010656/miuDocumento_997366_FactorHumano2026.docx,miu-documentos,DATA-DOCS/miu-hml/documentos/144002/20010656/miuDocumento_997366_FactorHumano2026.docx,Y,200,
997367,https://miu-documentos.s3.us-west-2.amazonaws.com/DATA-DOCS/miu-hml/documentos/144003/20010656/miuDocumento_997367_FactorHumano2026.docx,miu-documentos,DATA-DOCS/miu-hml/documentos/144003/20010656/miuDocumento_997367_FactorHumano2026.docx,Y,200,
997303,https://miu-documentos.s3.us-west-2.amazonaws.com/DATA-DOCS/miu-hml/documentos/142924/20010656/miuDocumento_958948_Poderdelageografia.pdf,miu-documentos,DATA-DOCS/miu-hml/documentos/142924/20010656/miuDocumento_958948_Poderdelageografia.pdf,Y,200,
997368,https://miu-documentos.s3.us-west-2.amazonaws.com/DATA-DOCS/miu-hml/documentos/144002/20010656/miuDocumento_997368_FactorEconomico_2026.doc,miu-documentos,DATA-DOCS/miu-hml/documentos/144002/20010656/miuDocumento_997368_FactorEconomico_2026.doc,Y,200,
997305,https://miu-documentos.s3.us-west-2.amazonaws.com/DATA-DOCS/miu-hml/documentos/142924/20010656/miuDocumento_958950_EstrategiasdeSeguridad2022_MUNDIAL.pdf,miu-documentos,DATA-DOCS/miu-hml/documentos/142924/20010656/miuDocumento_958950_EstrategiasdeSeguridad2022_MUNDIAL.pdf,Y,200,
997369,https://miu-documentos.s3.us-west-2.amazonaws.com/DATA-DOCS/miu-hml/documentos/144003/20010656/miuDocumento_997369_FactorEconomico_2026.doc,miu-documentos,DATA-DOCS/miu-hml/documentos/144003/20010656/miuDocumento_997369_FactorEconomico_2026.doc,Y,200,
997307,https://miu-documentos.s3.us-west-2.amazonaws.com/DATA-DOCS/miu-hml/documentos/142924/20010656/miuDocumento_959483_8_2025_DeunmundobipolaralaGuerraFria.pptx,miu-documentos,DATA-DOCS/miu-hml/documentos/142924/20010656/miuDocumento_959483_8_2025_DeunmundobipolaralaGuerraFria.pptx,Y,200,
997308,https://miu-documentos.s3.us-west-2.amazonaws.com/DATA-DOCS/miu-hml/documentos/142924/20010656/miuDocumento_959484_9_2025_OperacionesdePaz_ONU.pptx,miu-documentos,DATA-DOCS/miu-hml/documentos/142924/20010656/miuDocumento_959484_9_2025_OperacionesdePaz_ONU.pptx,Y,200,
997370,https://miu-documentos.s3.us-west-2.amazonaws.com/DATA-DOCS/miu-hml/documentos/144002/20010656/miuDocumento_997370_FactorSociopolitico_2026.doc,miu-documentos,DATA-DOCS/miu-hml/documentos/144002/20010656/miuDocumento_997370_FactorSociopolitico_2026.doc,Y,200,
997310,https://miu-documentos.s3.us-west-2.amazonaws.com/DATA-DOCS/miu-hml/documentos/142924/20010656/miuDocumento_958953_0Laguerradelosrobots.docx,miu-documentos,DATA-DOCS/miu-hml/documentos/142924/20010656/miuDocumento_958953_0Laguerradelosrobots.docx,Y,200,
997311,"https://miu-documentos.s3.us-west-2.amazonaws.com/DATA-DOCS/miu-hml/documentos/142924/20010656/miuDocumento_959485_10_2025_OEA,TIARyTMSD.pptx",miu-documentos,"DATA-DOCS/miu-hml/documentos/142924/20010656/miuDocumento_959485_10_2025_OEA,TIARyTMSD.pptx",Y,200,
997371,https://miu-documentos.s3.us-west-2.amazonaws.com/DATA-DOCS/miu-hml/documentos/144003/20010656/miuDocumento_997371_FactorSociopolitico_2026.doc,miu-documentos,DATA-DOCS/miu-hml/documentos/144003/20010656/miuDocumento_997371_FactorSociopolitico_2026.doc,Y,200,
997372,https://miu-documentos.s3.us-west-2.amazonaws.com/DATA-DOCS/miu-hml/documentos/144002/20010656/miuDocumento_661539_America_2015_690022_713996_745017_963460.ppt,miu-documentos,DATA-DOCS/miu-hml/documentos/144002/20010656/miuDocumento_661539_America_2015_690022_713996_745017_963460.ppt,Y,200,
997373,https://miu-documentos.s3.us-west-2.amazonaws.com/DATA-DOCS/miu-hml/documentos/144003/20010656/miuDocumento_661539_America_2015_690022_713996_745017_963460.ppt,miu-documentos,DATA-DOCS/miu-hml/documentos/144003/20010656/miuDocumento_661539_America_2015_690022_713996_745017_963460.ppt,Y,200,
997374,https://miu-documentos.s3.us-west-2.amazonaws.com/DATA-DOCS/miu-hml/documentos/144002/20010656/miuDocumento_689227_Africa_2017_718254_745020_963462.ppt,miu-documentos,DATA-DOCS/miu-hml/documentos/144002/20010656/miuDocumento_689227_Africa_2017_718254_745020_963462.ppt,Y,200,
997375,https://miu-documentos.s3.us-west-2.amazonaws.com/DATA-DOCS/miu-hml/documentos/144003/20010656/miuDocumento_689227_Africa_2017_718254_745020_963462.ppt,miu-documentos,DATA-DOCS/miu-hml/documentos/144003/20010656/miuDocumento_689227_Africa_2017_718254_745020_963462.ppt,Y,200,
997376,https://miu-documentos.s3.us-west-2.amazonaws.com/DATA-DOCS/miu-hml/documentos/144002/20010656/miuDocumento_689435_OrienteMedio_2017_714005_745021_963464.ppt,miu-documentos,DATA-DOCS/miu-hml/documentos/144002/20010656/miuDocumento_689435_OrienteMedio_2017_714005_745021_963464.ppt,Y,200,
997377,https://miu-documentos.s3.us-west-2.amazonaws.com/DATA-DOCS/miu-hml/documentos/144003/20010656/miuDocumento_689435_OrienteMedio_2017_714005_745021_963464.ppt,miu-documentos,DATA-DOCS/miu-hml/documentos/144003/20010656/miuDocumento_689435_OrienteMedio_2017_714005_745021_963464.ppt,Y,200,
997378,https://miu-documentos.s3.us-west-2.amazonaws.com/DATA-DOCS/miu-hml/documentos/144002/20010656/miuDocumento_689778_Asia_2017_714022_745023_963476.ppt,miu-documentos,DATA-DOCS/miu-hml/documentos/144002/20010656/miuDocumento_689778_Asia_2017_714022_745023_963476.ppt,Y,200,
997379,https://miu-documentos.s3.us-west-2.amazonaws.com/DATA-DOCS/miu-hml/documentos/144003/20010656/miuDocumento_689778_Asia_2017_714022_745023_963476.ppt,miu-documentos,DATA-DOCS/miu-hml/documentos/144003/20010656/miuDocumento_689778_Asia_2017_714022_745023_963476.ppt,Y,200,
997380,https://miu-documentos.s3.us-west-2.amazonaws.com/DATA-DOCS/miu-hml/documentos/144002/20010656/miuDocumento_745034_Europa_2019_963438.ppt,miu-documentos,DATA-DOCS/miu-hml/documentos/144002/20010656/miuDocumento_745034_Europa_2019_963438.ppt,Y,200,
997381,https://miu-documentos.s3.us-west-2.amazonaws.com/DATA-DOCS/miu-hml/documentos/144003/20010656/miuDocumento_745034_Europa_2019_963438.ppt,miu-documentos,DATA-DOCS/miu-hml/documentos/144003/20010656/miuDocumento_745034_Europa_2019_963438.ppt,Y,200,
997382,https://miu-documentos.s3.us-west-2.amazonaws.com/DATA-DOCS/miu-hml/documentos/144002/20010656/miuDocumento_745037_RUSIA_2019_774844_963727.ppt,miu-documentos,DATA-DOCS/miu-hml/documentos/144002/20010656/miuDocumento_745037_RUSIA_2019_774844_963727.ppt,Y,200,
997383,https://miu-documentos.s3.us-west-2.amazonaws.com/DATA-DOCS/miu-hml/documentos/144003/20010656/miuDocumento_745037_RUSIA_2019_774844_963727.ppt,miu-documentos,DATA-DOCS/miu-hml/documentos/144003/20010656/miuDocumento_745037_RUSIA_2019_774844_963727.ppt,Y,200,
997513,https://miu-documentos.s3.us-west-2.amazonaws.com/DATA-DOCS/miu-hml/documentos/143763/11930802/miuDocumento_997513_Rubricaactividades.pdf,miu-documentos,DATA-DOCS/miu-hml/documentos/143763/11930802/miuDocumento_997513_Rubricaactividades.pdf,Y,200,
996769,https://miu-documentos.s3.us-west-2.amazonaws.com/DATA-DOCS/miu-hml/documentos/143559/20100147/miuDocumento_996766_RUB.EV.CLINICOASISTENCIAL.pdf,miu-documentos,DATA-DOCS/miu-hml/documentos/143559/20100147/miuDocumento_996766_RUB.EV.CLINICOASISTENCIAL.pdf,Y,200,
996770,https://miu-documentos.s3.us-west-2.amazonaws.com/DATA-DOCS/miu-hml/documentos/143558/20100147/miuDocumento_996766_RUB.EV.CLINICOASISTENCIAL.pdf,miu-documentos,DATA-DOCS/miu-hml/documentos/143558/20100147/miuDocumento_996766_RUB.EV.CLINICOASISTENCIAL.pdf,Y,200,
996771,https://miu-documentos.s3.us-west-2.amazonaws.com/DATA-DOCS/miu-hml/documentos/143557/20100147/miuDocumento_996766_RUB.EV.CLINICOASISTENCIAL.pdf,miu-documentos,DATA-DOCS/miu-hml/documentos/143557/20100147/miuDocumento_996766_RUB.EV.CLINICOASISTENCIAL.pdf,Y,200,
996786,https://miu-documentos.s3.us-west-2.amazonaws.com/DATA-DOCS/miu-hml/documentos/143709/20150601/miuDocumento_996786_mc99-full-text.pdf,miu-documentos,DATA-DOCS/miu-hml/documentos/143709/20150601/miuDocumento_996786_mc99-full-text.pdf,Y,200,
996789,https://miu-documentos.s3.us-west-2.amazonaws.com/DATA-DOCS/miu-hml/documentos/143709/20150601/miuDocumento_996789_Rbricadetrabajosasignados.pdf,miu-documentos,DATA-DOCS/miu-hml/documentos/143709/20150601/miuDocumento_996789_Rbricadetrabajosasignados.pdf,Y,200,
996919,https://miu-documentos.s3.us-west-2.amazonaws.com/DATA-DOCS/miu-hml/documentos/143720/23820040/miuDocumento_996919_carbs.9aed.2018.JeffHardinGregoryBertoni-Becker_sWorldoftheCell-Pearson2018.pdf,miu-documentos,DATA-DOCS/miu-hml/documentos/143720/23820040/miuDocumento_996919_carbs.9aed.2018.JeffHardinGregoryBertoni-Becker_sWorldoftheCell-Pearson2018.pdf,Y,200,
996920,https://miu-documentos.s3.us-west-2.amazonaws.com/DATA-DOCS/miu-hml/documentos/143722/23820040/miuDocumento_996919_carbs.9aed.2018.JeffHardinGregoryBertoni-Becker_sWorldoftheCell-Pearson2018.pdf,miu-documentos,DATA-DOCS/miu-hml/documentos/143722/23820040/miuDocumento_996919_carbs.9aed.2018.JeffHardinGregoryBertoni-Becker_sWorldoftheCell-Pearson2018.pdf,Y,200,
996921,https://miu-documentos.s3.us-west-2.amazonaws.com/DATA-DOCS/miu-hml/documentos/143721/23820040/miuDocumento_996919_carbs.9aed.2018.JeffHardinGregoryBertoni-Becker_sWorldoftheCell-Pearson2018.pdf,miu-documentos,DATA-DOCS/miu-hml/documentos/143721/23820040/miuDocumento_996919_carbs.9aed.2018.JeffHardinGregoryBertoni-Becker_sWorldoftheCell-Pearson2018.pdf,Y,200,
996958,https://miu-documentos.s3.us-west-2.amazonaws.com/DATA-DOCS/miu-hml/documentos/143721/23820040/miuDocumento_996958_chapterone.EssentialCellBiologyFourthEdition-AlbertsBrayHopkin.pdf,miu-documentos,DATA-DOCS/miu-hml/documentos/143721/23820040/miuDocumento_996958_chapterone.EssentialCellBiologyFourthEdition-AlbertsBrayHopkin.pdf,Y,200,
996959,https://miu-documentos.s3.us-west-2.amazonaws.com/DATA-DOCS/miu-hml/documentos/143722/23820040/miuDocumento_996958_chapterone.EssentialCellBiologyFourthEdition-AlbertsBrayHopkin.pdf,miu-documentos,DATA-DOCS/miu-hml/documentos/143722/23820040/miuDocumento_996958_chapterone.EssentialCellBiologyFourthEdition-AlbertsBrayHopkin.pdf,Y,200,
996970,https://miu-documentos.s3.us-west-2.amazonaws.com/DATA-DOCS/miu-hml/documentos/143720/23820040/miuDocumento_996970_ionchannelsandmenbranepotential.new.MolecularBiologyoftheCell6thedition-Alberts-NEW.pdf,miu-documentos,DATA-DOCS/miu-hml/documentos/143720/23820040/miuDocumento_996970_ionchannelsandmenbranepotential.new.MolecularBiologyoftheCell6thedition-Alberts-NEW.pdf,Y,200,
996971,https://miu-documentos.s3.us-west-2.amazonaws.com/DATA-DOCS/miu-hml/documentos/143722/23820040/miuDocumento_996970_ionchannelsandmenbranepotential.new.MolecularBiologyoftheCell6thedition-Alberts-NEW.pdf,miu-documentos,DATA-DOCS/miu-hml/documentos/143722/23820040/miuDocumento_996970_ionchannelsandmenbranepotential.new.MolecularBiologyoftheCell6thedition-Alberts-NEW.pdf,Y,200,
996972,https://miu-documentos.s3.us-west-2.amazonaws.com/DATA-DOCS/miu-hml/documentos/143721/23820040/miuDocumento_996970_ionchannelsandmenbranepotential.new.MolecularBiologyoftheCell6thedition-Alberts-NEW.pdf,miu-documentos,DATA-DOCS/miu-hml/documentos/143721/23820040/miuDocumento_996970_ionchannelsandmenbranepotential.new.MolecularBiologyoftheCell6thedition-Alberts-NEW.pdf,Y,200,
996976,https://miu-documentos.s3.us-west-2.amazonaws.com/DATA-DOCS/miu-hml/documentos/143720/23820040/miuDocumento_996976_stu.hojadetrabajoparanatesdelclase.Canalesproteicos2025.docx,miu-documentos,DATA-DOCS/miu-hml/documentos/143720/23820040/miuDocumento_996976_stu.hojadetrabajoparanatesdelclase.Canalesproteicos2025.docx,Y,200,
996977,https://miu-documentos.s3.us-west-2.amazonaws.com/DATA-DOCS/miu-hml/documentos/143722/23820040/miuDocumento_996976_stu.hojadetrabajoparanatesdelclase.Canalesproteicos2025.docx,miu-documentos,DATA-DOCS/miu-hml/documentos/143722/23820040/miuDocumento_996976_stu.hojadetrabajoparanatesdelclase.Canalesproteicos2025.docx,Y,200,
996978,https://miu-documentos.s3.us-west-2.amazonaws.com/DATA-DOCS/miu-hml/documentos/143721/23820040/miuDocumento_996976_stu.hojadetrabajoparanatesdelclase.Canalesproteicos2025.docx,miu-documentos,DATA-DOCS/miu-hml/documentos/143721/23820040/miuDocumento_996976_stu.hojadetrabajoparanatesdelclase.Canalesproteicos2025.docx,Y,200,
996981,https://miu-documentos.s3.us-west-2.amazonaws.com/DATA-DOCS/miu-hml/documentos/143256/20040057/miuDocumento_996981_01BonosAccionesyTecnicasdeValuacion2025copy2.pdf,miu-documentos,DATA-DOCS/miu-hml/documentos/143256/20040057/miuDocumento_996981_01BonosAccionesyTecnicasdeValuacion2025copy2.pdf,Y,200,
996982,https://miu-documentos.s3.us-west-2.amazonaws.com/DATA-DOCS/miu-hml/documentos/144259/20040057/miuDocumento_996981_01BonosAccionesyTecnicasdeValuacion2025copy2.pdf,miu-documentos,DATA-DOCS/miu-hml/documentos/144259/20040057/miuDocumento_996981_01BonosAccionesyTecnicasdeValuacion2025copy2.pdf,Y,200,
996991,https://miu-documentos.s3.us-west-2.amazonaws.com/DATA-DOCS/miu-hml/documentos/144259/20040057/miuDocumento_996990_04Estructura_ptimadeCapital2025.pdf,miu-documentos,DATA-DOCS/miu-hml/documentos/144259/20040057/miuDocumento_996990_04Estructura_ptimadeCapital2025.pdf,Y,200,
996990,https://miu-documentos.s3.us-west-2.amazonaws.com/DATA-DOCS/miu-hml/documentos/143256/20040057/miuDocumento_996990_04Estructura_ptimadeCapital2025.pdf,miu-documentos,DATA-DOCS/miu-hml/documentos/143256/20040057/miuDocumento_996990_04Estructura_ptimadeCapital2025.pdf,Y,200,
998223,https://miu-documentos.s3.us-west-2.amazonaws.com/DATA-DOCS/miu-hml/documentos/143327/98000877/miuDocumento_998223_Anderson11aed..pdf,miu-documentos,DATA-DOCS/miu-hml/documentos/143327/98000877/miuDocumento_998223_Anderson11aed..pdf,Y,200,
998185,https://miu-documentos.s3.us-west-2.amazonaws.com/DATA-DOCS/miu-hml/documentos/144121/12870542/miuDocumento_998185_260106ProgramaHayekH03ArquiGastroNutri.pdf,miu-documentos,DATA-DOCS/miu-hml/documentos/144121/12870542/miuDocumento_998185_260106ProgramaHayekH03ArquiGastroNutri.pdf,Y,200,
997954,https://miu-documentos.s3.us-west-2.amazonaws.com/DATA-DOCS/miu-hml/documentos/143760/20190190/miuDocumento_997954_BioMedResearchInternational-2019-Bohannon-ConsiderationsandPracticalOptionsforMeasuringMuscleStrengthA.pdf,miu-documentos,DATA-DOCS/miu-hml/documentos/143760/20190190/miuDocumento_997954_BioMedResearchInternational-2019-Bohannon-ConsiderationsandPracticalOptionsforMeasuringMuscleStrengthA.pdf,Y,200,
997955,https://miu-documentos.s3.us-west-2.amazonaws.com/DATA-DOCS/miu-hml/documentos/143761/20190190/miuDocumento_997954_BioMedResearchInternational-2019-Bohannon-ConsiderationsandPracticalOptionsforMeasuringMuscleStrengthA.pdf,miu-documentos,DATA-DOCS/miu-hml/documentos/143761/20190190/miuDocumento_997954_BioMedResearchInternational-2019-Bohannon-ConsiderationsandPracticalOptionsforMeasuringMuscleStrengthA.pdf,Y,200,
997956,https://miu-documentos.s3.us-west-2.amazonaws.com/DATA-DOCS/miu-hml/documentos/143762/20190190/miuDocumento_997954_BioMedResearchInternational-2019-Bohannon-ConsiderationsandPracticalOptionsforMeasuringMuscleStrengthA.pdf,miu-documentos,DATA-DOCS/miu-hml/documentos/143762/20190190/miuDocumento_997954_BioMedResearchInternational-2019-Bohannon-ConsiderationsandPracticalOptionsforMeasuringMuscleStrengthA.pdf,Y,200,
997962,https://miu-documentos.s3.us-west-2.amazonaws.com/DATA-DOCS/miu-hml/documentos/143348/20130088/miuDocumento_997962_Syllabus.pdf,miu-documentos,DATA-DOCS/miu-hml/documentos/143348/20130088/miuDocumento_997962_Syllabus.pdf,Y,200,
997974,https://miu-documentos.s3.us-west-2.amazonaws.com/DATA-DOCS/miu-hml/documentos/143736/20090036/miuDocumento_997974_CognitiveDistortions.docx,miu-documentos,DATA-DOCS/miu-hml/documentos/143736/20090036/miuDocumento_997974_CognitiveDistortions.docx,Y,200,
997975,https://miu-documentos.s3.us-west-2.amazonaws.com/DATA-DOCS/miu-hml/documentos/143738/20090036/miuDocumento_997974_CognitiveDistortions.docx,miu-documentos,DATA-DOCS/miu-hml/documentos/143738/20090036/miuDocumento_997974_CognitiveDistortions.docx,Y,200,
997976,https://miu-documentos.s3.us-west-2.amazonaws.com/DATA-DOCS/miu-hml/documentos/143737/20090036/miuDocumento_997974_CognitiveDistortions.docx,miu-documentos,DATA-DOCS/miu-hml/documentos/143737/20090036/miuDocumento_997974_CognitiveDistortions.docx,Y,200,
997977,https://miu-documentos.s3.us-west-2.amazonaws.com/DATA-DOCS/miu-hml/documentos/143736/20090036/miuDocumento_997977_El_ABC_de_la_Terapia_Cognitiva.pdf,miu-documentos,DATA-DOCS/miu-hml/documentos/143736/20090036/miuDocumento_997977_El_ABC_de_la_Terapia_Cognitiva.pdf,Y,200,
997978,https://miu-documentos.s3.us-west-2.amazonaws.com/DATA-DOCS/miu-hml/documentos/143738/20090036/miuDocumento_997977_El_ABC_de_la_Terapia_Cognitiva.pdf,miu-documentos,DATA-DOCS/miu-hml/documentos/143738/20090036/miuDocumento_997977_El_ABC_de_la_Terapia_Cognitiva.pdf,Y,200,
997979,https://miu-documentos.s3.us-west-2.amazonaws.com/DATA-DOCS/miu-hml/documentos/143737/20090036/miuDocumento_997977_El_ABC_de_la_Terapia_Cognitiva.pdf,miu-documentos,DATA-DOCS/miu-hml/documentos/143737/20090036/miuDocumento_997977_El_ABC_de_la_Terapia_Cognitiva.pdf,Y,200,
997986,https://miu-documentos.s3.us-west-2.amazonaws.com/DATA-DOCS/miu-hml/documentos/143736/20090036/miuDocumento_997986_2.Copinganddefense-Whatsthedifference.pdf,miu-documentos,DATA-DOCS/miu-hml/documentos/143736/20090036/miuDocumento_997986_2.Copinganddefense-Whatsthedifference.pdf,Y,200,
997987,https://miu-documentos.s3.us-west-2.amazonaws.com/DATA-DOCS/miu-hml/documentos/143738/20090036/miuDocumento_997986_2.Copinganddefense-Whatsthedifference.pdf,miu-documentos,DATA-DOCS/miu-hml/documentos/143738/20090036/miuDocumento_997986_2.Copinganddefense-Whatsthedifference.pdf,Y,200,
997988,https://miu-documentos.s3.us-west-2.amazonaws.com/DATA-DOCS/miu-hml/documentos/143737/20090036/miuDocumento_997986_2.Copinganddefense-Whatsthedifference.pdf,miu-documentos,DATA-DOCS/miu-hml/documentos/143737/20090036/miuDocumento_997986_2.Copinganddefense-Whatsthedifference.pdf,Y,200,
997989,https://miu-documentos.s3.us-west-2.amazonaws.com/DATA-DOCS/miu-hml/documentos/143736/20090036/miuDocumento_997989_PrincipiosFundamentalesdelaBioetica.docx,miu-documentos,DATA-DOCS/miu-hml/documentos/143736/20090036/miuDocumento_997989_PrincipiosFundamentalesdelaBioetica.docx,Y,200,
997990,https://miu-documentos.s3.us-west-2.amazonaws.com/DATA-DOCS/miu-hml/documentos/143738/20090036/miuDocumento_997989_PrincipiosFundamentalesdelaBioetica.docx,miu-documentos,DATA-DOCS/miu-hml/documentos/143738/20090036/miuDocumento_997989_PrincipiosFundamentalesdelaBioetica.docx,Y,200,
997991,https://miu-documentos.s3.us-west-2.amazonaws.com/DATA-DOCS/miu-hml/documentos/143737/20090036/miuDocumento_997989_PrincipiosFundamentalesdelaBioetica.docx,miu-documentos,DATA-DOCS/miu-hml/documentos/143737/20090036/miuDocumento_997989_PrincipiosFundamentalesdelaBioetica.docx,Y,200,
997992,https://miu-documentos.s3.us-west-2.amazonaws.com/DATA-DOCS/miu-hml/documentos/143005/13950296/miuDocumento_997992_TATCATSATUsoclinico-126-129.pdf,miu-documentos,DATA-DOCS/miu-hml/documentos/143005/13950296/miuDocumento_997992_TATCATSATUsoclinico-126-129.pdf,Y,200,
998011,https://miu-documentos.s3.us-west-2.amazonaws.com/DATA-DOCS/miu-hml/documentos/143989/20060007/miuDocumento_998011_McLachlan2018NewLawversusBigLaw.pdf,miu-documentos,DATA-DOCS/miu-hml/documentos/143989/20060007/miuDocumento_998011_McLachlan2018NewLawversusBigLaw.pdf,Y,200,
998021,https://miu-documentos.s3.us-west-2.amazonaws.com/DATA-DOCS/miu-hml/documentos/144638/20080633/miuDocumento_998021_2026-Comovamosatrabajar.pdf,miu-documentos,DATA-DOCS/miu-hml/documentos/144638/20080633/miuDocumento_998021_2026-Comovamosatrabajar.pdf,Y,200,
998023,https://miu-documentos.s3.us-west-2.amazonaws.com/DATA-DOCS/miu-hml/documentos/144725/20140469/miuDocumento_998023_PRINCIPALS-OF-CORPORATE-FINANCE-10th-Edition.pdf,miu-documentos,DATA-DOCS/miu-hml/documentos/144725/20140469/miuDocumento_998023_PRINCIPALS-OF-CORPORATE-FINANCE-10th-Edition.pdf,Y,200,
998025,https://miu-documentos.s3.us-west-2.amazonaws.com/DATA-DOCS/miu-hml/documentos/144844/20110699/miuDocumento_998025_ContratoCashandValCourse.pdf,miu-documentos,DATA-DOCS/miu-hml/documentos/144844/20110699/miuDocumento_998025_ContratoCashandValCourse.pdf,Y,200,
998037,https://miu-documentos.s3.us-west-2.amazonaws.com/DATA-DOCS/miu-hml/documentos/143396/20140597/miuDocumento_998037_ReglasMathHelp.pdf,miu-documentos,DATA-DOCS/miu-hml/documentos/143396/20140597/miuDocumento_998037_ReglasMathHelp.pdf,Y,200,
996312,https://miu-documentos.s3.us-west-2.amazonaws.com/DATA-DOCS/miu-hml/documentos/143320/22810023/miuDocumento_996312_02.3Hayek-Usodelconocimientoensociedad.pdf,miu-documentos,DATA-DOCS/miu-hml/documentos/143320/22810023/miuDocumento_996312_02.3Hayek-Usodelconocimientoensociedad.pdf,Y,200,
996320,https://miu-documentos.s3.us-west-2.amazonaws.com/DATA-DOCS/miu-hml/documentos/143292/20030596/miuDocumento_996320_Calendario1S-2026.xlsx,miu-documentos,DATA-DOCS/miu-hml/documentos/143292/20030596/miuDocumento_996320_Calendario1S-2026.xlsx,Y,200,
996321,https://miu-documentos.s3.us-west-2.amazonaws.com/DATA-DOCS/miu-hml/documentos/143292/20030596/miuDocumento_996321_H2-Capitulo2-Ejercicios.xlsx,miu-documentos,DATA-DOCS/miu-hml/documentos/143292/20030596/miuDocumento_996321_H2-Capitulo2-Ejercicios.xlsx,Y,200,
996322,https://miu-documentos.s3.us-west-2.amazonaws.com/DATA-DOCS/miu-hml/documentos/143292/20030596/miuDocumento_996322_H2-Capitulo3-Ejercicios.xlsx,miu-documentos,DATA-DOCS/miu-hml/documentos/143292/20030596/miuDocumento_996322_H2-Capitulo3-Ejercicios.xlsx,Y,200,
996323,https://miu-documentos.s3.us-west-2.amazonaws.com/DATA-DOCS/miu-hml/documentos/143292/20030596/miuDocumento_996323_H2-Capitulo4-Ejercicios.xlsx,miu-documentos,DATA-DOCS/miu-hml/documentos/143292/20030596/miuDocumento_996323_H2-Capitulo4-Ejercicios.xlsx,Y,200,
996324,https://miu-documentos.s3.us-west-2.amazonaws.com/DATA-DOCS/miu-hml/documentos/143292/20030596/miuDocumento_996324_H2-Capitulo5-Ejercicios.xlsx,miu-documentos,DATA-DOCS/miu-hml/documentos/143292/20030596/miuDocumento_996324_H2-Capitulo5-Ejercicios.xlsx,Y,200,
996325,https://miu-documentos.s3.us-west-2.amazonaws.com/DATA-DOCS/miu-hml/documentos/143292/20030596/miuDocumento_996325_H2-Capitulo7-Ejercicios.xlsx,miu-documentos,DATA-DOCS/miu-hml/documentos/143292/20030596/miuDocumento_996325_H2-Capitulo7-Ejercicios.xlsx,Y,200,
997532,https://miu-documentos.s3.us-west-2.amazonaws.com/DATA-DOCS/miu-hml/documentos/143979/20020131/miuDocumento_997532_Lectura3-DerechoSocietarioFranciscoReyesVillamizar.pdf,miu-documentos,DATA-DOCS/miu-hml/documentos/143979/20020131/miuDocumento_997532_Lectura3-DerechoSocietarioFranciscoReyesVillamizar.pdf,Y,200,
996346,https://miu-documentos.s3.us-west-2.amazonaws.com/DATA-DOCS/miu-hml/documentos/143453/20030090/miuDocumento_712712_ENADE2016-PromoviendoCiudadesIntermedias(310816)Columnistas_774514_926463.pdf,miu-documentos,DATA-DOCS/miu-hml/documentos/143453/20030090/miuDocumento_712712_ENADE2016-PromoviendoCiudadesIntermedias(310816)Columnistas_774514_926463.pdf,Y,200,
996347,https://miu-documentos.s3.us-west-2.amazonaws.com/DATA-DOCS/miu-hml/documentos/143453/20030090/miuDocumento_712713_ENADE_2017_-_Mas_y_Mejor_Infraestructura_Vial_a-Futuro_(270917)_Columnistas_774513_926462.pdf,miu-documentos,DATA-DOCS/miu-hml/documentos/143453/20030090/miuDocumento_712713_ENADE_2017_-_Mas_y_Mejor_Infraestructura_Vial_a-Futuro_(270917)_Columnistas_774513_926462.pdf,Y,200,
997533,https://miu-documentos.s3.us-west-2.amazonaws.com/DATA-DOCS/miu-hml/documentos/143980/20020131/miuDocumento_997532_Lectura3-DerechoSocietarioFranciscoReyesVillamizar.pdf,miu-documentos,DATA-DOCS/miu-hml/documentos/143980/20020131/miuDocumento_997532_Lectura3-DerechoSocietarioFranciscoReyesVillamizar.pdf,Y,200,
997637,https://miu-documentos.s3.us-west-2.amazonaws.com/DATA-DOCS/miu-hml/documentos/144060/20100579/miuDocumento_997637_Rbricadelaexposicinoral.pdf,miu-documentos,DATA-DOCS/miu-hml/documentos/144060/20100579/miuDocumento_997637_Rbricadelaexposicinoral.pdf,Y,200,
996350,https://miu-documentos.s3.us-west-2.amazonaws.com/DATA-DOCS/miu-hml/documentos/143453/20030090/miuDocumento_712716_MonitorLogistico3-2017_774518_926468.pdf,miu-documentos,DATA-DOCS/miu-hml/documentos/143453/20030090/miuDocumento_712716_MonitorLogistico3-2017_774518_926468.pdf,Y,200,
996352,https://miu-documentos.s3.us-west-2.amazonaws.com/DATA-DOCS/miu-hml/documentos/143453/20030090/miuDocumento_712719_Soluciones_para_automatizar_CEDIS_774519_926469.pdf,miu-documentos,DATA-DOCS/miu-hml/documentos/143453/20030090/miuDocumento_712719_Soluciones_para_automatizar_CEDIS_774519_926469.pdf,Y,200,
996353,https://miu-documentos.s3.us-west-2.amazonaws.com/DATA-DOCS/miu-hml/documentos/143453/20030090/miuDocumento_712724_TheDemand-DrivenBCG_774524_926470.pdf,miu-documentos,DATA-DOCS/miu-hml/documentos/143453/20030090/miuDocumento_712724_TheDemand-DrivenBCG_774524_926470.pdf,Y,200,
996354,https://miu-documentos.s3.us-west-2.amazonaws.com/DATA-DOCS/miu-hml/documentos/143453/20030090/miuDocumento_712720_Seven_keys_Forecast_774526_926472.pdf,miu-documentos,DATA-DOCS/miu-hml/documentos/143453/20030090/miuDocumento_712720_Seven_keys_Forecast_774526_926472.pdf,Y,200,
996355,https://miu-documentos.s3.us-west-2.amazonaws.com/DATA-DOCS/miu-hml/documentos/143453/20030090/miuDocumento_712729_S&OPBCG_774523_926473.pdf,miu-documentos,DATA-DOCS/miu-hml/documentos/143453/20030090/miuDocumento_712729_S&OPBCG_774523_926473.pdf,Y,200,
996356,https://miu-documentos.s3.us-west-2.amazonaws.com/DATA-DOCS/miu-hml/documentos/143453/20030090/miuDocumento_712721_ArticuloComomedirprecision_774527_926474.pdf,miu-documentos,DATA-DOCS/miu-hml/documentos/143453/20030090/miuDocumento_712721_ArticuloComomedirprecision_774527_926474.pdf,Y,200,
996357,https://miu-documentos.s3.us-west-2.amazonaws.com/DATA-DOCS/miu-hml/documentos/143453/20030090/miuDocumento_712722_ArticuloComopronosticar_774520_926471.pdf,miu-documentos,DATA-DOCS/miu-hml/documentos/143453/20030090/miuDocumento_712722_ArticuloComopronosticar_774520_926471.pdf,Y,200,
996358,https://miu-documentos.s3.us-west-2.amazonaws.com/DATA-DOCS/miu-hml/documentos/143453/20030090/miuDocumento_712727_Los7pasosdelS&OP_774525_926476.pdf,miu-documentos,DATA-DOCS/miu-hml/documentos/143453/20030090/miuDocumento_712727_Los7pasosdelS&OP_774525_926476.pdf,Y,200,
996359,https://miu-documentos.s3.us-west-2.amazonaws.com/DATA-DOCS/miu-hml/documentos/143453/20030090/miuDocumento_712728_RecomendacionesS&OPKPMG_774522_926475.pdf,miu-documentos,DATA-DOCS/miu-hml/documentos/143453/20030090/miuDocumento_712728_RecomendacionesS&OPKPMG_774522_926475.pdf,Y,200,
996360,https://miu-documentos.s3.us-west-2.amazonaws.com/DATA-DOCS/miu-hml/documentos/143453/20030090/miuDocumento_712723_A1_Comoacercarsealarealidad_774521_926477.pdf,miu-documentos,DATA-DOCS/miu-hml/documentos/143453/20030090/miuDocumento_712723_A1_Comoacercarsealarealidad_774521_926477.pdf,Y,200,
996415,https://miu-documentos.s3.us-west-2.amazonaws.com/DATA-DOCS/miu-hml/documentos/144708/20180351/miuDocumento_996415_24.RogersB.W.1982.TheAtlanticAlliance..pdf,miu-documentos,DATA-DOCS/miu-hml/documentos/144708/20180351/miuDocumento_996415_24.RogersB.W.1982.TheAtlanticAlliance..pdf,Y,200,
996393,https://miu-documentos.s3.us-west-2.amazonaws.com/DATA-DOCS/miu-hml/documentos/144708/20180351/miuDocumento_996393_3.DanielL.BymanKennethM.PollackLetUsNowPraiseGreatMen.pdf,miu-documentos,DATA-DOCS/miu-hml/documentos/144708/20180351/miuDocumento_996393_3.DanielL.BymanKennethM.PollackLetUsNowPraiseGreatMen.pdf,Y,200,
996714,https://miu-documentos.s3.us-west-2.amazonaws.com/DATA-DOCS/miu-hml/documentos/143679/20100147/miuDocumento_996714_BITACORAPR.INT.pdf,miu-documentos,DATA-DOCS/miu-hml/documentos/143679/20100147/miuDocumento_996714_BITACORAPR.INT.pdf,Y,200,
998040,https://miu-documentos.s3.us-west-2.amazonaws.com/DATA-DOCS/miu-hml/documentos/143396/20140597/miuDocumento_998040_InstructivoMathHelp.pdf,miu-documentos,DATA-DOCS/miu-hml/documentos/143396/20140597/miuDocumento_998040_InstructivoMathHelp.pdf,Y,200,
998042,https://miu-documentos.s3.us-west-2.amazonaws.com/DATA-DOCS/miu-hml/documentos/143333/20140597/miuDocumento_998042_InstructivoMathHelp.pdf,miu-documentos,DATA-DOCS/miu-hml/documentos/143333/20140597/miuDocumento_998042_InstructivoMathHelp.pdf,Y,200,
998045,https://miu-documentos.s3.us-west-2.amazonaws.com/DATA-DOCS/miu-hml/documentos/144006/20110075/miuDocumento_960562_Elabogado-ManuelOssorioyFlorit(2).pdf,miu-documentos,DATA-DOCS/miu-hml/documentos/144006/20110075/miuDocumento_960562_Elabogado-ManuelOssorioyFlorit(2).pdf,Y,200,
998046,https://miu-documentos.s3.us-west-2.amazonaws.com/DATA-DOCS/miu-hml/documentos/144006/20110075/miuDocumento_960565_Programa-IDA-2025.docx,miu-documentos,DATA-DOCS/miu-hml/documentos/144006/20110075/miuDocumento_960565_Programa-IDA-2025.docx,Y,200,
998047,https://miu-documentos.s3.us-west-2.amazonaws.com/DATA-DOCS/miu-hml/documentos/144006/20110075/miuDocumento_960571_CVPedroFlores(2025)(ESP).pdf,miu-documentos,DATA-DOCS/miu-hml/documentos/144006/20110075/miuDocumento_960571_CVPedroFlores(2025)(ESP).pdf,Y,200,
998048,https://miu-documentos.s3.us-west-2.amazonaws.com/DATA-DOCS/miu-hml/documentos/144006/20110075/miuDocumento_960563_Larelacio_nabogado-clienteylahonorabilidadprofesional-H.H.ACooper(2).pdf,miu-documentos,DATA-DOCS/miu-hml/documentos/144006/20110075/miuDocumento_960563_Larelacio_nabogado-clienteylahonorabilidadprofesional-H.H.ACooper(2).pdf,Y,200,
998049,https://miu-documentos.s3.us-west-2.amazonaws.com/DATA-DOCS/miu-hml/documentos/144006/20110075/miuDocumento_960564_Fischel-LawyersConfidentiality-1998(2).pdf,miu-documentos,DATA-DOCS/miu-hml/documentos/144006/20110075/miuDocumento_960564_Fischel-LawyersConfidentiality-1998(2).pdf,Y,200,
998177,https://miu-documentos.s3.us-west-2.amazonaws.com/DATA-DOCS/miu-hml/documentos/143749/20180251/miuDocumento_998176_HT1ConocimientoprevioEmbriologaNeuro.pdf,miu-documentos,DATA-DOCS/miu-hml/documentos/143749/20180251/miuDocumento_998176_HT1ConocimientoprevioEmbriologaNeuro.pdf,Y,200,
998176,https://miu-documentos.s3.us-west-2.amazonaws.com/DATA-DOCS/miu-hml/documentos/143748/20180251/miuDocumento_998176_HT1ConocimientoprevioEmbriologaNeuro.pdf,miu-documentos,DATA-DOCS/miu-hml/documentos/143748/20180251/miuDocumento_998176_HT1ConocimientoprevioEmbriologaNeuro.pdf,Y,200,
998178,https://miu-documentos.s3.us-west-2.amazonaws.com/DATA-DOCS/miu-hml/documentos/143750/20180251/miuDocumento_998176_HT1ConocimientoprevioEmbriologaNeuro.pdf,miu-documentos,DATA-DOCS/miu-hml/documentos/143750/20180251/miuDocumento_998176_HT1ConocimientoprevioEmbriologaNeuro.pdf,Y,200,
998190,https://miu-documentos.s3.us-west-2.amazonaws.com/DATA-DOCS/miu-hml/documentos/144242/96000385/miuDocumento_998190_DiariodeSesionesdelaConstitucin.pdf,miu-documentos,DATA-DOCS/miu-hml/documentos/144242/96000385/miuDocumento_998190_DiariodeSesionesdelaConstitucin.pdf,Y,200,
998191,https://miu-documentos.s3.us-west-2.amazonaws.com/DATA-DOCS/miu-hml/documentos/144241/96000385/miuDocumento_998190_DiariodeSesionesdelaConstitucin.pdf,miu-documentos,DATA-DOCS/miu-hml/documentos/144241/96000385/miuDocumento_998190_DiariodeSesionesdelaConstitucin.pdf,Y,200,
998204,https://miu-documentos.s3.us-west-2.amazonaws.com/DATA-DOCS/miu-hml/documentos/143284/26950228/miuDocumento_998204_AccountingMadeSimple-MikePiper.pdf,miu-documentos,DATA-DOCS/miu-hml/documentos/143284/26950228/miuDocumento_998204_AccountingMadeSimple-MikePiper.pdf,Y,200,
998216,https://miu-documentos.s3.us-west-2.amazonaws.com/DATA-DOCS/miu-hml/documentos/144216/20140399/miuDocumento_998216_UFMCronogramadeLecturas-ProcesalCivilI-.pdf,miu-documentos,DATA-DOCS/miu-hml/documentos/144216/20140399/miuDocumento_998216_UFMCronogramadeLecturas-ProcesalCivilI-.pdf,Y,200,
998232,https://miu-documentos.s3.us-west-2.amazonaws.com/DATA-DOCS/miu-hml/documentos/142970/20950031/miuDocumento_998232_Diseo3-2026-syllabus-JulioAlvarado.pdf,miu-documentos,DATA-DOCS/miu-hml/documentos/142970/20950031/miuDocumento_998232_Diseo3-2026-syllabus-JulioAlvarado.pdf,Y,200,
996715,https://miu-documentos.s3.us-west-2.amazonaws.com/DATA-DOCS/miu-hml/documentos/143865/20100147/miuDocumento_996714_BITACORAPR.INT.pdf,miu-documentos,DATA-DOCS/miu-hml/documentos/143865/20100147/miuDocumento_996714_BITACORAPR.INT.pdf,Y,200,
996716,https://miu-documentos.s3.us-west-2.amazonaws.com/DATA-DOCS/miu-hml/documentos/143683/20100147/miuDocumento_996714_BITACORAPR.INT.pdf,miu-documentos,DATA-DOCS/miu-hml/documentos/143683/20100147/miuDocumento_996714_BITACORAPR.INT.pdf,Y,200,
996717,https://miu-documentos.s3.us-west-2.amazonaws.com/DATA-DOCS/miu-hml/documentos/143682/20100147/miuDocumento_996714_BITACORAPR.INT.pdf,miu-documentos,DATA-DOCS/miu-hml/documentos/143682/20100147/miuDocumento_996714_BITACORAPR.INT.pdf,Y,200,
996718,https://miu-documentos.s3.us-west-2.amazonaws.com/DATA-DOCS/miu-hml/documentos/143681/20100147/miuDocumento_996714_BITACORAPR.INT.pdf,miu-documentos,DATA-DOCS/miu-hml/documentos/143681/20100147/miuDocumento_996714_BITACORAPR.INT.pdf,Y,200,
996719,https://miu-documentos.s3.us-west-2.amazonaws.com/DATA-DOCS/miu-hml/documentos/143680/20100147/miuDocumento_996714_BITACORAPR.INT.pdf,miu-documentos,DATA-DOCS/miu-hml/documentos/143680/20100147/miuDocumento_996714_BITACORAPR.INT.pdf,Y,200,
996720,https://miu-documentos.s3.us-west-2.amazonaws.com/DATA-DOCS/miu-hml/documentos/143684/20100147/miuDocumento_996714_BITACORAPR.INT.pdf,miu-documentos,DATA-DOCS/miu-hml/documentos/143684/20100147/miuDocumento_996714_BITACORAPR.INT.pdf,Y,200,
996912,https://miu-documentos.s3.us-west-2.amazonaws.com/DATA-DOCS/miu-hml/documentos/143981/12900745/miuDocumento_996912_05.SimulacionenAvicolaPRen26.docx,miu-documentos,DATA-DOCS/miu-hml/documentos/143981/12900745/miuDocumento_996912_05.SimulacionenAvicolaPRen26.docx,Y,200,
996913,https://miu-documentos.s3.us-west-2.amazonaws.com/DATA-DOCS/miu-hml/documentos/143011/12900745/miuDocumento_996912_05.SimulacionenAvicolaPRen26.docx,miu-documentos,DATA-DOCS/miu-hml/documentos/143011/12900745/miuDocumento_996912_05.SimulacionenAvicolaPRen26.docx,Y,200,
996914,https://miu-documentos.s3.us-west-2.amazonaws.com/DATA-DOCS/miu-hml/documentos/143981/12900745/miuDocumento_996914_06.RelacionycontratoScriaPRen26.docx,miu-documentos,DATA-DOCS/miu-hml/documentos/143981/12900745/miuDocumento_996914_06.RelacionycontratoScriaPRen26.docx,Y,200,
996915,https://miu-documentos.s3.us-west-2.amazonaws.com/DATA-DOCS/miu-hml/documentos/143011/12900745/miuDocumento_996914_06.RelacionycontratoScriaPRen26.docx,miu-documentos,DATA-DOCS/miu-hml/documentos/143011/12900745/miuDocumento_996914_06.RelacionycontratoScriaPRen26.docx,Y,200,
997644,https://miu-documentos.s3.us-west-2.amazonaws.com/DATA-DOCS/miu-hml/documentos/143711/20220110/miuDocumento_997644_Arrow.pdf,miu-documentos,DATA-DOCS/miu-hml/documentos/143711/20220110/miuDocumento_997644_Arrow.pdf,Y,200,
997685,https://miu-documentos.s3.us-west-2.amazonaws.com/DATA-DOCS/miu-hml/documentos/143374/20210218/miuDocumento_997685_MicroeconomaI_UFM_2026.pdf,miu-documentos,DATA-DOCS/miu-hml/documentos/143374/20210218/miuDocumento_997685_MicroeconomaI_UFM_2026.pdf,Y,200,
997826,https://miu-documentos.s3.us-west-2.amazonaws.com/DATA-DOCS/miu-hml/documentos/144782/12890465/miuDocumento_997826_Syllabus2026provisional.docx,miu-documentos,DATA-DOCS/miu-hml/documentos/144782/12890465/miuDocumento_997826_Syllabus2026provisional.docx,Y,200,
997776,https://miu-documentos.s3.us-west-2.amazonaws.com/DATA-DOCS/miu-hml/documentos/142778/20000326/miuDocumento_997771_Psicologiadelasaludycalidaddevida.pdf,miu-documentos,DATA-DOCS/miu-hml/documentos/142778/20000326/miuDocumento_997771_Psicologiadelasaludycalidaddevida.pdf,Y,200,
997774,https://miu-documentos.s3.us-west-2.amazonaws.com/DATA-DOCS/miu-hml/documentos/142778/20000326/miuDocumento_997770_psicologia-medica-y-salud-mental2.pdf,miu-documentos,DATA-DOCS/miu-hml/documentos/142778/20000326/miuDocumento_997770_psicologia-medica-y-salud-mental2.pdf,Y,200,
997829,https://miu-documentos.s3.us-west-2.amazonaws.com/DATA-DOCS/miu-hml/documentos/144121/12870542/miuDocumento_997829_250105bienvenidosH03.docx,miu-documentos,DATA-DOCS/miu-hml/documentos/144121/12870542/miuDocumento_997829_250105bienvenidosH03.docx,Y,200,
997901,https://miu-documentos.s3.us-west-2.amazonaws.com/DATA-DOCS/miu-hml/documentos/143873/20170280/miuDocumento_997901_cronograma-mate-med-2026-1.pdf,miu-documentos,DATA-DOCS/miu-hml/documentos/143873/20170280/miuDocumento_997901_cronograma-mate-med-2026-1.pdf,Y,200,
997902,https://miu-documentos.s3.us-west-2.amazonaws.com/DATA-DOCS/miu-hml/documentos/143874/20170280/miuDocumento_997901_cronograma-mate-med-2026-1.pdf,miu-documentos,DATA-DOCS/miu-hml/documentos/143874/20170280/miuDocumento_997901_cronograma-mate-med-2026-1.pdf,Y,200,
997903,https://miu-documentos.s3.us-west-2.amazonaws.com/DATA-DOCS/miu-hml/documentos/143875/20170280/miuDocumento_997901_cronograma-mate-med-2026-1.pdf,miu-documentos,DATA-DOCS/miu-hml/documentos/143875/20170280/miuDocumento_997901_cronograma-mate-med-2026-1.pdf,Y,200,
997966,https://miu-documentos.s3.us-west-2.amazonaws.com/DATA-DOCS/miu-hml/documentos/143348/20130088/miuDocumento_997966_CalendarioLecturas_IO2026.pdf,miu-documentos,DATA-DOCS/miu-hml/documentos/143348/20130088/miuDocumento_997966_CalendarioLecturas_IO2026.pdf,Y,200,
997995,https://miu-documentos.s3.us-west-2.amazonaws.com/DATA-DOCS/miu-hml/documentos/143005/13950296/miuDocumento_997995_KaplanySadock-SinopsisdePsiquiatria-11aEdicion.pdf,miu-documentos,DATA-DOCS/miu-hml/documentos/143005/13950296/miuDocumento_997995_KaplanySadock-SinopsisdePsiquiatria-11aEdicion.pdf,Y,200,
998003,https://miu-documentos.s3.us-west-2.amazonaws.com/DATA-DOCS/miu-hml/documentos/142780/20130378/miuDocumento_998003_SILABOINFOTECNOLOGIAS2026.pdf,miu-documentos,DATA-DOCS/miu-hml/documentos/142780/20130378/miuDocumento_998003_SILABOINFOTECNOLOGIAS2026.pdf,Y,200,
998006,https://miu-documentos.s3.us-west-2.amazonaws.com/DATA-DOCS/miu-hml/documentos/142789/20130378/miuDocumento_998006_CRONOGRAMA-INFOTECNOLOGIASI.pdf,miu-documentos,DATA-DOCS/miu-hml/documentos/142789/20130378/miuDocumento_998006_CRONOGRAMA-INFOTECNOLOGIASI.pdf,Y,200,
998027,https://miu-documentos.s3.us-west-2.amazonaws.com/DATA-DOCS/miu-hml/documentos/142911/20180614/miuDocumento_963376_DerechodelaOrganizacionMundialdelComercio.pdf,miu-documentos,DATA-DOCS/miu-hml/documentos/142911/20180614/miuDocumento_963376_DerechodelaOrganizacionMundialdelComercio.pdf,Y,200,
998028,https://miu-documentos.s3.us-west-2.amazonaws.com/DATA-DOCS/miu-hml/documentos/142912/20180614/miuDocumento_963376_DerechodelaOrganizacionMundialdelComercio.pdf,miu-documentos,DATA-DOCS/miu-hml/documentos/142912/20180614/miuDocumento_963376_DerechodelaOrganizacionMundialdelComercio.pdf,Y,200,
995951,https://miu-documentos.s3.us-west-2.amazonaws.com/DATA-DOCS/miu-hml/documentos/143583/20040100/miuDocumento_995947_6.ResourcesforPharmacogenomics.pdf,miu-documentos,DATA-DOCS/miu-hml/documentos/143583/20040100/miuDocumento_995947_6.ResourcesforPharmacogenomics.pdf,Y,200,
995956,https://miu-documentos.s3.us-west-2.amazonaws.com/DATA-DOCS/miu-hml/documentos/143583/20040100/miuDocumento_995952_8.Epigenetics.pdf,miu-documentos,DATA-DOCS/miu-hml/documentos/143583/20040100/miuDocumento_995952_8.Epigenetics.pdf,Y,200,
998029,https://miu-documentos.s3.us-west-2.amazonaws.com/DATA-DOCS/miu-hml/documentos/142911/20180614/miuDocumento_963515_RelacionesInternacionales.pdf,miu-documentos,DATA-DOCS/miu-hml/documentos/142911/20180614/miuDocumento_963515_RelacionesInternacionales.pdf,Y,200,
998030,https://miu-documentos.s3.us-west-2.amazonaws.com/DATA-DOCS/miu-hml/documentos/142912/20180614/miuDocumento_963515_RelacionesInternacionales.pdf,miu-documentos,DATA-DOCS/miu-hml/documentos/142912/20180614/miuDocumento_963515_RelacionesInternacionales.pdf,Y,200,
998031,https://miu-documentos.s3.us-west-2.amazonaws.com/DATA-DOCS/miu-hml/documentos/142911/20180614/miuDocumento_963516_RelacionesInternacionales2.pdf,miu-documentos,DATA-DOCS/miu-hml/documentos/142911/20180614/miuDocumento_963516_RelacionesInternacionales2.pdf,Y,200,
998032,https://miu-documentos.s3.us-west-2.amazonaws.com/DATA-DOCS/miu-hml/documentos/142912/20180614/miuDocumento_963516_RelacionesInternacionales2.pdf,miu-documentos,DATA-DOCS/miu-hml/documentos/142912/20180614/miuDocumento_963516_RelacionesInternacionales2.pdf,Y,200,
998033,https://miu-documentos.s3.us-west-2.amazonaws.com/DATA-DOCS/miu-hml/documentos/142911/20180614/miuDocumento_963517_RelacionesInternacionales3.pdf,miu-documentos,DATA-DOCS/miu-hml/documentos/142911/20180614/miuDocumento_963517_RelacionesInternacionales3.pdf,Y,200,
998034,https://miu-documentos.s3.us-west-2.amazonaws.com/DATA-DOCS/miu-hml/documentos/142912/20180614/miuDocumento_963517_RelacionesInternacionales3.pdf,miu-documentos,DATA-DOCS/miu-hml/documentos/142912/20180614/miuDocumento_963517_RelacionesInternacionales3.pdf,Y,200,
998035,https://miu-documentos.s3.us-west-2.amazonaws.com/DATA-DOCS/miu-hml/documentos/142911/20180614/miuDocumento_963518_historywto_e.pdf,miu-documentos,DATA-DOCS/miu-hml/documentos/142911/20180614/miuDocumento_963518_historywto_e.pdf,Y,200,
998036,https://miu-documentos.s3.us-west-2.amazonaws.com/DATA-DOCS/miu-hml/documentos/142912/20180614/miuDocumento_963518_historywto_e.pdf,miu-documentos,DATA-DOCS/miu-hml/documentos/142912/20180614/miuDocumento_963518_historywto_e.pdf,Y,200,
998086,https://miu-documentos.s3.us-west-2.amazonaws.com/DATA-DOCS/miu-hml/documentos/143330/20181150/miuDocumento_998086_EJERCICIOGRAFICAS.xls,miu-documentos,DATA-DOCS/miu-hml/documentos/143330/20181150/miuDocumento_998086_EJERCICIOGRAFICAS.xls,Y,200,
998098,https://miu-documentos.s3.us-west-2.amazonaws.com/DATA-DOCS/miu-hml/documentos/143360/12910611/miuDocumento_914106_INSTRUCCIONESEXPERIMENTOL&EEntry-Congestion_925350_944915_960952_980791.pdf,miu-documentos,DATA-DOCS/miu-hml/documentos/143360/12910611/miuDocumento_914106_INSTRUCCIONESEXPERIMENTOL&EEntry-Congestion_925350_944915_960952_980791.pdf,Y,200,
998099,https://miu-documentos.s3.us-west-2.amazonaws.com/DATA-DOCS/miu-hml/documentos/143360/12910611/El_Problema_del_Costo_Social_628561_684203_712462_742866_774885_814245_836109_853012_910485_925349_944928_960943_980796.pdf,miu-documentos,DATA-DOCS/miu-hml/documentos/143360/12910611/El_Problema_del_Costo_Social_628561_684203_712462_742866_774885_814245_836109_853012_910485_925349_944928_960943_980796.pdf,Y,200,
998100,https://miu-documentos.s3.us-west-2.amazonaws.com/DATA-DOCS/miu-hml/documentos/143360/12910611/20120716175418_656067_684214_712461_742865_774877_814247_836103_853013_910487_925347_944925_960955_980793.tif,miu-documentos,DATA-DOCS/miu-hml/documentos/143360/12910611/20120716175418_656067_684214_712461_742865_774877_814247_836103_853013_910487_925347_944925_960955_980793.tif,Y,200,
998101,"https://miu-documentos.s3.us-west-2.amazonaws.com/DATA-DOCS/miu-hml/documentos/143360/12910611/miuDocumento_784219_Externalidades,CostosdeTransaccionyDesarrollo_CasodeAnalisis_814242_990481.pdf",miu-documentos,"DATA-DOCS/miu-hml/documentos/143360/12910611/miuDocumento_784219_Externalidades,CostosdeTransaccionyDesarrollo_CasodeAnalisis_814242_990481.pdf",Y,200,
998102,https://miu-documentos.s3.us-west-2.amazonaws.com/DATA-DOCS/miu-hml/documentos/143360/12910611/miuDocumento_949248_miuDocumento_844271_INSTRUCCIONESEXPERIMENTOL&EWaterExternalities_853021_910497_925355_960949_980794.pdf,miu-documentos,DATA-DOCS/miu-hml/documentos/143360/12910611/miuDocumento_949248_miuDocumento_844271_INSTRUCCIONESEXPERIMENTOL&EWaterExternalities_853021_910497_925355_960949_980794.pdf,Y,200,
998103,https://miu-documentos.s3.us-west-2.amazonaws.com/DATA-DOCS/miu-hml/documentos/143360/12910611/Caso Disputa Civil_656064_684208_712460_742859_774883_814252_836123_853015_910492_925342_944926_960948_980790.doc,miu-documentos,DATA-DOCS/miu-hml/documentos/143360/12910611/Caso Disputa Civil_656064_684208_712460_742859_774883_814252_836123_853015_910492_925342_944926_960948_980790.doc,Y,200,
998105,https://miu-documentos.s3.us-west-2.amazonaws.com/DATA-DOCS/miu-hml/documentos/143360/12910611/miuDocumento_712478_Hayek_DLL_124_742863_774876_814243_836115_853014_910484_925346_944927_960950_980795.pdf,miu-documentos,DATA-DOCS/miu-hml/documentos/143360/12910611/miuDocumento_712478_Hayek_DLL_124_742863_774876_814243_836115_853014_910484_925346_944927_960950_980795.pdf,Y,200,
998106,https://miu-documentos.s3.us-west-2.amazonaws.com/DATA-DOCS/miu-hml/documentos/143360/12910611/CASO1_656068_684205_712456_742862_774880_814246_836119_853010_910482_925344_944924_960947_980789.docx,miu-documentos,DATA-DOCS/miu-hml/documentos/143360/12910611/CASO1_656068_684205_712456_742862_774880_814246_836119_853010_910482_925344_944924_960947_980789.docx,Y,200,
998107,https://miu-documentos.s3.us-west-2.amazonaws.com/DATA-DOCS/miu-hml/documentos/143360/12910611/miuDocumento_911698_INSTRUCCIONESEXPERIMENTOL&ETrustGame2023_925340_944922_960953_980788.pdf,miu-documentos,DATA-DOCS/miu-hml/documentos/143360/12910611/miuDocumento_911698_INSTRUCCIONESEXPERIMENTOL&ETrustGame2023_925340_944922_960953_980788.pdf,Y,200,
998108,https://miu-documentos.s3.us-west-2.amazonaws.com/DATA-DOCS/miu-hml/documentos/143360/12910611/7_The_Origins_of_Virtue_Matt_Ridley_656065_684209_712463_742858_774878_814244_836117_853009_910486_925353_944923_960951_980787.pdf,miu-documentos,DATA-DOCS/miu-hml/documentos/143360/12910611/7_The_Origins_of_Virtue_Matt_Ridley_656065_684209_712463_742858_774878_814244_836117_853009_910486_925353_944923_960951_980787.pdf,Y,200,
998110,"https://miu-documentos.s3.us-west-2.amazonaws.com/DATA-DOCS/miu-hml/documentos/143360/12910611/miuDocumento_712474_BrunoLeoni_Law,LibertyandtheCompetitiveMarket_742861_774879_814250_836105_853007_910483_925348_944902_960942_980792.pdf",miu-documentos,"DATA-DOCS/miu-hml/documentos/143360/12910611/miuDocumento_712474_BrunoLeoni_Law,LibertyandtheCompetitiveMarket_742861_774879_814250_836105_853007_910483_925348_944902_960942_980792.pdf",Y,200,
998111,https://miu-documentos.s3.us-west-2.amazonaws.com/DATA-DOCS/miu-hml/documentos/143360/12910611/Friedman_Capitulo_12_656072_684212_712458_742867_774887_814249_836121_853011_910489_925343_944921_960944_980797.pdf,miu-documentos,DATA-DOCS/miu-hml/documentos/143360/12910611/Friedman_Capitulo_12_656072_684212_712458_742867_774887_814249_836121_853011_910489_925343_944921_960944_980797.pdf,Y,200,
998112,https://miu-documentos.s3.us-west-2.amazonaws.com/DATA-DOCS/miu-hml/documentos/143347/20070408/miuDocumento_998112_NIIF9-MatrizdeProvisin.xlsx,miu-documentos,DATA-DOCS/miu-hml/documentos/143347/20070408/miuDocumento_998112_NIIF9-MatrizdeProvisin.xlsx,Y,200,
998182,https://miu-documentos.s3.us-west-2.amazonaws.com/DATA-DOCS/miu-hml/documentos/143748/20180251/miuDocumento_998182_Ch17LecturaEmbriologaNervio.pdf,miu-documentos,DATA-DOCS/miu-hml/documentos/143748/20180251/miuDocumento_998182_Ch17LecturaEmbriologaNervio.pdf,Y,200,
998175,https://miu-documentos.s3.us-west-2.amazonaws.com/DATA-DOCS/miu-hml/documentos/143372/20160336/miuDocumento_998175_Marketing-1.Intro.pdf,miu-documentos,DATA-DOCS/miu-hml/documentos/143372/20160336/miuDocumento_998175_Marketing-1.Intro.pdf,Y,200,
998183,https://miu-documentos.s3.us-west-2.amazonaws.com/DATA-DOCS/miu-hml/documentos/143749/20180251/miuDocumento_998182_Ch17LecturaEmbriologaNervio.pdf,miu-documentos,DATA-DOCS/miu-hml/documentos/143749/20180251/miuDocumento_998182_Ch17LecturaEmbriologaNervio.pdf,Y,200,
998184,https://miu-documentos.s3.us-west-2.amazonaws.com/DATA-DOCS/miu-hml/documentos/143750/20180251/miuDocumento_998182_Ch17LecturaEmbriologaNervio.pdf,miu-documentos,DATA-DOCS/miu-hml/documentos/143750/20180251/miuDocumento_998182_Ch17LecturaEmbriologaNervio.pdf,Y,200,
998215,https://miu-documentos.s3.us-west-2.amazonaws.com/DATA-DOCS/miu-hml/documentos/144216/20140399/miuDocumento_998215_UFMProgramadelCurso-DerechoProcesalCivilI-2026-.pdf,miu-documentos,DATA-DOCS/miu-hml/documentos/144216/20140399/miuDocumento_998215_UFMProgramadelCurso-DerechoProcesalCivilI-2026-.pdf,Y,200,
998224,https://miu-documentos.s3.us-west-2.amazonaws.com/DATA-DOCS/miu-hml/documentos/143345/98000877/3--Adam Smith_644278_672059_815411_890515_925359_960715.pdf,miu-documentos,DATA-DOCS/miu-hml/documentos/143345/98000877/3--Adam Smith_644278_672059_815411_890515_925359_960715.pdf,Y,200,
998225,https://miu-documentos.s3.us-west-2.amazonaws.com/DATA-DOCS/miu-hml/documentos/143345/98000877/Ashton (Standard of Life)_644279_672061_815408_890516_925360_960713.pdf,miu-documentos,DATA-DOCS/miu-hml/documentos/143345/98000877/Ashton (Standard of Life)_644279_672061_815408_890516_925360_960713.pdf,Y,200,
998226,https://miu-documentos.s3.us-west-2.amazonaws.com/DATA-DOCS/miu-hml/documentos/143345/98000877/Bostaph (Menger y los Historicistas Alemanes)_644282_672060_815409_890514_925357_960721.pdf,miu-documentos,DATA-DOCS/miu-hml/documentos/143345/98000877/Bostaph (Menger y los Historicistas Alemanes)_644282_672060_815409_890514_925357_960721.pdf,Y,200,
998227,https://miu-documentos.s3.us-west-2.amazonaws.com/DATA-DOCS/miu-hml/documentos/143345/98000877/miuDocumento_644544_1--Metodologia_672063_815412_890518_925361_960723.pdf,miu-documentos,DATA-DOCS/miu-hml/documentos/143345/98000877/miuDocumento_644544_1--Metodologia_672063_815412_890518_925361_960723.pdf,Y,200,
998228,https://miu-documentos.s3.us-west-2.amazonaws.com/DATA-DOCS/miu-hml/documentos/143345/98000877/miuDocumento_960717_ElNivelDeVidaDeLosTrabajadoresEnInglaterraDesde1790a1830-T.S.Ashton.pdf,miu-documentos,DATA-DOCS/miu-hml/documentos/143345/98000877/miuDocumento_960717_ElNivelDeVidaDeLosTrabajadoresEnInglaterraDesde1790a1830-T.S.Ashton.pdf,Y,200,
998229,https://miu-documentos.s3.us-west-2.amazonaws.com/DATA-DOCS/miu-hml/documentos/143345/98000877/miuDocumento_960725_LosCuatroMundosdeJosephKeckeissen.pdf,miu-documentos,DATA-DOCS/miu-hml/documentos/143345/98000877/miuDocumento_960725_LosCuatroMundosdeJosephKeckeissen.pdf,Y,200,
998230,https://miu-documentos.s3.us-west-2.amazonaws.com/DATA-DOCS/miu-hml/documentos/143345/98000877/miuDocumento_934739_LF-26_960726.2(Friedman),miu-documentos,DATA-DOCS/miu-hml/documentos/143345/98000877/miuDocumento_934739_LF-26_960726.2(Friedman),Y,200,
998231,https://miu-documentos.s3.us-west-2.amazonaws.com/DATA-DOCS/miu-hml/documentos/143345/98000877/miuDocumento_963707_LF-35.7(JoeKeck).pdf,miu-documentos,DATA-DOCS/miu-hml/documentos/143345/98000877/miuDocumento_963707_LF-35.7(JoeKeck).pdf,Y,200,
998233,https://miu-documentos.s3.us-west-2.amazonaws.com/DATA-DOCS/miu-hml/documentos/142970/20950031/miuDocumento_998233_CalendarioUFMDesign2026-1.pdf,miu-documentos,DATA-DOCS/miu-hml/documentos/142970/20950031/miuDocumento_998233_CalendarioUFMDesign2026-1.pdf,Y,200,
995730,https://miu-documentos.s3.us-west-2.amazonaws.com/DATA-DOCS/miu-hml/documentos/143595/20040100/miuDocumento_995727_T3.SindromesNeurocutaneos.pptx,miu-documentos,DATA-DOCS/miu-hml/documentos/143595/20040100/miuDocumento_995727_T3.SindromesNeurocutaneos.pptx,Y,200,
995402,https://miu-documentos.s3.us-west-2.amazonaws.com/DATA-DOCS/miu-hml/documentos/143596/20090970/miuDocumento_995402_TheMeditationsofMarcusAurelius.pdf,miu-documentos,DATA-DOCS/miu-hml/documentos/143596/20090970/miuDocumento_995402_TheMeditationsofMarcusAurelius.pdf,Y,200,
995942,https://miu-documentos.s3.us-west-2.amazonaws.com/DATA-DOCS/miu-hml/documentos/143583/20040100/miuDocumento_995942_6.PharmacogenomicsKatzung.pdf,miu-documentos,DATA-DOCS/miu-hml/documentos/143583/20040100/miuDocumento_995942_6.PharmacogenomicsKatzung.pdf,Y,200,
995332,https://miu-documentos.s3.us-west-2.amazonaws.com/DATA-DOCS/miu-hml/documentos/142810/20150864/miuDocumento_995332_FORO1Inflamacionyshock.pdf,miu-documentos,DATA-DOCS/miu-hml/documentos/142810/20150864/miuDocumento_995332_FORO1Inflamacionyshock.pdf,Y,200,
995333,https://miu-documentos.s3.us-west-2.amazonaws.com/DATA-DOCS/miu-hml/documentos/142810/20150864/miuDocumento_995332_FORO1Inflamacionyshock.pdf,miu-documentos,DATA-DOCS/miu-hml/documentos/142810/20150864/miuDocumento_995332_FORO1Inflamacionyshock.pdf,Y,200,
995334,https://miu-documentos.s3.us-west-2.amazonaws.com/DATA-DOCS/miu-hml/documentos/142810/20150864/miuDocumento_995334_FORO2PATOLOGIARESPIRATORIAYSNC.pdf,miu-documentos,DATA-DOCS/miu-hml/documentos/142810/20150864/miuDocumento_995334_FORO2PATOLOGIARESPIRATORIAYSNC.pdf,Y,200,
995336,https://miu-documentos.s3.us-west-2.amazonaws.com/DATA-DOCS/miu-hml/documentos/142810/20150864/miuDocumento_995336_FORO3PatologiaHepaticayRenal.pdf,miu-documentos,DATA-DOCS/miu-hml/documentos/142810/20150864/miuDocumento_995336_FORO3PatologiaHepaticayRenal.pdf,Y,200,
995337,https://miu-documentos.s3.us-west-2.amazonaws.com/DATA-DOCS/miu-hml/documentos/142810/20150864/miuDocumento_995336_FORO3PatologiaHepaticayRenal.pdf,miu-documentos,DATA-DOCS/miu-hml/documentos/142810/20150864/miuDocumento_995336_FORO3PatologiaHepaticayRenal.pdf,Y,200,
995943,https://miu-documentos.s3.us-west-2.amazonaws.com/DATA-DOCS/miu-hml/documentos/143583/20040100/miuDocumento_995942_6.PharmacogenomicsKatzung.pdf,miu-documentos,DATA-DOCS/miu-hml/documentos/143583/20040100/miuDocumento_995942_6.PharmacogenomicsKatzung.pdf,Y,200,
995388,https://miu-documentos.s3.us-west-2.amazonaws.com/DATA-DOCS/miu-hml/documentos/143023/20241404/miuDocumento_995388_6.CartaConstanciadeCierrePE2026.pdf,miu-documentos,DATA-DOCS/miu-hml/documentos/143023/20241404/miuDocumento_995388_6.CartaConstanciadeCierrePE2026.pdf,Y,200,
995944,https://miu-documentos.s3.us-west-2.amazonaws.com/DATA-DOCS/miu-hml/documentos/143583/20040100/miuDocumento_995942_6.PharmacogenomicsKatzung.pdf,miu-documentos,DATA-DOCS/miu-hml/documentos/143583/20040100/miuDocumento_995942_6.PharmacogenomicsKatzung.pdf,Y,200,
995945,https://miu-documentos.s3.us-west-2.amazonaws.com/DATA-DOCS/miu-hml/documentos/143583/20040100/miuDocumento_995942_6.PharmacogenomicsKatzung.pdf,miu-documentos,DATA-DOCS/miu-hml/documentos/143583/20040100/miuDocumento_995942_6.PharmacogenomicsKatzung.pdf,Y,200,
995946,https://miu-documentos.s3.us-west-2.amazonaws.com/DATA-DOCS/miu-hml/documentos/143583/20040100/miuDocumento_995942_6.PharmacogenomicsKatzung.pdf,miu-documentos,DATA-DOCS/miu-hml/documentos/143583/20040100/miuDocumento_995942_6.PharmacogenomicsKatzung.pdf,Y,200,
995947,https://miu-documentos.s3.us-west-2.amazonaws.com/DATA-DOCS/miu-hml/documentos/143583/20040100/miuDocumento_995947_6.ResourcesforPharmacogenomics.pdf,miu-documentos,DATA-DOCS/miu-hml/documentos/143583/20040100/miuDocumento_995947_6.ResourcesforPharmacogenomics.pdf,Y,200,
995342,https://miu-documentos.s3.us-west-2.amazonaws.com/DATA-DOCS/miu-hml/documentos/118238/20150864/miuDocumento_814686_robbins-patologiaestructuralyfuncional6ed-1_855144_959086_995331_995342.pdf,miu-documentos,DATA-DOCS/miu-hml/documentos/118238/20150864/miuDocumento_814686_robbins-patologiaestructuralyfuncional6ed-1_855144_959086_995331_995342.pdf,Y,200,
995949,https://miu-documentos.s3.us-west-2.amazonaws.com/DATA-DOCS/miu-hml/documentos/143583/20040100/miuDocumento_995947_6.ResourcesforPharmacogenomics.pdf,miu-documentos,DATA-DOCS/miu-hml/documentos/143583/20040100/miuDocumento_995947_6.ResourcesforPharmacogenomics.pdf,Y,200,
995950,https://miu-documentos.s3.us-west-2.amazonaws.com/DATA-DOCS/miu-hml/documentos/143583/20040100/miuDocumento_995947_6.ResourcesforPharmacogenomics.pdf,miu-documentos,DATA-DOCS/miu-hml/documentos/143583/20040100/miuDocumento_995947_6.ResourcesforPharmacogenomics.pdf,Y,200,
995952,https://miu-documentos.s3.us-west-2.amazonaws.com/DATA-DOCS/miu-hml/documentos/143583/20040100/miuDocumento_995952_8.Epigenetics.pdf,miu-documentos,DATA-DOCS/miu-hml/documentos/143583/20040100/miuDocumento_995952_8.Epigenetics.pdf,Y,200,
995953,https://miu-documentos.s3.us-west-2.amazonaws.com/DATA-DOCS/miu-hml/documentos/143583/20040100/miuDocumento_995952_8.Epigenetics.pdf,miu-documentos,DATA-DOCS/miu-hml/documentos/143583/20040100/miuDocumento_995952_8.Epigenetics.pdf,Y,200,
995954,https://miu-documentos.s3.us-west-2.amazonaws.com/DATA-DOCS/miu-hml/documentos/143583/20040100/miuDocumento_995952_8.Epigenetics.pdf,miu-documentos,DATA-DOCS/miu-hml/documentos/143583/20040100/miuDocumento_995952_8.Epigenetics.pdf,Y,200,
995957,https://miu-documentos.s3.us-west-2.amazonaws.com/DATA-DOCS/miu-hml/documentos/143583/20040100/miuDocumento_995957_9.NoncodingRNA.pdf,miu-documentos,DATA-DOCS/miu-hml/documentos/143583/20040100/miuDocumento_995957_9.NoncodingRNA.pdf,Y,200,
995958,https://miu-documentos.s3.us-west-2.amazonaws.com/DATA-DOCS/miu-hml/documentos/143583/20040100/miuDocumento_995957_9.NoncodingRNA.pdf,miu-documentos,DATA-DOCS/miu-hml/documentos/143583/20040100/miuDocumento_995957_9.NoncodingRNA.pdf,Y,200,
995959,https://miu-documentos.s3.us-west-2.amazonaws.com/DATA-DOCS/miu-hml/documentos/143583/20040100/miuDocumento_995957_9.NoncodingRNA.pdf,miu-documentos,DATA-DOCS/miu-hml/documentos/143583/20040100/miuDocumento_995957_9.NoncodingRNA.pdf,Y,200,
995960,https://miu-documentos.s3.us-west-2.amazonaws.com/DATA-DOCS/miu-hml/documentos/143583/20040100/miuDocumento_995957_9.NoncodingRNA.pdf,miu-documentos,DATA-DOCS/miu-hml/documentos/143583/20040100/miuDocumento_995957_9.NoncodingRNA.pdf,Y,200,
995961,https://miu-documentos.s3.us-west-2.amazonaws.com/DATA-DOCS/miu-hml/documentos/143583/20040100/miuDocumento_995957_9.NoncodingRNA.pdf,miu-documentos,DATA-DOCS/miu-hml/documentos/143583/20040100/miuDocumento_995957_9.NoncodingRNA.pdf,Y,200,
995962,https://miu-documentos.s3.us-west-2.amazonaws.com/DATA-DOCS/miu-hml/documentos/143583/20040100/miuDocumento_995962_9.Next-GenerationProteomics.pdf,miu-documentos,DATA-DOCS/miu-hml/documentos/143583/20040100/miuDocumento_995962_9.Next-GenerationProteomics.pdf,Y,200,
995965,https://miu-documentos.s3.us-west-2.amazonaws.com/DATA-DOCS/miu-hml/documentos/143583/20040100/miuDocumento_995962_9.Next-GenerationProteomics.pdf,miu-documentos,DATA-DOCS/miu-hml/documentos/143583/20040100/miuDocumento_995962_9.Next-GenerationProteomics.pdf,Y,200,
995966,https://miu-documentos.s3.us-west-2.amazonaws.com/DATA-DOCS/miu-hml/documentos/143583/20040100/miuDocumento_995962_9.Next-GenerationProteomics.pdf,miu-documentos,DATA-DOCS/miu-hml/documentos/143583/20040100/miuDocumento_995962_9.Next-GenerationProteomics.pdf,Y,200,
995972,https://miu-documentos.s3.us-west-2.amazonaws.com/DATA-DOCS/miu-hml/documentos/143583/20040100/miuDocumento_995972_7.MetabolomicsinPersonalizedMedicine.pdf,miu-documentos,DATA-DOCS/miu-hml/documentos/143583/20040100/miuDocumento_995972_7.MetabolomicsinPersonalizedMedicine.pdf,Y,200,
995973,https://miu-documentos.s3.us-west-2.amazonaws.com/DATA-DOCS/miu-hml/documentos/143583/20040100/miuDocumento_995972_7.MetabolomicsinPersonalizedMedicine.pdf,miu-documentos,DATA-DOCS/miu-hml/documentos/143583/20040100/miuDocumento_995972_7.MetabolomicsinPersonalizedMedicine.pdf,Y,200,
995974,https://miu-documentos.s3.us-west-2.amazonaws.com/DATA-DOCS/miu-hml/documentos/143583/20040100/miuDocumento_995972_7.MetabolomicsinPersonalizedMedicine.pdf,miu-documentos,DATA-DOCS/miu-hml/documentos/143583/20040100/miuDocumento_995972_7.MetabolomicsinPersonalizedMedicine.pdf,Y,200,
995975,https://miu-documentos.s3.us-west-2.amazonaws.com/DATA-DOCS/miu-hml/documentos/143583/20040100/miuDocumento_995972_7.MetabolomicsinPersonalizedMedicine.pdf,miu-documentos,DATA-DOCS/miu-hml/documentos/143583/20040100/miuDocumento_995972_7.MetabolomicsinPersonalizedMedicine.pdf,Y,200,
995976,https://miu-documentos.s3.us-west-2.amazonaws.com/DATA-DOCS/miu-hml/documentos/143583/20040100/miuDocumento_995972_7.MetabolomicsinPersonalizedMedicine.pdf,miu-documentos,DATA-DOCS/miu-hml/documentos/143583/20040100/miuDocumento_995972_7.MetabolomicsinPersonalizedMedicine.pdf,Y,200,
995977,https://miu-documentos.s3.us-west-2.amazonaws.com/DATA-DOCS/miu-hml/documentos/143583/20040100/miuDocumento_995977_7.TheRoleofMicrobiomeinHumanDevelopment.pdf,miu-documentos,DATA-DOCS/miu-hml/documentos/143583/20040100/miuDocumento_995977_7.TheRoleofMicrobiomeinHumanDevelopment.pdf,Y,200,
995978,https://miu-documentos.s3.us-west-2.amazonaws.com/DATA-DOCS/miu-hml/documentos/143583/20040100/miuDocumento_995977_7.TheRoleofMicrobiomeinHumanDevelopment.pdf,miu-documentos,DATA-DOCS/miu-hml/documentos/143583/20040100/miuDocumento_995977_7.TheRoleofMicrobiomeinHumanDevelopment.pdf,Y,200,
995979,https://miu-documentos.s3.us-west-2.amazonaws.com/DATA-DOCS/miu-hml/documentos/143583/20040100/miuDocumento_995977_7.TheRoleofMicrobiomeinHumanDevelopment.pdf,miu-documentos,DATA-DOCS/miu-hml/documentos/143583/20040100/miuDocumento_995977_7.TheRoleofMicrobiomeinHumanDevelopment.pdf,Y,200,
995980,https://miu-documentos.s3.us-west-2.amazonaws.com/DATA-DOCS/miu-hml/documentos/143583/20040100/miuDocumento_995977_7.TheRoleofMicrobiomeinHumanDevelopment.pdf,miu-documentos,DATA-DOCS/miu-hml/documentos/143583/20040100/miuDocumento_995977_7.TheRoleofMicrobiomeinHumanDevelopment.pdf,Y,200,
995981,https://miu-documentos.s3.us-west-2.amazonaws.com/DATA-DOCS/miu-hml/documentos/143583/20040100/miuDocumento_995977_7.TheRoleofMicrobiomeinHumanDevelopment.pdf,miu-documentos,DATA-DOCS/miu-hml/documentos/143583/20040100/miuDocumento_995977_7.TheRoleofMicrobiomeinHumanDevelopment.pdf,Y,200,
995982,https://miu-documentos.s3.us-west-2.amazonaws.com/DATA-DOCS/miu-hml/documentos/143583/20040100/miuDocumento_995982_11.TreatmentofGeneticDisease.pdf,miu-documentos,DATA-DOCS/miu-hml/documentos/143583/20040100/miuDocumento_995982_11.TreatmentofGeneticDisease.pdf,Y,200,
995983,https://miu-documentos.s3.us-west-2.amazonaws.com/DATA-DOCS/miu-hml/documentos/143583/20040100/miuDocumento_995982_11.TreatmentofGeneticDisease.pdf,miu-documentos,DATA-DOCS/miu-hml/documentos/143583/20040100/miuDocumento_995982_11.TreatmentofGeneticDisease.pdf,Y,200,
995984,https://miu-documentos.s3.us-west-2.amazonaws.com/DATA-DOCS/miu-hml/documentos/143583/20040100/miuDocumento_995982_11.TreatmentofGeneticDisease.pdf,miu-documentos,DATA-DOCS/miu-hml/documentos/143583/20040100/miuDocumento_995982_11.TreatmentofGeneticDisease.pdf,Y,200,
995985,https://miu-documentos.s3.us-west-2.amazonaws.com/DATA-DOCS/miu-hml/documentos/143583/20040100/miuDocumento_995982_11.TreatmentofGeneticDisease.pdf,miu-documentos,DATA-DOCS/miu-hml/documentos/143583/20040100/miuDocumento_995982_11.TreatmentofGeneticDisease.pdf,Y,200,
995986,https://miu-documentos.s3.us-west-2.amazonaws.com/DATA-DOCS/miu-hml/documentos/143583/20040100/miuDocumento_995982_11.TreatmentofGeneticDisease.pdf,miu-documentos,DATA-DOCS/miu-hml/documentos/143583/20040100/miuDocumento_995982_11.TreatmentofGeneticDisease.pdf,Y,200,
995987,https://miu-documentos.s3.us-west-2.amazonaws.com/DATA-DOCS/miu-hml/documentos/143583/20040100/miuDocumento_995987_10.GeneralTermsforCongenitalAnomalies.pdf,miu-documentos,DATA-DOCS/miu-hml/documentos/143583/20040100/miuDocumento_995987_10.GeneralTermsforCongenitalAnomalies.pdf,Y,200,
995988,https://miu-documentos.s3.us-west-2.amazonaws.com/DATA-DOCS/miu-hml/documentos/143583/20040100/miuDocumento_995987_10.GeneralTermsforCongenitalAnomalies.pdf,miu-documentos,DATA-DOCS/miu-hml/documentos/143583/20040100/miuDocumento_995987_10.GeneralTermsforCongenitalAnomalies.pdf,Y,200,
995989,https://miu-documentos.s3.us-west-2.amazonaws.com/DATA-DOCS/miu-hml/documentos/143583/20040100/miuDocumento_995987_10.GeneralTermsforCongenitalAnomalies.pdf,miu-documentos,DATA-DOCS/miu-hml/documentos/143583/20040100/miuDocumento_995987_10.GeneralTermsforCongenitalAnomalies.pdf,Y,200,
995990,https://miu-documentos.s3.us-west-2.amazonaws.com/DATA-DOCS/miu-hml/documentos/143583/20040100/miuDocumento_995987_10.GeneralTermsforCongenitalAnomalies.pdf,miu-documentos,DATA-DOCS/miu-hml/documentos/143583/20040100/miuDocumento_995987_10.GeneralTermsforCongenitalAnomalies.pdf,Y,200,
995991,https://miu-documentos.s3.us-west-2.amazonaws.com/DATA-DOCS/miu-hml/documentos/143583/20040100/miuDocumento_995987_10.GeneralTermsforCongenitalAnomalies.pdf,miu-documentos,DATA-DOCS/miu-hml/documentos/143583/20040100/miuDocumento_995987_10.GeneralTermsforCongenitalAnomalies.pdf,Y,200,
995335,https://miu-documentos.s3.us-west-2.amazonaws.com/DATA-DOCS/miu-hml/documentos/142810/20150864/miuDocumento_995334_FORO2PATOLOGIARESPIRATORIAYSNC.pdf,miu-documentos,DATA-DOCS/miu-hml/documentos/142810/20150864/miuDocumento_995334_FORO2PATOLOGIARESPIRATORIAYSNC.pdf,Y,200,
996125,https://miu-documentos.s3.us-west-2.amazonaws.com/DATA-DOCS/miu-hml/documentos/144895/20190671/miuDocumento_996125_Apuntes_y_ejercicios_CLCULO_II.pdf,miu-documentos,DATA-DOCS/miu-hml/documentos/144895/20190671/miuDocumento_996125_Apuntes_y_ejercicios_CLCULO_II.pdf,Y,200,
996127,https://miu-documentos.s3.us-west-2.amazonaws.com/DATA-DOCS/miu-hml/documentos/143342/16860249/miuDocumento_996127_actadeindependenciaGuatemala.pdf,miu-documentos,DATA-DOCS/miu-hml/documentos/143342/16860249/miuDocumento_996127_actadeindependenciaGuatemala.pdf,Y,200,
996131,https://miu-documentos.s3.us-west-2.amazonaws.com/DATA-DOCS/miu-hml/documentos/144354/20190671/miuDocumento_996131_Apuntes_y_ejercicios_ESTADSTICAI.pdf,miu-documentos,DATA-DOCS/miu-hml/documentos/144354/20190671/miuDocumento_996131_Apuntes_y_ejercicios_ESTADSTICAI.pdf,Y,200,
996153,https://miu-documentos.s3.us-west-2.amazonaws.com/DATA-DOCS/miu-hml/documentos/144844/20110699/miuDocumento_996153_Class5_DriversofIndustryFinancialStructure-20251218T033849Z-3-001.zip,miu-documentos,DATA-DOCS/miu-hml/documentos/144844/20110699/miuDocumento_996153_Class5_DriversofIndustryFinancialStructure-20251218T033849Z-3-001.zip,Y,200,
995964,https://miu-documentos.s3.us-west-2.amazonaws.com/DATA-DOCS/miu-hml/documentos/143583/20040100/miuDocumento_995962_9.Next-GenerationProteomics.pdf,miu-documentos,DATA-DOCS/miu-hml/documentos/143583/20040100/miuDocumento_995962_9.Next-GenerationProteomics.pdf,Y,200,
996157,https://miu-documentos.s3.us-west-2.amazonaws.com/DATA-DOCS/miu-hml/documentos/144844/20110699/miuDocumento_996157_Class9_AmericanHomeProductsCorporation-20251218T033900Z-3-001.zip,miu-documentos,DATA-DOCS/miu-hml/documentos/144844/20110699/miuDocumento_996157_Class9_AmericanHomeProductsCorporation-20251218T033900Z-3-001.zip,Y,200,
996198,https://miu-documentos.s3.us-west-2.amazonaws.com/DATA-DOCS/miu-hml/documentos/143557/20100147/miuDocumento_996198_POE2026-G1.pdf,miu-documentos,DATA-DOCS/miu-hml/documentos/143557/20100147/miuDocumento_996198_POE2026-G1.pdf,Y,200,
996199,https://miu-documentos.s3.us-west-2.amazonaws.com/DATA-DOCS/miu-hml/documentos/143830/20100147/miuDocumento_996198_POE2026-G1.pdf,miu-documentos,DATA-DOCS/miu-hml/documentos/143830/20100147/miuDocumento_996198_POE2026-G1.pdf,Y,200,
996200,https://miu-documentos.s3.us-west-2.amazonaws.com/DATA-DOCS/miu-hml/documentos/143557/20100147/miuDocumento_996200_ROLLRENE-MAR26.pdf,miu-documentos,DATA-DOCS/miu-hml/documentos/143557/20100147/miuDocumento_996200_ROLLRENE-MAR26.pdf,Y,200,
996201,https://miu-documentos.s3.us-west-2.amazonaws.com/DATA-DOCS/miu-hml/documentos/143830/20100147/miuDocumento_996200_ROLLRENE-MAR26.pdf,miu-documentos,DATA-DOCS/miu-hml/documentos/143830/20100147/miuDocumento_996200_ROLLRENE-MAR26.pdf,Y,200,
996202,https://miu-documentos.s3.us-west-2.amazonaws.com/DATA-DOCS/miu-hml/documentos/143680/20100147/miuDocumento_996200_ROLLRENE-MAR26.pdf,miu-documentos,DATA-DOCS/miu-hml/documentos/143680/20100147/miuDocumento_996200_ROLLRENE-MAR26.pdf,Y,200,
996203,https://miu-documentos.s3.us-west-2.amazonaws.com/DATA-DOCS/miu-hml/documentos/143679/20100147/miuDocumento_996200_ROLLRENE-MAR26.pdf,miu-documentos,DATA-DOCS/miu-hml/documentos/143679/20100147/miuDocumento_996200_ROLLRENE-MAR26.pdf,Y,200,
996795,"https://miu-documentos.s3.us-west-2.amazonaws.com/DATA-DOCS/miu-hml/documentos/143591/20030370/miuDocumento_960860_1.Plandeatencionnutricional,EGS,requermientos1.pdf",miu-documentos,"DATA-DOCS/miu-hml/documentos/143591/20030370/miuDocumento_960860_1.Plandeatencionnutricional,EGS,requermientos1.pdf",Y,200,
996794,https://miu-documentos.s3.us-west-2.amazonaws.com/DATA-DOCS/miu-hml/documentos/144215/20110535/miuDocumento_996794_ProgramaDerechoProcesalCivil12026.pdf,miu-documentos,DATA-DOCS/miu-hml/documentos/144215/20110535/miuDocumento_996794_ProgramaDerechoProcesalCivil12026.pdf,Y,200,
996796,"https://miu-documentos.s3.us-west-2.amazonaws.com/DATA-DOCS/miu-hml/documentos/143825/20030370/miuDocumento_960860_1.Plandeatencionnutricional,EGS,requermientos1.pdf",miu-documentos,"DATA-DOCS/miu-hml/documentos/143825/20030370/miuDocumento_960860_1.Plandeatencionnutricional,EGS,requermientos1.pdf",Y,200,
996797,"https://miu-documentos.s3.us-west-2.amazonaws.com/DATA-DOCS/miu-hml/documentos/143594/20030370/miuDocumento_960860_1.Plandeatencionnutricional,EGS,requermientos1.pdf",miu-documentos,"DATA-DOCS/miu-hml/documentos/143594/20030370/miuDocumento_960860_1.Plandeatencionnutricional,EGS,requermientos1.pdf",Y,200,
996798,"https://miu-documentos.s3.us-west-2.amazonaws.com/DATA-DOCS/miu-hml/documentos/143592/20030370/miuDocumento_960860_1.Plandeatencionnutricional,EGS,requermientos1.pdf",miu-documentos,"DATA-DOCS/miu-hml/documentos/143592/20030370/miuDocumento_960860_1.Plandeatencionnutricional,EGS,requermientos1.pdf",Y,200,
996799,"https://miu-documentos.s3.us-west-2.amazonaws.com/DATA-DOCS/miu-hml/documentos/143593/20030370/miuDocumento_960860_1.Plandeatencionnutricional,EGS,requermientos1.pdf",miu-documentos,"DATA-DOCS/miu-hml/documentos/143593/20030370/miuDocumento_960860_1.Plandeatencionnutricional,EGS,requermientos1.pdf",Y,200,
996271,https://miu-documentos.s3.us-west-2.amazonaws.com/DATA-DOCS/miu-hml/documentos/143819/20200573/miuDocumento_996271_Auditorias.pdf,miu-documentos,DATA-DOCS/miu-hml/documentos/143819/20200573/miuDocumento_996271_Auditorias.pdf,Y,200,
996272,https://miu-documentos.s3.us-west-2.amazonaws.com/DATA-DOCS/miu-hml/documentos/143819/20200573/miuDocumento_996272_Bitacora.pdf,miu-documentos,DATA-DOCS/miu-hml/documentos/143819/20200573/miuDocumento_996272_Bitacora.pdf,Y,200,
996275,https://miu-documentos.s3.us-west-2.amazonaws.com/DATA-DOCS/miu-hml/documentos/143819/20200573/miuDocumento_996275_RubricaCAS.pdf,miu-documentos,DATA-DOCS/miu-hml/documentos/143819/20200573/miuDocumento_996275_RubricaCAS.pdf,Y,200,
996277,https://miu-documentos.s3.us-west-2.amazonaws.com/DATA-DOCS/miu-hml/documentos/143819/20200573/miuDocumento_996277_ProgramaAcademico-ExternadoMedicinaInterna.xlsx,miu-documentos,DATA-DOCS/miu-hml/documentos/143819/20200573/miuDocumento_996277_ProgramaAcademico-ExternadoMedicinaInterna.xlsx,Y,200,
996278,https://miu-documentos.s3.us-west-2.amazonaws.com/DATA-DOCS/miu-hml/documentos/143579/20200573/miuDocumento_996278_Auditorias.pdf,miu-documentos,DATA-DOCS/miu-hml/documentos/143579/20200573/miuDocumento_996278_Auditorias.pdf,Y,200,
996285,https://miu-documentos.s3.us-west-2.amazonaws.com/DATA-DOCS/miu-hml/documentos/143709/20150601/miuDocumento_996285_CAUCAIV-RES-223-2008.pdf,miu-documentos,DATA-DOCS/miu-hml/documentos/143709/20150601/miuDocumento_996285_CAUCAIV-RES-223-2008.pdf,Y,200,
996287,https://miu-documentos.s3.us-west-2.amazonaws.com/DATA-DOCS/miu-hml/documentos/143709/20150601/miuDocumento_996287_18_LeyAduanas.pdf,miu-documentos,DATA-DOCS/miu-hml/documentos/143709/20150601/miuDocumento_996287_18_LeyAduanas.pdf,Y,200,
996288,https://miu-documentos.s3.us-west-2.amazonaws.com/DATA-DOCS/miu-hml/documentos/143709/20150601/miuDocumento_996288_ConveniosobreelRgimenArancelarioyAduaneroCentroamericano.pdf,miu-documentos,DATA-DOCS/miu-hml/documentos/143709/20150601/miuDocumento_996288_ConveniosobreelRgimenArancelarioyAduaneroCentroamericano.pdf,Y,200,
996300,https://miu-documentos.s3.us-west-2.amazonaws.com/DATA-DOCS/miu-hml/documentos/143709/20150601/miuDocumento_996300_pf_txt_containers_contract.pdf,miu-documentos,DATA-DOCS/miu-hml/documentos/143709/20150601/miuDocumento_996300_pf_txt_containers_contract.pdf,Y,200,
996800,https://miu-documentos.s3.us-west-2.amazonaws.com/DATA-DOCS/miu-hml/documentos/143591/20030370/miuDocumento_959173_MEZCLASVEGETALES.pdf,miu-documentos,DATA-DOCS/miu-hml/documentos/143591/20030370/miuDocumento_959173_MEZCLASVEGETALES.pdf,Y,200,
996801,https://miu-documentos.s3.us-west-2.amazonaws.com/DATA-DOCS/miu-hml/documentos/143825/20030370/miuDocumento_959173_MEZCLASVEGETALES.pdf,miu-documentos,DATA-DOCS/miu-hml/documentos/143825/20030370/miuDocumento_959173_MEZCLASVEGETALES.pdf,Y,200,
996802,https://miu-documentos.s3.us-west-2.amazonaws.com/DATA-DOCS/miu-hml/documentos/143594/20030370/miuDocumento_959173_MEZCLASVEGETALES.pdf,miu-documentos,DATA-DOCS/miu-hml/documentos/143594/20030370/miuDocumento_959173_MEZCLASVEGETALES.pdf,Y,200,
996803,https://miu-documentos.s3.us-west-2.amazonaws.com/DATA-DOCS/miu-hml/documentos/143592/20030370/miuDocumento_959173_MEZCLASVEGETALES.pdf,miu-documentos,DATA-DOCS/miu-hml/documentos/143592/20030370/miuDocumento_959173_MEZCLASVEGETALES.pdf,Y,200,
995620,"https://miu-documentos.s3.us-west-2.amazonaws.com/DATA-DOCS/miu-hml/documentos/143595/20040100/miuDocumento_995618_3.PatronesdeHerencia,GeneticaClinica.pdf",miu-documentos,"DATA-DOCS/miu-hml/documentos/143595/20040100/miuDocumento_995618_3.PatronesdeHerencia,GeneticaClinica.pdf",Y,200,
995622,"https://miu-documentos.s3.us-west-2.amazonaws.com/DATA-DOCS/miu-hml/documentos/143595/20040100/miuDocumento_995622_4.ConsejeriaGenetica,GeneticaClinica.pdf",miu-documentos,"DATA-DOCS/miu-hml/documentos/143595/20040100/miuDocumento_995622_4.ConsejeriaGenetica,GeneticaClinica.pdf",Y,200,
995623,"https://miu-documentos.s3.us-west-2.amazonaws.com/DATA-DOCS/miu-hml/documentos/143595/20040100/miuDocumento_995622_4.ConsejeriaGenetica,GeneticaClinica.pdf",miu-documentos,"DATA-DOCS/miu-hml/documentos/143595/20040100/miuDocumento_995622_4.ConsejeriaGenetica,GeneticaClinica.pdf",Y,200,
995624,"https://miu-documentos.s3.us-west-2.amazonaws.com/DATA-DOCS/miu-hml/documentos/143595/20040100/miuDocumento_995622_4.ConsejeriaGenetica,GeneticaClinica.pdf",miu-documentos,"DATA-DOCS/miu-hml/documentos/143595/20040100/miuDocumento_995622_4.ConsejeriaGenetica,GeneticaClinica.pdf",Y,200,
995625,"https://miu-documentos.s3.us-west-2.amazonaws.com/DATA-DOCS/miu-hml/documentos/143595/20040100/miuDocumento_995622_4.ConsejeriaGenetica,GeneticaClinica.pdf",miu-documentos,"DATA-DOCS/miu-hml/documentos/143595/20040100/miuDocumento_995622_4.ConsejeriaGenetica,GeneticaClinica.pdf",Y,200,
995630,https://miu-documentos.s3.us-west-2.amazonaws.com/DATA-DOCS/miu-hml/documentos/143595/20040100/miuDocumento_995630_6.CasosClinicos-GenesContinuos.pdf,miu-documentos,DATA-DOCS/miu-hml/documentos/143595/20040100/miuDocumento_995630_6.CasosClinicos-GenesContinuos.pdf,Y,200,
995631,https://miu-documentos.s3.us-west-2.amazonaws.com/DATA-DOCS/miu-hml/documentos/143595/20040100/miuDocumento_995630_6.CasosClinicos-GenesContinuos.pdf,miu-documentos,DATA-DOCS/miu-hml/documentos/143595/20040100/miuDocumento_995630_6.CasosClinicos-GenesContinuos.pdf,Y,200,
995632,https://miu-documentos.s3.us-west-2.amazonaws.com/DATA-DOCS/miu-hml/documentos/143595/20040100/miuDocumento_995630_6.CasosClinicos-GenesContinuos.pdf,miu-documentos,DATA-DOCS/miu-hml/documentos/143595/20040100/miuDocumento_995630_6.CasosClinicos-GenesContinuos.pdf,Y,200,
995633,https://miu-documentos.s3.us-west-2.amazonaws.com/DATA-DOCS/miu-hml/documentos/143595/20040100/miuDocumento_995630_6.CasosClinicos-GenesContinuos.pdf,miu-documentos,DATA-DOCS/miu-hml/documentos/143595/20040100/miuDocumento_995630_6.CasosClinicos-GenesContinuos.pdf,Y,200,
996804,https://miu-documentos.s3.us-west-2.amazonaws.com/DATA-DOCS/miu-hml/documentos/143593/20030370/miuDocumento_959173_MEZCLASVEGETALES.pdf,miu-documentos,DATA-DOCS/miu-hml/documentos/143593/20030370/miuDocumento_959173_MEZCLASVEGETALES.pdf,Y,200,
996805,https://miu-documentos.s3.us-west-2.amazonaws.com/DATA-DOCS/miu-hml/documentos/143591/20030370/miuDocumento_959177_Formulasinfatiles.pdf,miu-documentos,DATA-DOCS/miu-hml/documentos/143591/20030370/miuDocumento_959177_Formulasinfatiles.pdf,Y,200,
996806,https://miu-documentos.s3.us-west-2.amazonaws.com/DATA-DOCS/miu-hml/documentos/143825/20030370/miuDocumento_959177_Formulasinfatiles.pdf,miu-documentos,DATA-DOCS/miu-hml/documentos/143825/20030370/miuDocumento_959177_Formulasinfatiles.pdf,Y,200,
996807,https://miu-documentos.s3.us-west-2.amazonaws.com/DATA-DOCS/miu-hml/documentos/143594/20030370/miuDocumento_959177_Formulasinfatiles.pdf,miu-documentos,DATA-DOCS/miu-hml/documentos/143594/20030370/miuDocumento_959177_Formulasinfatiles.pdf,Y,200,
996808,https://miu-documentos.s3.us-west-2.amazonaws.com/DATA-DOCS/miu-hml/documentos/143592/20030370/miuDocumento_959177_Formulasinfatiles.pdf,miu-documentos,DATA-DOCS/miu-hml/documentos/143592/20030370/miuDocumento_959177_Formulasinfatiles.pdf,Y,200,
996809,https://miu-documentos.s3.us-west-2.amazonaws.com/DATA-DOCS/miu-hml/documentos/143593/20030370/miuDocumento_959177_Formulasinfatiles.pdf,miu-documentos,DATA-DOCS/miu-hml/documentos/143593/20030370/miuDocumento_959177_Formulasinfatiles.pdf,Y,200,
996810,https://miu-documentos.s3.us-west-2.amazonaws.com/DATA-DOCS/miu-hml/documentos/143591/20030370/miuDocumento_962560_2.PlandeatencionNutricionenelembarazo2.pdf,miu-documentos,DATA-DOCS/miu-hml/documentos/143591/20030370/miuDocumento_962560_2.PlandeatencionNutricionenelembarazo2.pdf,Y,200,
996811,https://miu-documentos.s3.us-west-2.amazonaws.com/DATA-DOCS/miu-hml/documentos/143825/20030370/miuDocumento_962560_2.PlandeatencionNutricionenelembarazo2.pdf,miu-documentos,DATA-DOCS/miu-hml/documentos/143825/20030370/miuDocumento_962560_2.PlandeatencionNutricionenelembarazo2.pdf,Y,200,
996812,https://miu-documentos.s3.us-west-2.amazonaws.com/DATA-DOCS/miu-hml/documentos/143594/20030370/miuDocumento_962560_2.PlandeatencionNutricionenelembarazo2.pdf,miu-documentos,DATA-DOCS/miu-hml/documentos/143594/20030370/miuDocumento_962560_2.PlandeatencionNutricionenelembarazo2.pdf,Y,200,
996813,https://miu-documentos.s3.us-west-2.amazonaws.com/DATA-DOCS/miu-hml/documentos/143592/20030370/miuDocumento_962560_2.PlandeatencionNutricionenelembarazo2.pdf,miu-documentos,DATA-DOCS/miu-hml/documentos/143592/20030370/miuDocumento_962560_2.PlandeatencionNutricionenelembarazo2.pdf,Y,200,
996814,https://miu-documentos.s3.us-west-2.amazonaws.com/DATA-DOCS/miu-hml/documentos/143593/20030370/miuDocumento_962560_2.PlandeatencionNutricionenelembarazo2.pdf,miu-documentos,DATA-DOCS/miu-hml/documentos/143593/20030370/miuDocumento_962560_2.PlandeatencionNutricionenelembarazo2.pdf,Y,200,
996815,https://miu-documentos.s3.us-west-2.amazonaws.com/DATA-DOCS/miu-hml/documentos/143591/20030370/miuDocumento_959133_ADAembarazo.pdf,miu-documentos,DATA-DOCS/miu-hml/documentos/143591/20030370/miuDocumento_959133_ADAembarazo.pdf,Y,200,
996816,https://miu-documentos.s3.us-west-2.amazonaws.com/DATA-DOCS/miu-hml/documentos/143825/20030370/miuDocumento_959133_ADAembarazo.pdf,miu-documentos,DATA-DOCS/miu-hml/documentos/143825/20030370/miuDocumento_959133_ADAembarazo.pdf,Y,200,
996817,https://miu-documentos.s3.us-west-2.amazonaws.com/DATA-DOCS/miu-hml/documentos/143594/20030370/miuDocumento_959133_ADAembarazo.pdf,miu-documentos,DATA-DOCS/miu-hml/documentos/143594/20030370/miuDocumento_959133_ADAembarazo.pdf,Y,200,
996818,https://miu-documentos.s3.us-west-2.amazonaws.com/DATA-DOCS/miu-hml/documentos/143592/20030370/miuDocumento_959133_ADAembarazo.pdf,miu-documentos,DATA-DOCS/miu-hml/documentos/143592/20030370/miuDocumento_959133_ADAembarazo.pdf,Y,200,
996819,https://miu-documentos.s3.us-west-2.amazonaws.com/DATA-DOCS/miu-hml/documentos/143593/20030370/miuDocumento_959133_ADAembarazo.pdf,miu-documentos,DATA-DOCS/miu-hml/documentos/143593/20030370/miuDocumento_959133_ADAembarazo.pdf,Y,200,
996820,https://miu-documentos.s3.us-west-2.amazonaws.com/DATA-DOCS/miu-hml/documentos/143591/20030370/miuDocumento_963869_3.PlandeAtencionNutricionaldelPacientePediatrico1.pdf,miu-documentos,DATA-DOCS/miu-hml/documentos/143591/20030370/miuDocumento_963869_3.PlandeAtencionNutricionaldelPacientePediatrico1.pdf,Y,200,
996821,https://miu-documentos.s3.us-west-2.amazonaws.com/DATA-DOCS/miu-hml/documentos/143825/20030370/miuDocumento_963869_3.PlandeAtencionNutricionaldelPacientePediatrico1.pdf,miu-documentos,DATA-DOCS/miu-hml/documentos/143825/20030370/miuDocumento_963869_3.PlandeAtencionNutricionaldelPacientePediatrico1.pdf,Y,200,
996822,https://miu-documentos.s3.us-west-2.amazonaws.com/DATA-DOCS/miu-hml/documentos/143594/20030370/miuDocumento_963869_3.PlandeAtencionNutricionaldelPacientePediatrico1.pdf,miu-documentos,DATA-DOCS/miu-hml/documentos/143594/20030370/miuDocumento_963869_3.PlandeAtencionNutricionaldelPacientePediatrico1.pdf,Y,200,
996823,https://miu-documentos.s3.us-west-2.amazonaws.com/DATA-DOCS/miu-hml/documentos/143592/20030370/miuDocumento_963869_3.PlandeAtencionNutricionaldelPacientePediatrico1.pdf,miu-documentos,DATA-DOCS/miu-hml/documentos/143592/20030370/miuDocumento_963869_3.PlandeAtencionNutricionaldelPacientePediatrico1.pdf,Y,200,
996824,https://miu-documentos.s3.us-west-2.amazonaws.com/DATA-DOCS/miu-hml/documentos/143593/20030370/miuDocumento_963869_3.PlandeAtencionNutricionaldelPacientePediatrico1.pdf,miu-documentos,DATA-DOCS/miu-hml/documentos/143593/20030370/miuDocumento_963869_3.PlandeAtencionNutricionaldelPacientePediatrico1.pdf,Y,200,
996825,https://miu-documentos.s3.us-west-2.amazonaws.com/DATA-DOCS/miu-hml/documentos/143591/20030370/miuDocumento_959181_EGSinstrumentoadultos.pdf,miu-documentos,DATA-DOCS/miu-hml/documentos/143591/20030370/miuDocumento_959181_EGSinstrumentoadultos.pdf,Y,200,
996826,https://miu-documentos.s3.us-west-2.amazonaws.com/DATA-DOCS/miu-hml/documentos/143825/20030370/miuDocumento_959181_EGSinstrumentoadultos.pdf,miu-documentos,DATA-DOCS/miu-hml/documentos/143825/20030370/miuDocumento_959181_EGSinstrumentoadultos.pdf,Y,200,
996827,https://miu-documentos.s3.us-west-2.amazonaws.com/DATA-DOCS/miu-hml/documentos/143594/20030370/miuDocumento_959181_EGSinstrumentoadultos.pdf,miu-documentos,DATA-DOCS/miu-hml/documentos/143594/20030370/miuDocumento_959181_EGSinstrumentoadultos.pdf,Y,200,
996828,https://miu-documentos.s3.us-west-2.amazonaws.com/DATA-DOCS/miu-hml/documentos/143592/20030370/miuDocumento_959181_EGSinstrumentoadultos.pdf,miu-documentos,DATA-DOCS/miu-hml/documentos/143592/20030370/miuDocumento_959181_EGSinstrumentoadultos.pdf,Y,200,
996829,https://miu-documentos.s3.us-west-2.amazonaws.com/DATA-DOCS/miu-hml/documentos/143593/20030370/miuDocumento_959181_EGSinstrumentoadultos.pdf,miu-documentos,DATA-DOCS/miu-hml/documentos/143593/20030370/miuDocumento_959181_EGSinstrumentoadultos.pdf,Y,200,
996830,https://miu-documentos.s3.us-west-2.amazonaws.com/DATA-DOCS/miu-hml/documentos/143591/20030370/miuDocumento_959137_Measurementofgrowthinchildren.pdf,miu-documentos,DATA-DOCS/miu-hml/documentos/143591/20030370/miuDocumento_959137_Measurementofgrowthinchildren.pdf,Y,200,
996831,https://miu-documentos.s3.us-west-2.amazonaws.com/DATA-DOCS/miu-hml/documentos/143825/20030370/miuDocumento_959137_Measurementofgrowthinchildren.pdf,miu-documentos,DATA-DOCS/miu-hml/documentos/143825/20030370/miuDocumento_959137_Measurementofgrowthinchildren.pdf,Y,200,
996832,https://miu-documentos.s3.us-west-2.amazonaws.com/DATA-DOCS/miu-hml/documentos/143594/20030370/miuDocumento_959137_Measurementofgrowthinchildren.pdf,miu-documentos,DATA-DOCS/miu-hml/documentos/143594/20030370/miuDocumento_959137_Measurementofgrowthinchildren.pdf,Y,200,
995634,"https://miu-documentos.s3.us-west-2.amazonaws.com/DATA-DOCS/miu-hml/documentos/143595/20040100/miuDocumento_995634_7.AnomaliasMenoresyMayores,GeneticaClinica.pdf",miu-documentos,"DATA-DOCS/miu-hml/documentos/143595/20040100/miuDocumento_995634_7.AnomaliasMenoresyMayores,GeneticaClinica.pdf",Y,200,
995635,"https://miu-documentos.s3.us-west-2.amazonaws.com/DATA-DOCS/miu-hml/documentos/143595/20040100/miuDocumento_995634_7.AnomaliasMenoresyMayores,GeneticaClinica.pdf",miu-documentos,"DATA-DOCS/miu-hml/documentos/143595/20040100/miuDocumento_995634_7.AnomaliasMenoresyMayores,GeneticaClinica.pdf",Y,200,
995636,"https://miu-documentos.s3.us-west-2.amazonaws.com/DATA-DOCS/miu-hml/documentos/143595/20040100/miuDocumento_995634_7.AnomaliasMenoresyMayores,GeneticaClinica.pdf",miu-documentos,"DATA-DOCS/miu-hml/documentos/143595/20040100/miuDocumento_995634_7.AnomaliasMenoresyMayores,GeneticaClinica.pdf",Y,200,
995637,"https://miu-documentos.s3.us-west-2.amazonaws.com/DATA-DOCS/miu-hml/documentos/143595/20040100/miuDocumento_995634_7.AnomaliasMenoresyMayores,GeneticaClinica.pdf",miu-documentos,"DATA-DOCS/miu-hml/documentos/143595/20040100/miuDocumento_995634_7.AnomaliasMenoresyMayores,GeneticaClinica.pdf",Y,200,
995727,https://miu-documentos.s3.us-west-2.amazonaws.com/DATA-DOCS/miu-hml/documentos/143595/20040100/miuDocumento_995727_T3.SindromesNeurocutaneos.pdf,miu-documentos,DATA-DOCS/miu-hml/documentos/143595/20040100/miuDocumento_995727_T3.SindromesNeurocutaneos.pdf,Y,200,
995728,https://miu-documentos.s3.us-west-2.amazonaws.com/DATA-DOCS/miu-hml/documentos/143595/20040100/miuDocumento_995727_T3.SindromesNeurocutaneos.pptx,miu-documentos,DATA-DOCS/miu-hml/documentos/143595/20040100/miuDocumento_995727_T3.SindromesNeurocutaneos.pptx,Y,200,
995729,https://miu-documentos.s3.us-west-2.amazonaws.com/DATA-DOCS/miu-hml/documentos/143595/20040100/miuDocumento_995727_T3.SindromesNeurocutaneos.pptx,miu-documentos,DATA-DOCS/miu-hml/documentos/143595/20040100/miuDocumento_995727_T3.SindromesNeurocutaneos.pptx,Y,200,
995731,https://miu-documentos.s3.us-west-2.amazonaws.com/DATA-DOCS/miu-hml/documentos/143595/20040100/miuDocumento_995727_T3.SindromesNeurocutaneos.pptx,miu-documentos,DATA-DOCS/miu-hml/documentos/143595/20040100/miuDocumento_995727_T3.SindromesNeurocutaneos.pptx,Y,200,
995732,https://miu-documentos.s3.us-west-2.amazonaws.com/DATA-DOCS/miu-hml/documentos/143595/20040100/miuDocumento_995727_T3.SindromesNeurocutaneos.pptx,miu-documentos,DATA-DOCS/miu-hml/documentos/143595/20040100/miuDocumento_995727_T3.SindromesNeurocutaneos.pptx,Y,200,
995741,https://miu-documentos.s3.us-west-2.amazonaws.com/DATA-DOCS/miu-hml/documentos/143595/20040100/miuDocumento_995741_T5.ErroresInnatosdelMetabolismo.pdf,miu-documentos,DATA-DOCS/miu-hml/documentos/143595/20040100/miuDocumento_995741_T5.ErroresInnatosdelMetabolismo.pdf,Y,200,
995742,https://miu-documentos.s3.us-west-2.amazonaws.com/DATA-DOCS/miu-hml/documentos/143595/20040100/miuDocumento_995741_T5.ErroresInnatosdelMetabolismo.pptx,miu-documentos,DATA-DOCS/miu-hml/documentos/143595/20040100/miuDocumento_995741_T5.ErroresInnatosdelMetabolismo.pptx,Y,200,
995743,https://miu-documentos.s3.us-west-2.amazonaws.com/DATA-DOCS/miu-hml/documentos/143595/20040100/miuDocumento_995741_T5.ErroresInnatosdelMetabolismo.pptx,miu-documentos,DATA-DOCS/miu-hml/documentos/143595/20040100/miuDocumento_995741_T5.ErroresInnatosdelMetabolismo.pptx,Y,200,
995744,https://miu-documentos.s3.us-west-2.amazonaws.com/DATA-DOCS/miu-hml/documentos/143595/20040100/miuDocumento_995741_T5.ErroresInnatosdelMetabolismo.pptx,miu-documentos,DATA-DOCS/miu-hml/documentos/143595/20040100/miuDocumento_995741_T5.ErroresInnatosdelMetabolismo.pptx,Y,200,
995745,https://miu-documentos.s3.us-west-2.amazonaws.com/DATA-DOCS/miu-hml/documentos/143595/20040100/miuDocumento_995741_T5.ErroresInnatosdelMetabolismo.pptx,miu-documentos,DATA-DOCS/miu-hml/documentos/143595/20040100/miuDocumento_995741_T5.ErroresInnatosdelMetabolismo.pptx,Y,200,
995746,https://miu-documentos.s3.us-west-2.amazonaws.com/DATA-DOCS/miu-hml/documentos/143595/20040100/miuDocumento_995741_T5.ErroresInnatosdelMetabolismo.pptx,miu-documentos,DATA-DOCS/miu-hml/documentos/143595/20040100/miuDocumento_995741_T5.ErroresInnatosdelMetabolismo.pptx,Y,200,
995762,https://miu-documentos.s3.us-west-2.amazonaws.com/DATA-DOCS/miu-hml/documentos/143595/20040100/miuDocumento_995762_H2.ArbolGenealogico.pdf,miu-documentos,DATA-DOCS/miu-hml/documentos/143595/20040100/miuDocumento_995762_H2.ArbolGenealogico.pdf,Y,200,
995763,https://miu-documentos.s3.us-west-2.amazonaws.com/DATA-DOCS/miu-hml/documentos/143595/20040100/miuDocumento_995762_H2.ArbolGenealogico.pptx,miu-documentos,DATA-DOCS/miu-hml/documentos/143595/20040100/miuDocumento_995762_H2.ArbolGenealogico.pptx,Y,200,
995764,https://miu-documentos.s3.us-west-2.amazonaws.com/DATA-DOCS/miu-hml/documentos/143595/20040100/miuDocumento_995762_H2.ArbolGenealogico.pptx,miu-documentos,DATA-DOCS/miu-hml/documentos/143595/20040100/miuDocumento_995762_H2.ArbolGenealogico.pptx,Y,200,
995765,https://miu-documentos.s3.us-west-2.amazonaws.com/DATA-DOCS/miu-hml/documentos/143595/20040100/miuDocumento_995762_H2.ArbolGenealogico.pptx,miu-documentos,DATA-DOCS/miu-hml/documentos/143595/20040100/miuDocumento_995762_H2.ArbolGenealogico.pptx,Y,200,
995766,https://miu-documentos.s3.us-west-2.amazonaws.com/DATA-DOCS/miu-hml/documentos/143595/20040100/miuDocumento_995762_H2.ArbolGenealogico.pptx,miu-documentos,DATA-DOCS/miu-hml/documentos/143595/20040100/miuDocumento_995762_H2.ArbolGenealogico.pptx,Y,200,
995767,https://miu-documentos.s3.us-west-2.amazonaws.com/DATA-DOCS/miu-hml/documentos/143595/20040100/miuDocumento_995762_H2.ArbolGenealogico.pptx,miu-documentos,DATA-DOCS/miu-hml/documentos/143595/20040100/miuDocumento_995762_H2.ArbolGenealogico.pptx,Y,200,
995768,https://miu-documentos.s3.us-west-2.amazonaws.com/DATA-DOCS/miu-hml/documentos/143595/20040100/miuDocumento_995762_H2.ArbolGenealogico.pptx,miu-documentos,DATA-DOCS/miu-hml/documentos/143595/20040100/miuDocumento_995762_H2.ArbolGenealogico.pptx,Y,200,
996833,https://miu-documentos.s3.us-west-2.amazonaws.com/DATA-DOCS/miu-hml/documentos/143592/20030370/miuDocumento_959137_Measurementofgrowthinchildren.pdf,miu-documentos,DATA-DOCS/miu-hml/documentos/143592/20030370/miuDocumento_959137_Measurementofgrowthinchildren.pdf,Y,200,
996834,https://miu-documentos.s3.us-west-2.amazonaws.com/DATA-DOCS/miu-hml/documentos/143593/20030370/miuDocumento_959137_Measurementofgrowthinchildren.pdf,miu-documentos,DATA-DOCS/miu-hml/documentos/143593/20030370/miuDocumento_959137_Measurementofgrowthinchildren.pdf,Y,200,
996835,https://miu-documentos.s3.us-west-2.amazonaws.com/DATA-DOCS/miu-hml/documentos/143591/20030370/miuDocumento_964895_4.Tratamientonutricionaldelpacientecondesnutricion2.pdf,miu-documentos,DATA-DOCS/miu-hml/documentos/143591/20030370/miuDocumento_964895_4.Tratamientonutricionaldelpacientecondesnutricion2.pdf,Y,200,
996836,https://miu-documentos.s3.us-west-2.amazonaws.com/DATA-DOCS/miu-hml/documentos/143825/20030370/miuDocumento_964895_4.Tratamientonutricionaldelpacientecondesnutricion2.pdf,miu-documentos,DATA-DOCS/miu-hml/documentos/143825/20030370/miuDocumento_964895_4.Tratamientonutricionaldelpacientecondesnutricion2.pdf,Y,200,
996837,https://miu-documentos.s3.us-west-2.amazonaws.com/DATA-DOCS/miu-hml/documentos/143594/20030370/miuDocumento_964895_4.Tratamientonutricionaldelpacientecondesnutricion2.pdf,miu-documentos,DATA-DOCS/miu-hml/documentos/143594/20030370/miuDocumento_964895_4.Tratamientonutricionaldelpacientecondesnutricion2.pdf,Y,200,
996838,https://miu-documentos.s3.us-west-2.amazonaws.com/DATA-DOCS/miu-hml/documentos/143592/20030370/miuDocumento_964895_4.Tratamientonutricionaldelpacientecondesnutricion2.pdf,miu-documentos,DATA-DOCS/miu-hml/documentos/143592/20030370/miuDocumento_964895_4.Tratamientonutricionaldelpacientecondesnutricion2.pdf,Y,200,
996839,https://miu-documentos.s3.us-west-2.amazonaws.com/DATA-DOCS/miu-hml/documentos/143593/20030370/miuDocumento_964895_4.Tratamientonutricionaldelpacientecondesnutricion2.pdf,miu-documentos,DATA-DOCS/miu-hml/documentos/143593/20030370/miuDocumento_964895_4.Tratamientonutricionaldelpacientecondesnutricion2.pdf,Y,200,
996840,https://miu-documentos.s3.us-west-2.amazonaws.com/DATA-DOCS/miu-hml/documentos/143591/20030370/miuDocumento_959141_Estado-mundial-de-la-infancia.pdf,miu-documentos,DATA-DOCS/miu-hml/documentos/143591/20030370/miuDocumento_959141_Estado-mundial-de-la-infancia.pdf,Y,200,
996841,https://miu-documentos.s3.us-west-2.amazonaws.com/DATA-DOCS/miu-hml/documentos/143825/20030370/miuDocumento_959141_Estado-mundial-de-la-infancia.pdf,miu-documentos,DATA-DOCS/miu-hml/documentos/143825/20030370/miuDocumento_959141_Estado-mundial-de-la-infancia.pdf,Y,200,
996842,https://miu-documentos.s3.us-west-2.amazonaws.com/DATA-DOCS/miu-hml/documentos/143594/20030370/miuDocumento_959141_Estado-mundial-de-la-infancia.pdf,miu-documentos,DATA-DOCS/miu-hml/documentos/143594/20030370/miuDocumento_959141_Estado-mundial-de-la-infancia.pdf,Y,200,
996843,https://miu-documentos.s3.us-west-2.amazonaws.com/DATA-DOCS/miu-hml/documentos/143592/20030370/miuDocumento_959141_Estado-mundial-de-la-infancia.pdf,miu-documentos,DATA-DOCS/miu-hml/documentos/143592/20030370/miuDocumento_959141_Estado-mundial-de-la-infancia.pdf,Y,200,
996844,https://miu-documentos.s3.us-west-2.amazonaws.com/DATA-DOCS/miu-hml/documentos/143593/20030370/miuDocumento_959141_Estado-mundial-de-la-infancia.pdf,miu-documentos,DATA-DOCS/miu-hml/documentos/143593/20030370/miuDocumento_959141_Estado-mundial-de-la-infancia.pdf,Y,200,
996845,https://miu-documentos.s3.us-west-2.amazonaws.com/DATA-DOCS/miu-hml/documentos/143591/20030370/miuDocumento_965840_5.Alimentacionoralyenteral.pdf,miu-documentos,DATA-DOCS/miu-hml/documentos/143591/20030370/miuDocumento_965840_5.Alimentacionoralyenteral.pdf,Y,200,
996846,https://miu-documentos.s3.us-west-2.amazonaws.com/DATA-DOCS/miu-hml/documentos/143825/20030370/miuDocumento_965840_5.Alimentacionoralyenteral.pdf,miu-documentos,DATA-DOCS/miu-hml/documentos/143825/20030370/miuDocumento_965840_5.Alimentacionoralyenteral.pdf,Y,200,
996847,https://miu-documentos.s3.us-west-2.amazonaws.com/DATA-DOCS/miu-hml/documentos/143594/20030370/miuDocumento_965840_5.Alimentacionoralyenteral.pdf,miu-documentos,DATA-DOCS/miu-hml/documentos/143594/20030370/miuDocumento_965840_5.Alimentacionoralyenteral.pdf,Y,200,
996848,https://miu-documentos.s3.us-west-2.amazonaws.com/DATA-DOCS/miu-hml/documentos/143592/20030370/miuDocumento_965840_5.Alimentacionoralyenteral.pdf,miu-documentos,DATA-DOCS/miu-hml/documentos/143592/20030370/miuDocumento_965840_5.Alimentacionoralyenteral.pdf,Y,200,
996849,https://miu-documentos.s3.us-west-2.amazonaws.com/DATA-DOCS/miu-hml/documentos/143593/20030370/miuDocumento_965840_5.Alimentacionoralyenteral.pdf,miu-documentos,DATA-DOCS/miu-hml/documentos/143593/20030370/miuDocumento_965840_5.Alimentacionoralyenteral.pdf,Y,200,
996850,https://miu-documentos.s3.us-west-2.amazonaws.com/DATA-DOCS/miu-hml/documentos/143591/20030370/miuDocumento_959145_Nutricionenteral.pdf,miu-documentos,DATA-DOCS/miu-hml/documentos/143591/20030370/miuDocumento_959145_Nutricionenteral.pdf,Y,200,
996851,https://miu-documentos.s3.us-west-2.amazonaws.com/DATA-DOCS/miu-hml/documentos/143825/20030370/miuDocumento_959145_Nutricionenteral.pdf,miu-documentos,DATA-DOCS/miu-hml/documentos/143825/20030370/miuDocumento_959145_Nutricionenteral.pdf,Y,200,
996852,https://miu-documentos.s3.us-west-2.amazonaws.com/DATA-DOCS/miu-hml/documentos/143594/20030370/miuDocumento_959145_Nutricionenteral.pdf,miu-documentos,DATA-DOCS/miu-hml/documentos/143594/20030370/miuDocumento_959145_Nutricionenteral.pdf,Y,200,
996853,https://miu-documentos.s3.us-west-2.amazonaws.com/DATA-DOCS/miu-hml/documentos/143592/20030370/miuDocumento_959145_Nutricionenteral.pdf,miu-documentos,DATA-DOCS/miu-hml/documentos/143592/20030370/miuDocumento_959145_Nutricionenteral.pdf,Y,200,
996854,https://miu-documentos.s3.us-west-2.amazonaws.com/DATA-DOCS/miu-hml/documentos/143593/20030370/miuDocumento_959145_Nutricionenteral.pdf,miu-documentos,DATA-DOCS/miu-hml/documentos/143593/20030370/miuDocumento_959145_Nutricionenteral.pdf,Y,200,
996855,https://miu-documentos.s3.us-west-2.amazonaws.com/DATA-DOCS/miu-hml/documentos/143591/20030370/miuDocumento_966777_6.Txnutricionaldelpacienteencuidadointensivo.pdf,miu-documentos,DATA-DOCS/miu-hml/documentos/143591/20030370/miuDocumento_966777_6.Txnutricionaldelpacienteencuidadointensivo.pdf,Y,200,
996856,https://miu-documentos.s3.us-west-2.amazonaws.com/DATA-DOCS/miu-hml/documentos/143825/20030370/miuDocumento_966777_6.Txnutricionaldelpacienteencuidadointensivo.pdf,miu-documentos,DATA-DOCS/miu-hml/documentos/143825/20030370/miuDocumento_966777_6.Txnutricionaldelpacienteencuidadointensivo.pdf,Y,200,
996857,https://miu-documentos.s3.us-west-2.amazonaws.com/DATA-DOCS/miu-hml/documentos/143594/20030370/miuDocumento_966777_6.Txnutricionaldelpacienteencuidadointensivo.pdf,miu-documentos,DATA-DOCS/miu-hml/documentos/143594/20030370/miuDocumento_966777_6.Txnutricionaldelpacienteencuidadointensivo.pdf,Y,200,
996858,https://miu-documentos.s3.us-west-2.amazonaws.com/DATA-DOCS/miu-hml/documentos/143592/20030370/miuDocumento_966777_6.Txnutricionaldelpacienteencuidadointensivo.pdf,miu-documentos,DATA-DOCS/miu-hml/documentos/143592/20030370/miuDocumento_966777_6.Txnutricionaldelpacienteencuidadointensivo.pdf,Y,200,
996859,https://miu-documentos.s3.us-west-2.amazonaws.com/DATA-DOCS/miu-hml/documentos/143593/20030370/miuDocumento_966777_6.Txnutricionaldelpacienteencuidadointensivo.pdf,miu-documentos,DATA-DOCS/miu-hml/documentos/143593/20030370/miuDocumento_966777_6.Txnutricionaldelpacienteencuidadointensivo.pdf,Y,200,
996860,https://miu-documentos.s3.us-west-2.amazonaws.com/DATA-DOCS/miu-hml/documentos/143591/20030370/miuDocumento_959149_refeedingsyndrome(1).pdf,miu-documentos,DATA-DOCS/miu-hml/documentos/143591/20030370/miuDocumento_959149_refeedingsyndrome(1).pdf,Y,200,
995747,https://miu-documentos.s3.us-west-2.amazonaws.com/DATA-DOCS/miu-hml/documentos/143595/20040100/miuDocumento_995741_T5.ErroresInnatosdelMetabolismo.pptx,miu-documentos,DATA-DOCS/miu-hml/documentos/143595/20040100/miuDocumento_995741_T5.ErroresInnatosdelMetabolismo.pptx,Y,200,
995948,https://miu-documentos.s3.us-west-2.amazonaws.com/DATA-DOCS/miu-hml/documentos/143583/20040100/miuDocumento_995947_6.ResourcesforPharmacogenomics.pdf,miu-documentos,DATA-DOCS/miu-hml/documentos/143583/20040100/miuDocumento_995947_6.ResourcesforPharmacogenomics.pdf,Y,200,
996122,https://miu-documentos.s3.us-west-2.amazonaws.com/DATA-DOCS/miu-hml/documentos/142930/20260663/miuDocumento_996122_CronogramadeactividadesLaboratorioBiologiaCelular2026-01.pdf,miu-documentos,DATA-DOCS/miu-hml/documentos/142930/20260663/miuDocumento_996122_CronogramadeactividadesLaboratorioBiologiaCelular2026-01.pdf,Y,200,
995379,https://miu-documentos.s3.us-west-2.amazonaws.com/DATA-DOCS/miu-hml/documentos/143981/12900745/miuDocumento_995379_01.ProgramacionEmilioen26.docx,miu-documentos,DATA-DOCS/miu-hml/documentos/143981/12900745/miuDocumento_995379_01.ProgramacionEmilioen26.docx,Y,200,
996925,https://miu-documentos.s3.us-west-2.amazonaws.com/DATA-DOCS/miu-hml/documentos/143720/23820040/miuDocumento_996925_dnastructure.9aed.2018.JeffHardinGregoryBertoni-Becker_sWorldoftheCell-Pearson2018.pdf,miu-documentos,DATA-DOCS/miu-hml/documentos/143720/23820040/miuDocumento_996925_dnastructure.9aed.2018.JeffHardinGregoryBertoni-Becker_sWorldoftheCell-Pearson2018.pdf,Y,200,
996926,https://miu-documentos.s3.us-west-2.amazonaws.com/DATA-DOCS/miu-hml/documentos/143722/23820040/miuDocumento_996925_dnastructure.9aed.2018.JeffHardinGregoryBertoni-Becker_sWorldoftheCell-Pearson2018.pdf,miu-documentos,DATA-DOCS/miu-hml/documentos/143722/23820040/miuDocumento_996925_dnastructure.9aed.2018.JeffHardinGregoryBertoni-Becker_sWorldoftheCell-Pearson2018.pdf,Y,200,
996927,https://miu-documentos.s3.us-west-2.amazonaws.com/DATA-DOCS/miu-hml/documentos/143721/23820040/miuDocumento_996925_dnastructure.9aed.2018.JeffHardinGregoryBertoni-Becker_sWorldoftheCell-Pearson2018.pdf,miu-documentos,DATA-DOCS/miu-hml/documentos/143721/23820040/miuDocumento_996925_dnastructure.9aed.2018.JeffHardinGregoryBertoni-Becker_sWorldoftheCell-Pearson2018.pdf,Y,200,
996964,https://miu-documentos.s3.us-west-2.amazonaws.com/DATA-DOCS/miu-hml/documentos/143720/23820040/miuDocumento_996964_transporteactivo.20222018.MolecularBiologyoftheCell6thedition-Alberts-NEW.pdf,miu-documentos,DATA-DOCS/miu-hml/documentos/143720/23820040/miuDocumento_996964_transporteactivo.20222018.MolecularBiologyoftheCell6thedition-Alberts-NEW.pdf,Y,200,
996965,https://miu-documentos.s3.us-west-2.amazonaws.com/DATA-DOCS/miu-hml/documentos/143722/23820040/miuDocumento_996964_transporteactivo.20222018.MolecularBiologyoftheCell6thedition-Alberts-NEW.pdf,miu-documentos,DATA-DOCS/miu-hml/documentos/143722/23820040/miuDocumento_996964_transporteactivo.20222018.MolecularBiologyoftheCell6thedition-Alberts-NEW.pdf,Y,200,
996966,https://miu-documentos.s3.us-west-2.amazonaws.com/DATA-DOCS/miu-hml/documentos/143721/23820040/miuDocumento_996964_transporteactivo.20222018.MolecularBiologyoftheCell6thedition-Alberts-NEW.pdf,miu-documentos,DATA-DOCS/miu-hml/documentos/143721/23820040/miuDocumento_996964_transporteactivo.20222018.MolecularBiologyoftheCell6thedition-Alberts-NEW.pdf,Y,200,
996280,https://miu-documentos.s3.us-west-2.amazonaws.com/DATA-DOCS/miu-hml/documentos/143579/20200573/miuDocumento_996280_Hojadecalificaciondeservicio.pdf,miu-documentos,DATA-DOCS/miu-hml/documentos/143579/20200573/miuDocumento_996280_Hojadecalificaciondeservicio.pdf,Y,200,
996282,https://miu-documentos.s3.us-west-2.amazonaws.com/DATA-DOCS/miu-hml/documentos/143579/20200573/miuDocumento_996282_RubricaCAS.pdf,miu-documentos,DATA-DOCS/miu-hml/documentos/143579/20200573/miuDocumento_996282_RubricaCAS.pdf,Y,200,
996283,https://miu-documentos.s3.us-west-2.amazonaws.com/DATA-DOCS/miu-hml/documentos/143579/20200573/miuDocumento_996283_RubricaParticipacionenclase.pdf,miu-documentos,DATA-DOCS/miu-hml/documentos/143579/20200573/miuDocumento_996283_RubricaParticipacionenclase.pdf,Y,200,
996394,https://miu-documentos.s3.us-west-2.amazonaws.com/DATA-DOCS/miu-hml/documentos/144708/20180351/miuDocumento_996394_4.GaddisJ.L.1986.TheLongPeace-ElementsofStabilityinthePostwarInternationalSystem.pdf,miu-documentos,DATA-DOCS/miu-hml/documentos/144708/20180351/miuDocumento_996394_4.GaddisJ.L.1986.TheLongPeace-ElementsofStabilityinthePostwarInternationalSystem.pdf,Y,200,
996397,https://miu-documentos.s3.us-west-2.amazonaws.com/DATA-DOCS/miu-hml/documentos/144708/20180351/miuDocumento_996397_6.LayneC.1993.TheUnipolarIllusion-WhyNewGreatPowersWillRise.pdf,miu-documentos,DATA-DOCS/miu-hml/documentos/144708/20180351/miuDocumento_996397_6.LayneC.1993.TheUnipolarIllusion-WhyNewGreatPowersWillRise.pdf,Y,200,
996400,https://miu-documentos.s3.us-west-2.amazonaws.com/DATA-DOCS/miu-hml/documentos/144708/20180351/miuDocumento_996400_9.NSS2017.pdf,miu-documentos,DATA-DOCS/miu-hml/documentos/144708/20180351/miuDocumento_996400_9.NSS2017.pdf,Y,200,
996423,https://miu-documentos.s3.us-west-2.amazonaws.com/DATA-DOCS/miu-hml/documentos/144708/20180351/miuDocumento_996423_32.SunY.2025.ChinaIsEnjoyingTrump2.0..pdf,miu-documentos,DATA-DOCS/miu-hml/documentos/144708/20180351/miuDocumento_996423_32.SunY.2025.ChinaIsEnjoyingTrump2.0..pdf,Y,200,
996700,https://miu-documentos.s3.us-west-2.amazonaws.com/DATA-DOCS/miu-hml/documentos/143679/20100147/miuDocumento_996700_EV.SEMANALTURNOSINT.pdf,miu-documentos,DATA-DOCS/miu-hml/documentos/143679/20100147/miuDocumento_996700_EV.SEMANALTURNOSINT.pdf,Y,200,
996701,https://miu-documentos.s3.us-west-2.amazonaws.com/DATA-DOCS/miu-hml/documentos/143865/20100147/miuDocumento_996700_EV.SEMANALTURNOSINT.pdf,miu-documentos,DATA-DOCS/miu-hml/documentos/143865/20100147/miuDocumento_996700_EV.SEMANALTURNOSINT.pdf,Y,200,
996702,https://miu-documentos.s3.us-west-2.amazonaws.com/DATA-DOCS/miu-hml/documentos/143683/20100147/miuDocumento_996700_EV.SEMANALTURNOSINT.pdf,miu-documentos,DATA-DOCS/miu-hml/documentos/143683/20100147/miuDocumento_996700_EV.SEMANALTURNOSINT.pdf,Y,200,
996703,https://miu-documentos.s3.us-west-2.amazonaws.com/DATA-DOCS/miu-hml/documentos/143682/20100147/miuDocumento_996700_EV.SEMANALTURNOSINT.pdf,miu-documentos,DATA-DOCS/miu-hml/documentos/143682/20100147/miuDocumento_996700_EV.SEMANALTURNOSINT.pdf,Y,200,
996704,https://miu-documentos.s3.us-west-2.amazonaws.com/DATA-DOCS/miu-hml/documentos/143681/20100147/miuDocumento_996700_EV.SEMANALTURNOSINT.pdf,miu-documentos,DATA-DOCS/miu-hml/documentos/143681/20100147/miuDocumento_996700_EV.SEMANALTURNOSINT.pdf,Y,200,
996861,https://miu-documentos.s3.us-west-2.amazonaws.com/DATA-DOCS/miu-hml/documentos/143825/20030370/miuDocumento_959149_refeedingsyndrome(1).pdf,miu-documentos,DATA-DOCS/miu-hml/documentos/143825/20030370/miuDocumento_959149_refeedingsyndrome(1).pdf,Y,200,
996862,https://miu-documentos.s3.us-west-2.amazonaws.com/DATA-DOCS/miu-hml/documentos/143594/20030370/miuDocumento_959149_refeedingsyndrome(1).pdf,miu-documentos,DATA-DOCS/miu-hml/documentos/143594/20030370/miuDocumento_959149_refeedingsyndrome(1).pdf,Y,200,
996863,https://miu-documentos.s3.us-west-2.amazonaws.com/DATA-DOCS/miu-hml/documentos/143592/20030370/miuDocumento_959149_refeedingsyndrome(1).pdf,miu-documentos,DATA-DOCS/miu-hml/documentos/143592/20030370/miuDocumento_959149_refeedingsyndrome(1).pdf,Y,200,
996864,https://miu-documentos.s3.us-west-2.amazonaws.com/DATA-DOCS/miu-hml/documentos/143593/20030370/miuDocumento_959149_refeedingsyndrome(1).pdf,miu-documentos,DATA-DOCS/miu-hml/documentos/143593/20030370/miuDocumento_959149_refeedingsyndrome(1).pdf,Y,200,
996865,https://miu-documentos.s3.us-west-2.amazonaws.com/DATA-DOCS/miu-hml/documentos/143591/20030370/miuDocumento_959153_Dietary_Fiber_and_Prebiotics_and_the_Gastrointesti.pdf,miu-documentos,DATA-DOCS/miu-hml/documentos/143591/20030370/miuDocumento_959153_Dietary_Fiber_and_Prebiotics_and_the_Gastrointesti.pdf,Y,200,
996866,https://miu-documentos.s3.us-west-2.amazonaws.com/DATA-DOCS/miu-hml/documentos/143825/20030370/miuDocumento_959153_Dietary_Fiber_and_Prebiotics_and_the_Gastrointesti.pdf,miu-documentos,DATA-DOCS/miu-hml/documentos/143825/20030370/miuDocumento_959153_Dietary_Fiber_and_Prebiotics_and_the_Gastrointesti.pdf,Y,200,
996867,https://miu-documentos.s3.us-west-2.amazonaws.com/DATA-DOCS/miu-hml/documentos/143594/20030370/miuDocumento_959153_Dietary_Fiber_and_Prebiotics_and_the_Gastrointesti.pdf,miu-documentos,DATA-DOCS/miu-hml/documentos/143594/20030370/miuDocumento_959153_Dietary_Fiber_and_Prebiotics_and_the_Gastrointesti.pdf,Y,200,
996868,https://miu-documentos.s3.us-west-2.amazonaws.com/DATA-DOCS/miu-hml/documentos/143592/20030370/miuDocumento_959153_Dietary_Fiber_and_Prebiotics_and_the_Gastrointesti.pdf,miu-documentos,DATA-DOCS/miu-hml/documentos/143592/20030370/miuDocumento_959153_Dietary_Fiber_and_Prebiotics_and_the_Gastrointesti.pdf,Y,200,
996869,https://miu-documentos.s3.us-west-2.amazonaws.com/DATA-DOCS/miu-hml/documentos/143593/20030370/miuDocumento_959153_Dietary_Fiber_and_Prebiotics_and_the_Gastrointesti.pdf,miu-documentos,DATA-DOCS/miu-hml/documentos/143593/20030370/miuDocumento_959153_Dietary_Fiber_and_Prebiotics_and_the_Gastrointesti.pdf,Y,200,
996870,https://miu-documentos.s3.us-west-2.amazonaws.com/DATA-DOCS/miu-hml/documentos/143591/20030370/miuDocumento_967507_7.Tratamientonutricionalenlasenfermedadesdigestivas.pdf,miu-documentos,DATA-DOCS/miu-hml/documentos/143591/20030370/miuDocumento_967507_7.Tratamientonutricionalenlasenfermedadesdigestivas.pdf,Y,200,
996871,https://miu-documentos.s3.us-west-2.amazonaws.com/DATA-DOCS/miu-hml/documentos/143825/20030370/miuDocumento_967507_7.Tratamientonutricionalenlasenfermedadesdigestivas.pdf,miu-documentos,DATA-DOCS/miu-hml/documentos/143825/20030370/miuDocumento_967507_7.Tratamientonutricionalenlasenfermedadesdigestivas.pdf,Y,200,
996872,https://miu-documentos.s3.us-west-2.amazonaws.com/DATA-DOCS/miu-hml/documentos/143594/20030370/miuDocumento_967507_7.Tratamientonutricionalenlasenfermedadesdigestivas.pdf,miu-documentos,DATA-DOCS/miu-hml/documentos/143594/20030370/miuDocumento_967507_7.Tratamientonutricionalenlasenfermedadesdigestivas.pdf,Y,200,
996873,https://miu-documentos.s3.us-west-2.amazonaws.com/DATA-DOCS/miu-hml/documentos/143592/20030370/miuDocumento_967507_7.Tratamientonutricionalenlasenfermedadesdigestivas.pdf,miu-documentos,DATA-DOCS/miu-hml/documentos/143592/20030370/miuDocumento_967507_7.Tratamientonutricionalenlasenfermedadesdigestivas.pdf,Y,200,
996874,https://miu-documentos.s3.us-west-2.amazonaws.com/DATA-DOCS/miu-hml/documentos/143593/20030370/miuDocumento_967507_7.Tratamientonutricionalenlasenfermedadesdigestivas.pdf,miu-documentos,DATA-DOCS/miu-hml/documentos/143593/20030370/miuDocumento_967507_7.Tratamientonutricionalenlasenfermedadesdigestivas.pdf,Y,200,
996875,https://miu-documentos.s3.us-west-2.amazonaws.com/DATA-DOCS/miu-hml/documentos/143591/20030370/miuDocumento_968156_8.TerapiaNutricionaldelPacienteObeso.pdf,miu-documentos,DATA-DOCS/miu-hml/documentos/143591/20030370/miuDocumento_968156_8.TerapiaNutricionaldelPacienteObeso.pdf,Y,200,
996876,https://miu-documentos.s3.us-west-2.amazonaws.com/DATA-DOCS/miu-hml/documentos/143825/20030370/miuDocumento_968156_8.TerapiaNutricionaldelPacienteObeso.pdf,miu-documentos,DATA-DOCS/miu-hml/documentos/143825/20030370/miuDocumento_968156_8.TerapiaNutricionaldelPacienteObeso.pdf,Y,200,
996877,https://miu-documentos.s3.us-west-2.amazonaws.com/DATA-DOCS/miu-hml/documentos/143594/20030370/miuDocumento_968156_8.TerapiaNutricionaldelPacienteObeso.pdf,miu-documentos,DATA-DOCS/miu-hml/documentos/143594/20030370/miuDocumento_968156_8.TerapiaNutricionaldelPacienteObeso.pdf,Y,200,
996878,https://miu-documentos.s3.us-west-2.amazonaws.com/DATA-DOCS/miu-hml/documentos/143592/20030370/miuDocumento_968156_8.TerapiaNutricionaldelPacienteObeso.pdf,miu-documentos,DATA-DOCS/miu-hml/documentos/143592/20030370/miuDocumento_968156_8.TerapiaNutricionaldelPacienteObeso.pdf,Y,200,
996879,https://miu-documentos.s3.us-west-2.amazonaws.com/DATA-DOCS/miu-hml/documentos/143593/20030370/miuDocumento_968156_8.TerapiaNutricionaldelPacienteObeso.pdf,miu-documentos,DATA-DOCS/miu-hml/documentos/143593/20030370/miuDocumento_968156_8.TerapiaNutricionaldelPacienteObeso.pdf,Y,200,
996880,https://miu-documentos.s3.us-west-2.amazonaws.com/DATA-DOCS/miu-hml/documentos/143591/20030370/miuDocumento_959157_WeightManagementADA.pdf,miu-documentos,DATA-DOCS/miu-hml/documentos/143591/20030370/miuDocumento_959157_WeightManagementADA.pdf,Y,200,
996881,https://miu-documentos.s3.us-west-2.amazonaws.com/DATA-DOCS/miu-hml/documentos/143825/20030370/miuDocumento_959157_WeightManagementADA.pdf,miu-documentos,DATA-DOCS/miu-hml/documentos/143825/20030370/miuDocumento_959157_WeightManagementADA.pdf,Y,200,
996882,https://miu-documentos.s3.us-west-2.amazonaws.com/DATA-DOCS/miu-hml/documentos/143594/20030370/miuDocumento_959157_WeightManagementADA.pdf,miu-documentos,DATA-DOCS/miu-hml/documentos/143594/20030370/miuDocumento_959157_WeightManagementADA.pdf,Y,200,
996883,https://miu-documentos.s3.us-west-2.amazonaws.com/DATA-DOCS/miu-hml/documentos/143592/20030370/miuDocumento_959157_WeightManagementADA.pdf,miu-documentos,DATA-DOCS/miu-hml/documentos/143592/20030370/miuDocumento_959157_WeightManagementADA.pdf,Y,200,
996884,https://miu-documentos.s3.us-west-2.amazonaws.com/DATA-DOCS/miu-hml/documentos/143593/20030370/miuDocumento_959157_WeightManagementADA.pdf,miu-documentos,DATA-DOCS/miu-hml/documentos/143593/20030370/miuDocumento_959157_WeightManagementADA.pdf,Y,200,
996885,https://miu-documentos.s3.us-west-2.amazonaws.com/DATA-DOCS/miu-hml/documentos/143591/20030370/miuDocumento_969088_9y10.TxnutricionaldelpacienteconDMyenfermedadcardiovascular3.pdf,miu-documentos,DATA-DOCS/miu-hml/documentos/143591/20030370/miuDocumento_969088_9y10.TxnutricionaldelpacienteconDMyenfermedadcardiovascular3.pdf,Y,200,
996886,https://miu-documentos.s3.us-west-2.amazonaws.com/DATA-DOCS/miu-hml/documentos/143825/20030370/miuDocumento_969088_9y10.TxnutricionaldelpacienteconDMyenfermedadcardiovascular3.pdf,miu-documentos,DATA-DOCS/miu-hml/documentos/143825/20030370/miuDocumento_969088_9y10.TxnutricionaldelpacienteconDMyenfermedadcardiovascular3.pdf,Y,200,
996705,https://miu-documentos.s3.us-west-2.amazonaws.com/DATA-DOCS/miu-hml/documentos/143680/20100147/miuDocumento_996700_EV.SEMANALTURNOSINT.pdf,miu-documentos,DATA-DOCS/miu-hml/documentos/143680/20100147/miuDocumento_996700_EV.SEMANALTURNOSINT.pdf,Y,200,
996706,https://miu-documentos.s3.us-west-2.amazonaws.com/DATA-DOCS/miu-hml/documentos/143684/20100147/miuDocumento_996700_EV.SEMANALTURNOSINT.pdf,miu-documentos,DATA-DOCS/miu-hml/documentos/143684/20100147/miuDocumento_996700_EV.SEMANALTURNOSINT.pdf,Y,200,
997030,https://miu-documentos.s3.us-west-2.amazonaws.com/DATA-DOCS/miu-hml/documentos/143720/23820040/miuDocumento_997030_polimerasasytranscripcio_nI.promotores.9aed.2018.JeffHardinGregoryBertoni-Becker_sWorldoftheCell-Pearson2018.pdf,miu-documentos,DATA-DOCS/miu-hml/documentos/143720/23820040/miuDocumento_997030_polimerasasytranscripcio_nI.promotores.9aed.2018.JeffHardinGregoryBertoni-Becker_sWorldoftheCell-Pearson2018.pdf,Y,200,
997031,https://miu-documentos.s3.us-west-2.amazonaws.com/DATA-DOCS/miu-hml/documentos/143722/23820040/miuDocumento_997030_polimerasasytranscripcio_nI.promotores.9aed.2018.JeffHardinGregoryBertoni-Becker_sWorldoftheCell-Pearson2018.pdf,miu-documentos,DATA-DOCS/miu-hml/documentos/143722/23820040/miuDocumento_997030_polimerasasytranscripcio_nI.promotores.9aed.2018.JeffHardinGregoryBertoni-Becker_sWorldoftheCell-Pearson2018.pdf,Y,200,
997032,https://miu-documentos.s3.us-west-2.amazonaws.com/DATA-DOCS/miu-hml/documentos/143721/23820040/miuDocumento_997030_polimerasasytranscripcio_nI.promotores.9aed.2018.JeffHardinGregoryBertoni-Becker_sWorldoftheCell-Pearson2018.pdf,miu-documentos,DATA-DOCS/miu-hml/documentos/143721/23820040/miuDocumento_997030_polimerasasytranscripcio_nI.promotores.9aed.2018.JeffHardinGregoryBertoni-Becker_sWorldoftheCell-Pearson2018.pdf,Y,200,
997111,https://miu-documentos.s3.us-west-2.amazonaws.com/DATA-DOCS/miu-hml/documentos/143720/23820040/miuDocumento_997111_GOLGI-2021MolecularBiologyoftheCell6thedition-Alberts-NEW.pdf,miu-documentos,DATA-DOCS/miu-hml/documentos/143720/23820040/miuDocumento_997111_GOLGI-2021MolecularBiologyoftheCell6thedition-Alberts-NEW.pdf,Y,200,
997112,https://miu-documentos.s3.us-west-2.amazonaws.com/DATA-DOCS/miu-hml/documentos/143722/23820040/miuDocumento_997111_GOLGI-2021MolecularBiologyoftheCell6thedition-Alberts-NEW.pdf,miu-documentos,DATA-DOCS/miu-hml/documentos/143722/23820040/miuDocumento_997111_GOLGI-2021MolecularBiologyoftheCell6thedition-Alberts-NEW.pdf,Y,200,
997113,https://miu-documentos.s3.us-west-2.amazonaws.com/DATA-DOCS/miu-hml/documentos/143721/23820040/miuDocumento_997111_GOLGI-2021MolecularBiologyoftheCell6thedition-Alberts-NEW.pdf,miu-documentos,DATA-DOCS/miu-hml/documentos/143721/23820040/miuDocumento_997111_GOLGI-2021MolecularBiologyoftheCell6thedition-Alberts-NEW.pdf,Y,200,
997151,https://miu-documentos.s3.us-west-2.amazonaws.com/DATA-DOCS/miu-hml/documentos/143309/20050380/miuDocumento_997151_Wooldridge-Espaol.pdf,miu-documentos,DATA-DOCS/miu-hml/documentos/143309/20050380/miuDocumento_997151_Wooldridge-Espaol.pdf,Y,200,
997152,https://miu-documentos.s3.us-west-2.amazonaws.com/DATA-DOCS/miu-hml/documentos/143310/20050380/miuDocumento_997151_Wooldridge-Espaol.pdf,miu-documentos,DATA-DOCS/miu-hml/documentos/143310/20050380/miuDocumento_997151_Wooldridge-Espaol.pdf,Y,200,
997153,https://miu-documentos.s3.us-west-2.amazonaws.com/DATA-DOCS/miu-hml/documentos/143309/20050380/miuDocumento_997153_Econometria-DamodarN.Gujarati.pdf,miu-documentos,DATA-DOCS/miu-hml/documentos/143309/20050380/miuDocumento_997153_Econometria-DamodarN.Gujarati.pdf,Y,200,
997154,https://miu-documentos.s3.us-west-2.amazonaws.com/DATA-DOCS/miu-hml/documentos/143310/20050380/miuDocumento_997153_Econometria-DamodarN.Gujarati.pdf,miu-documentos,DATA-DOCS/miu-hml/documentos/143310/20050380/miuDocumento_997153_Econometria-DamodarN.Gujarati.pdf,Y,200,
997158,https://miu-documentos.s3.us-west-2.amazonaws.com/DATA-DOCS/miu-hml/documentos/143309/20050380/miuDocumento_997158_ENCOVI_2023_Personas.xls,miu-documentos,DATA-DOCS/miu-hml/documentos/143309/20050380/miuDocumento_997158_ENCOVI_2023_Personas.xls,Y,200,
997159,https://miu-documentos.s3.us-west-2.amazonaws.com/DATA-DOCS/miu-hml/documentos/143310/20050380/miuDocumento_997158_ENCOVI_2023_Personas.xls,miu-documentos,DATA-DOCS/miu-hml/documentos/143310/20050380/miuDocumento_997158_ENCOVI_2023_Personas.xls,Y,200,
997181,https://miu-documentos.s3.us-west-2.amazonaws.com/DATA-DOCS/miu-hml/documentos/144518/20180989/miuDocumento_997181_10.DosalCap2.1871-1898.pdf,miu-documentos,DATA-DOCS/miu-hml/documentos/144518/20180989/miuDocumento_997181_10.DosalCap2.1871-1898.pdf,Y,200,
997182,https://miu-documentos.s3.us-west-2.amazonaws.com/DATA-DOCS/miu-hml/documentos/144519/20180989/miuDocumento_997181_10.DosalCap2.1871-1898.pdf,miu-documentos,DATA-DOCS/miu-hml/documentos/144519/20180989/miuDocumento_997181_10.DosalCap2.1871-1898.pdf,Y,200,
997215,https://miu-documentos.s3.us-west-2.amazonaws.com/DATA-DOCS/miu-hml/documentos/144518/20180989/miuDocumento_997215_12.Micklethwait.Cap.6.pdf,miu-documentos,DATA-DOCS/miu-hml/documentos/144518/20180989/miuDocumento_997215_12.Micklethwait.Cap.6.pdf,Y,200,
997216,https://miu-documentos.s3.us-west-2.amazonaws.com/DATA-DOCS/miu-hml/documentos/144519/20180989/miuDocumento_997215_12.Micklethwait.Cap.6.pdf,miu-documentos,DATA-DOCS/miu-hml/documentos/144519/20180989/miuDocumento_997215_12.Micklethwait.Cap.6.pdf,Y,200,
997197,https://miu-documentos.s3.us-west-2.amazonaws.com/DATA-DOCS/miu-hml/documentos/144544/20050380/miuDocumento_997197_2_DeubelRothAndr.pdf,miu-documentos,DATA-DOCS/miu-hml/documentos/144544/20050380/miuDocumento_997197_2_DeubelRothAndr.pdf,Y,200,
997219,https://miu-documentos.s3.us-west-2.amazonaws.com/DATA-DOCS/miu-hml/documentos/144518/20180989/miuDocumento_997219_14.Micklethwait.Cap.8.pdf,miu-documentos,DATA-DOCS/miu-hml/documentos/144518/20180989/miuDocumento_997219_14.Micklethwait.Cap.8.pdf,Y,200,
997220,https://miu-documentos.s3.us-west-2.amazonaws.com/DATA-DOCS/miu-hml/documentos/144519/20180989/miuDocumento_997219_14.Micklethwait.Cap.8.pdf,miu-documentos,DATA-DOCS/miu-hml/documentos/144519/20180989/miuDocumento_997219_14.Micklethwait.Cap.8.pdf,Y,200,
997227,https://miu-documentos.s3.us-west-2.amazonaws.com/DATA-DOCS/miu-hml/documentos/144248/99000144/miuDocumento_997227_E483966339CONTRATODGA-90E48396633987-2021.pdf,miu-documentos,DATA-DOCS/miu-hml/documentos/144248/99000144/miuDocumento_997227_E483966339CONTRATODGA-90E48396633987-2021.pdf,Y,200,
997232,https://miu-documentos.s3.us-west-2.amazonaws.com/DATA-DOCS/miu-hml/documentos/143419/20041076/miuDocumento_997232_CalendarioSeminarioAdministracin1A2026.xlsx,miu-documentos,DATA-DOCS/miu-hml/documentos/143419/20041076/miuDocumento_997232_CalendarioSeminarioAdministracin1A2026.xlsx,Y,200,
996887,https://miu-documentos.s3.us-west-2.amazonaws.com/DATA-DOCS/miu-hml/documentos/143594/20030370/miuDocumento_969088_9y10.TxnutricionaldelpacienteconDMyenfermedadcardiovascular3.pdf,miu-documentos,DATA-DOCS/miu-hml/documentos/143594/20030370/miuDocumento_969088_9y10.TxnutricionaldelpacienteconDMyenfermedadcardiovascular3.pdf,Y,200,
996888,https://miu-documentos.s3.us-west-2.amazonaws.com/DATA-DOCS/miu-hml/documentos/143592/20030370/miuDocumento_969088_9y10.TxnutricionaldelpacienteconDMyenfermedadcardiovascular3.pdf,miu-documentos,DATA-DOCS/miu-hml/documentos/143592/20030370/miuDocumento_969088_9y10.TxnutricionaldelpacienteconDMyenfermedadcardiovascular3.pdf,Y,200,
996889,https://miu-documentos.s3.us-west-2.amazonaws.com/DATA-DOCS/miu-hml/documentos/143593/20030370/miuDocumento_969088_9y10.TxnutricionaldelpacienteconDMyenfermedadcardiovascular3.pdf,miu-documentos,DATA-DOCS/miu-hml/documentos/143593/20030370/miuDocumento_969088_9y10.TxnutricionaldelpacienteconDMyenfermedadcardiovascular3.pdf,Y,200,
996890,https://miu-documentos.s3.us-west-2.amazonaws.com/DATA-DOCS/miu-hml/documentos/143591/20030370/miuDocumento_959161_LifestyleManagement_StandardsofMedicalCareinDiabetes_2019.pdf,miu-documentos,DATA-DOCS/miu-hml/documentos/143591/20030370/miuDocumento_959161_LifestyleManagement_StandardsofMedicalCareinDiabetes_2019.pdf,Y,200,
996891,https://miu-documentos.s3.us-west-2.amazonaws.com/DATA-DOCS/miu-hml/documentos/143825/20030370/miuDocumento_959161_LifestyleManagement_StandardsofMedicalCareinDiabetes_2019.pdf,miu-documentos,DATA-DOCS/miu-hml/documentos/143825/20030370/miuDocumento_959161_LifestyleManagement_StandardsofMedicalCareinDiabetes_2019.pdf,Y,200,
996892,https://miu-documentos.s3.us-west-2.amazonaws.com/DATA-DOCS/miu-hml/documentos/143594/20030370/miuDocumento_959161_LifestyleManagement_StandardsofMedicalCareinDiabetes_2019.pdf,miu-documentos,DATA-DOCS/miu-hml/documentos/143594/20030370/miuDocumento_959161_LifestyleManagement_StandardsofMedicalCareinDiabetes_2019.pdf,Y,200,
996893,https://miu-documentos.s3.us-west-2.amazonaws.com/DATA-DOCS/miu-hml/documentos/143592/20030370/miuDocumento_959161_LifestyleManagement_StandardsofMedicalCareinDiabetes_2019.pdf,miu-documentos,DATA-DOCS/miu-hml/documentos/143592/20030370/miuDocumento_959161_LifestyleManagement_StandardsofMedicalCareinDiabetes_2019.pdf,Y,200,
996894,https://miu-documentos.s3.us-west-2.amazonaws.com/DATA-DOCS/miu-hml/documentos/143593/20030370/miuDocumento_959161_LifestyleManagement_StandardsofMedicalCareinDiabetes_2019.pdf,miu-documentos,DATA-DOCS/miu-hml/documentos/143593/20030370/miuDocumento_959161_LifestyleManagement_StandardsofMedicalCareinDiabetes_2019.pdf,Y,200,
996895,https://miu-documentos.s3.us-west-2.amazonaws.com/DATA-DOCS/miu-hml/documentos/143591/20030370/miuDocumento_959165_Dietaryrestrictioninthepreventionandtxofcardiovasculardisease.pdf,miu-documentos,DATA-DOCS/miu-hml/documentos/143591/20030370/miuDocumento_959165_Dietaryrestrictioninthepreventionandtxofcardiovasculardisease.pdf,Y,200,
996896,https://miu-documentos.s3.us-west-2.amazonaws.com/DATA-DOCS/miu-hml/documentos/143825/20030370/miuDocumento_959165_Dietaryrestrictioninthepreventionandtxofcardiovasculardisease.pdf,miu-documentos,DATA-DOCS/miu-hml/documentos/143825/20030370/miuDocumento_959165_Dietaryrestrictioninthepreventionandtxofcardiovasculardisease.pdf,Y,200,
996897,https://miu-documentos.s3.us-west-2.amazonaws.com/DATA-DOCS/miu-hml/documentos/143594/20030370/miuDocumento_959165_Dietaryrestrictioninthepreventionandtxofcardiovasculardisease.pdf,miu-documentos,DATA-DOCS/miu-hml/documentos/143594/20030370/miuDocumento_959165_Dietaryrestrictioninthepreventionandtxofcardiovasculardisease.pdf,Y,200,
996898,https://miu-documentos.s3.us-west-2.amazonaws.com/DATA-DOCS/miu-hml/documentos/143592/20030370/miuDocumento_959165_Dietaryrestrictioninthepreventionandtxofcardiovasculardisease.pdf,miu-documentos,DATA-DOCS/miu-hml/documentos/143592/20030370/miuDocumento_959165_Dietaryrestrictioninthepreventionandtxofcardiovasculardisease.pdf,Y,200,
996899,https://miu-documentos.s3.us-west-2.amazonaws.com/DATA-DOCS/miu-hml/documentos/143593/20030370/miuDocumento_959165_Dietaryrestrictioninthepreventionandtxofcardiovasculardisease.pdf,miu-documentos,DATA-DOCS/miu-hml/documentos/143593/20030370/miuDocumento_959165_Dietaryrestrictioninthepreventionandtxofcardiovasculardisease.pdf,Y,200,
996900,https://miu-documentos.s3.us-west-2.amazonaws.com/DATA-DOCS/miu-hml/documentos/143591/20030370/miuDocumento_969208_Etiquetasnutricionales.pdf,miu-documentos,DATA-DOCS/miu-hml/documentos/143591/20030370/miuDocumento_969208_Etiquetasnutricionales.pdf,Y,200,
996901,https://miu-documentos.s3.us-west-2.amazonaws.com/DATA-DOCS/miu-hml/documentos/143825/20030370/miuDocumento_969208_Etiquetasnutricionales.pdf,miu-documentos,DATA-DOCS/miu-hml/documentos/143825/20030370/miuDocumento_969208_Etiquetasnutricionales.pdf,Y,200,
996902,https://miu-documentos.s3.us-west-2.amazonaws.com/DATA-DOCS/miu-hml/documentos/143594/20030370/miuDocumento_969208_Etiquetasnutricionales.pdf,miu-documentos,DATA-DOCS/miu-hml/documentos/143594/20030370/miuDocumento_969208_Etiquetasnutricionales.pdf,Y,200,
996903,https://miu-documentos.s3.us-west-2.amazonaws.com/DATA-DOCS/miu-hml/documentos/143592/20030370/miuDocumento_969208_Etiquetasnutricionales.pdf,miu-documentos,DATA-DOCS/miu-hml/documentos/143592/20030370/miuDocumento_969208_Etiquetasnutricionales.pdf,Y,200,
996904,https://miu-documentos.s3.us-west-2.amazonaws.com/DATA-DOCS/miu-hml/documentos/143593/20030370/miuDocumento_969208_Etiquetasnutricionales.pdf,miu-documentos,DATA-DOCS/miu-hml/documentos/143593/20030370/miuDocumento_969208_Etiquetasnutricionales.pdf,Y,200,
996905,https://miu-documentos.s3.us-west-2.amazonaws.com/DATA-DOCS/miu-hml/documentos/143591/20030370/miuDocumento_959169_RenalDisease(1).pdf,miu-documentos,DATA-DOCS/miu-hml/documentos/143591/20030370/miuDocumento_959169_RenalDisease(1).pdf,Y,200,
996906,https://miu-documentos.s3.us-west-2.amazonaws.com/DATA-DOCS/miu-hml/documentos/143825/20030370/miuDocumento_959169_RenalDisease(1).pdf,miu-documentos,DATA-DOCS/miu-hml/documentos/143825/20030370/miuDocumento_959169_RenalDisease(1).pdf,Y,200,
996907,https://miu-documentos.s3.us-west-2.amazonaws.com/DATA-DOCS/miu-hml/documentos/143594/20030370/miuDocumento_959169_RenalDisease(1).pdf,miu-documentos,DATA-DOCS/miu-hml/documentos/143594/20030370/miuDocumento_959169_RenalDisease(1).pdf,Y,200,
996908,https://miu-documentos.s3.us-west-2.amazonaws.com/DATA-DOCS/miu-hml/documentos/143592/20030370/miuDocumento_959169_RenalDisease(1).pdf,miu-documentos,DATA-DOCS/miu-hml/documentos/143592/20030370/miuDocumento_959169_RenalDisease(1).pdf,Y,200,
996909,https://miu-documentos.s3.us-west-2.amazonaws.com/DATA-DOCS/miu-hml/documentos/143593/20030370/miuDocumento_959169_RenalDisease(1).pdf,miu-documentos,DATA-DOCS/miu-hml/documentos/143593/20030370/miuDocumento_959169_RenalDisease(1).pdf,Y,200,
997163,https://miu-documentos.s3.us-west-2.amazonaws.com/DATA-DOCS/miu-hml/documentos/144518/20180989/miuDocumento_997163_1.Micklethwait.Intro.pdf,miu-documentos,DATA-DOCS/miu-hml/documentos/144518/20180989/miuDocumento_997163_1.Micklethwait.Intro.pdf,Y,200,
997243,https://miu-documentos.s3.us-west-2.amazonaws.com/DATA-DOCS/miu-hml/documentos/143672/20161353/miuDocumento_958221_InstrumentoExamenProfesionalareaclinica-MEDICINAINTERNA_959191_969502_974179_980070_986807_993865.pdf,miu-documentos,DATA-DOCS/miu-hml/documentos/143672/20161353/miuDocumento_958221_InstrumentoExamenProfesionalareaclinica-MEDICINAINTERNA_959191_969502_974179_980070_986807_993865.pdf,Y,200,
997244,https://miu-documentos.s3.us-west-2.amazonaws.com/DATA-DOCS/miu-hml/documentos/143867/20161353/miuDocumento_958221_InstrumentoExamenProfesionalareaclinica-MEDICINAINTERNA_959191_969502_974179_980070_986807_993865.pdf,miu-documentos,DATA-DOCS/miu-hml/documentos/143867/20161353/miuDocumento_958221_InstrumentoExamenProfesionalareaclinica-MEDICINAINTERNA_959191_969502_974179_980070_986807_993865.pdf,Y,200,
997245,https://miu-documentos.s3.us-west-2.amazonaws.com/DATA-DOCS/miu-hml/documentos/143672/20161353/miuDocumento_958222_RubricaCAS_959192_969504_974181_980072_986808_993867.pdf,miu-documentos,DATA-DOCS/miu-hml/documentos/143672/20161353/miuDocumento_958222_RubricaCAS_959192_969504_974181_980072_986808_993867.pdf,Y,200,
997246,https://miu-documentos.s3.us-west-2.amazonaws.com/DATA-DOCS/miu-hml/documentos/143867/20161353/miuDocumento_958222_RubricaCAS_959192_969504_974181_980072_986808_993867.pdf,miu-documentos,DATA-DOCS/miu-hml/documentos/143867/20161353/miuDocumento_958222_RubricaCAS_959192_969504_974181_980072_986808_993867.pdf,Y,200,
997247,https://miu-documentos.s3.us-west-2.amazonaws.com/DATA-DOCS/miu-hml/documentos/143672/20161353/miuDocumento_958223_PlantillaEvaluacionAuditoriasPresenciales_959193_969506_974183_980074_986809_993869.pdf,miu-documentos,DATA-DOCS/miu-hml/documentos/143672/20161353/miuDocumento_958223_PlantillaEvaluacionAuditoriasPresenciales_959193_969506_974183_980074_986809_993869.pdf,Y,200,
997248,https://miu-documentos.s3.us-west-2.amazonaws.com/DATA-DOCS/miu-hml/documentos/143867/20161353/miuDocumento_958223_PlantillaEvaluacionAuditoriasPresenciales_959193_969506_974183_980074_986809_993869.pdf,miu-documentos,DATA-DOCS/miu-hml/documentos/143867/20161353/miuDocumento_958223_PlantillaEvaluacionAuditoriasPresenciales_959193_969506_974183_980074_986809_993869.pdf,Y,200,
997249,https://miu-documentos.s3.us-west-2.amazonaws.com/DATA-DOCS/miu-hml/documentos/143672/20161353/miuDocumento_958224_NOTASDESERVICIOINTERNADOUFM-IGSS_959194_969508_974185_980076_986810_993871.pdf,miu-documentos,DATA-DOCS/miu-hml/documentos/143672/20161353/miuDocumento_958224_NOTASDESERVICIOINTERNADOUFM-IGSS_959194_969508_974185_980076_986810_993871.pdf,Y,200,
997250,https://miu-documentos.s3.us-west-2.amazonaws.com/DATA-DOCS/miu-hml/documentos/143867/20161353/miuDocumento_958224_NOTASDESERVICIOINTERNADOUFM-IGSS_959194_969508_974185_980076_986810_993871.pdf,miu-documentos,DATA-DOCS/miu-hml/documentos/143867/20161353/miuDocumento_958224_NOTASDESERVICIOINTERNADOUFM-IGSS_959194_969508_974185_980076_986810_993871.pdf,Y,200,
997251,https://miu-documentos.s3.us-west-2.amazonaws.com/DATA-DOCS/miu-hml/documentos/143672/20161353/miuDocumento_958225_PlantillaEvaluacionLecturadeRevistas_959195_969510_974187_980078_986811_993873.pdf,miu-documentos,DATA-DOCS/miu-hml/documentos/143672/20161353/miuDocumento_958225_PlantillaEvaluacionLecturadeRevistas_959195_969510_974187_980078_986811_993873.pdf,Y,200,
997252,https://miu-documentos.s3.us-west-2.amazonaws.com/DATA-DOCS/miu-hml/documentos/143867/20161353/miuDocumento_958225_PlantillaEvaluacionLecturadeRevistas_959195_969510_974187_980078_986811_993873.pdf,miu-documentos,DATA-DOCS/miu-hml/documentos/143867/20161353/miuDocumento_958225_PlantillaEvaluacionLecturadeRevistas_959195_969510_974187_980078_986811_993873.pdf,Y,200,
997253,https://miu-documentos.s3.us-west-2.amazonaws.com/DATA-DOCS/miu-hml/documentos/143672/20161353/miuDocumento_958226_RubricaParticipacionenclase_959196_969512_974189_980080_986812_993875.pdf,miu-documentos,DATA-DOCS/miu-hml/documentos/143672/20161353/miuDocumento_958226_RubricaParticipacionenclase_959196_969512_974189_980080_986812_993875.pdf,Y,200,
997254,https://miu-documentos.s3.us-west-2.amazonaws.com/DATA-DOCS/miu-hml/documentos/143867/20161353/miuDocumento_958226_RubricaParticipacionenclase_959196_969512_974189_980080_986812_993875.pdf,miu-documentos,DATA-DOCS/miu-hml/documentos/143867/20161353/miuDocumento_958226_RubricaParticipacionenclase_959196_969512_974189_980080_986812_993875.pdf,Y,200,
997265,https://miu-documentos.s3.us-west-2.amazonaws.com/DATA-DOCS/miu-hml/documentos/143415/97000473/miuDocumento_997265_Lectura5.CasoRedLobster.pdf,miu-documentos,DATA-DOCS/miu-hml/documentos/143415/97000473/miuDocumento_997265_Lectura5.CasoRedLobster.pdf,Y,200,
997271,https://miu-documentos.s3.us-west-2.amazonaws.com/DATA-DOCS/miu-hml/documentos/142918/12890465/miuDocumento_997271_criteriosdeevaluacinsocrticaRCM.docx,miu-documentos,DATA-DOCS/miu-hml/documentos/142918/12890465/miuDocumento_997271_criteriosdeevaluacinsocrticaRCM.docx,Y,200,
997276,https://miu-documentos.s3.us-west-2.amazonaws.com/DATA-DOCS/miu-hml/documentos/142917/12890465/miuDocumento_997276_2.SamuelSolonpp.16-43.pdf,miu-documentos,DATA-DOCS/miu-hml/documentos/142917/12890465/miuDocumento_997276_2.SamuelSolonpp.16-43.pdf,Y,200,
997344,https://miu-documentos.s3.us-west-2.amazonaws.com/DATA-DOCS/miu-hml/documentos/143772/20151104/miuDocumento_997344_ReglamentoyManualdeusuariosdelabBM_20200210.pdf,miu-documentos,DATA-DOCS/miu-hml/documentos/143772/20151104/miuDocumento_997344_ReglamentoyManualdeusuariosdelabBM_20200210.pdf,Y,200,
997345,https://miu-documentos.s3.us-west-2.amazonaws.com/DATA-DOCS/miu-hml/documentos/143773/20151104/miuDocumento_997344_ReglamentoyManualdeusuariosdelabBM_20200210.pdf,miu-documentos,DATA-DOCS/miu-hml/documentos/143773/20151104/miuDocumento_997344_ReglamentoyManualdeusuariosdelabBM_20200210.pdf,Y,200,
997354,https://miu-documentos.s3.us-west-2.amazonaws.com/DATA-DOCS/miu-hml/documentos/144221/97000142/miuDocumento_997354_ProgramaObligacionesCivilesII2026.docx,miu-documentos,DATA-DOCS/miu-hml/documentos/144221/97000142/miuDocumento_997354_ProgramaObligacionesCivilesII2026.docx,Y,200,
997355,https://miu-documentos.s3.us-west-2.amazonaws.com/DATA-DOCS/miu-hml/documentos/144222/97000142/miuDocumento_997354_ProgramaObligacionesCivilesII2026.docx,miu-documentos,DATA-DOCS/miu-hml/documentos/144222/97000142/miuDocumento_997354_ProgramaObligacionesCivilesII2026.docx,Y,200,
997394,https://miu-documentos.s3.us-west-2.amazonaws.com/DATA-DOCS/miu-hml/documentos/143563/20131039/miuDocumento_997394_1.InformacindelCurso.pdf,miu-documentos,DATA-DOCS/miu-hml/documentos/143563/20131039/miuDocumento_997394_1.InformacindelCurso.pdf,Y,200,
997395,https://miu-documentos.s3.us-west-2.amazonaws.com/DATA-DOCS/miu-hml/documentos/143562/20131039/miuDocumento_997394_1.InformacindelCurso.pdf,miu-documentos,DATA-DOCS/miu-hml/documentos/143562/20131039/miuDocumento_997394_1.InformacindelCurso.pdf,Y,200,
997396,https://miu-documentos.s3.us-west-2.amazonaws.com/DATA-DOCS/miu-hml/documentos/143561/20131039/miuDocumento_997394_1.InformacindelCurso.pdf,miu-documentos,DATA-DOCS/miu-hml/documentos/143561/20131039/miuDocumento_997394_1.InformacindelCurso.pdf,Y,200,
997511,https://miu-documentos.s3.us-west-2.amazonaws.com/DATA-DOCS/miu-hml/documentos/143979/20020131/miuDocumento_997511_ProgramaCursoElComercianteSocial2026.pdf,miu-documentos,DATA-DOCS/miu-hml/documentos/143979/20020131/miuDocumento_997511_ProgramaCursoElComercianteSocial2026.pdf,Y,200,
997512,https://miu-documentos.s3.us-west-2.amazonaws.com/DATA-DOCS/miu-hml/documentos/143980/20020131/miuDocumento_997511_ProgramaCursoElComercianteSocial2026.pdf,miu-documentos,DATA-DOCS/miu-hml/documentos/143980/20020131/miuDocumento_997511_ProgramaCursoElComercianteSocial2026.pdf,Y,200,
997164,https://miu-documentos.s3.us-west-2.amazonaws.com/DATA-DOCS/miu-hml/documentos/144519/20180989/miuDocumento_997163_1.Micklethwait.Intro.pdf,miu-documentos,DATA-DOCS/miu-hml/documentos/144519/20180989/miuDocumento_997163_1.Micklethwait.Intro.pdf,Y,200,
997425,https://miu-documentos.s3.us-west-2.amazonaws.com/DATA-DOCS/miu-hml/documentos/143699/30920008/miuDocumento_959235_1_Programa_Corporate_GovernanceEPRI.pdf,miu-documentos,DATA-DOCS/miu-hml/documentos/143699/30920008/miuDocumento_959235_1_Programa_Corporate_GovernanceEPRI.pdf,Y,200,
997426,https://miu-documentos.s3.us-west-2.amazonaws.com/DATA-DOCS/miu-hml/documentos/143699/30920008/miuDocumento_889429_Clase1aIntroduccion_al_cursoALUMNO_924108_959236.pptx,miu-documentos,DATA-DOCS/miu-hml/documentos/143699/30920008/miuDocumento_889429_Clase1aIntroduccion_al_cursoALUMNO_924108_959236.pptx,Y,200,
997198,https://miu-documentos.s3.us-west-2.amazonaws.com/DATA-DOCS/miu-hml/documentos/144544/20050380/miuDocumento_997198_3rboldeproblemayreasdeintervencin..pdf,miu-documentos,DATA-DOCS/miu-hml/documentos/144544/20050380/miuDocumento_997198_3rboldeproblemayreasdeintervencin..pdf,Y,200,
997199,https://miu-documentos.s3.us-west-2.amazonaws.com/DATA-DOCS/miu-hml/documentos/144544/20050380/miuDocumento_997199_4.TallerMapeo_C40.pdf,miu-documentos,DATA-DOCS/miu-hml/documentos/144544/20050380/miuDocumento_997199_4.TallerMapeo_C40.pdf,Y,200,
997201,https://miu-documentos.s3.us-west-2.amazonaws.com/DATA-DOCS/miu-hml/documentos/144248/99000144/miuDocumento_997201_2026LEYDECONTRATACIONESDELESTADODECRETO57-92.pdf,miu-documentos,DATA-DOCS/miu-hml/documentos/144248/99000144/miuDocumento_997201_2026LEYDECONTRATACIONESDELESTADODECRETO57-92.pdf,Y,200,
997202,https://miu-documentos.s3.us-west-2.amazonaws.com/DATA-DOCS/miu-hml/documentos/144249/99000144/miuDocumento_997201_2026LEYDECONTRATACIONESDELESTADODECRETO57-92.pdf,miu-documentos,DATA-DOCS/miu-hml/documentos/144249/99000144/miuDocumento_997201_2026LEYDECONTRATACIONESDELESTADODECRETO57-92.pdf,Y,200,
997203,https://miu-documentos.s3.us-west-2.amazonaws.com/DATA-DOCS/miu-hml/documentos/144248/99000144/miuDocumento_997203_2026REGLAMENTODELALEYDECONTRATACIONESDELESTADO.pdf,miu-documentos,DATA-DOCS/miu-hml/documentos/144248/99000144/miuDocumento_997203_2026REGLAMENTODELALEYDECONTRATACIONESDELESTADO.pdf,Y,200,
997204,https://miu-documentos.s3.us-west-2.amazonaws.com/DATA-DOCS/miu-hml/documentos/144249/99000144/miuDocumento_997203_2026REGLAMENTODELALEYDECONTRATACIONESDELESTADO.pdf,miu-documentos,DATA-DOCS/miu-hml/documentos/144249/99000144/miuDocumento_997203_2026REGLAMENTODELALEYDECONTRATACIONESDELESTADO.pdf,Y,200,
997427,https://miu-documentos.s3.us-west-2.amazonaws.com/DATA-DOCS/miu-hml/documentos/143699/30920008/miuDocumento_891172_Clase1bModelodelAgenteManoso_924112_959238.pptx,miu-documentos,DATA-DOCS/miu-hml/documentos/143699/30920008/miuDocumento_891172_Clase1bModelodelAgenteManoso_924112_959238.pptx,Y,200,
997428,https://miu-documentos.s3.us-west-2.amazonaws.com/DATA-DOCS/miu-hml/documentos/143699/30920008/miuDocumento_959239_CurriculumCM2024formatoacademico.pdf,miu-documentos,DATA-DOCS/miu-hml/documentos/143699/30920008/miuDocumento_959239_CurriculumCM2024formatoacademico.pdf,Y,200,
997429,https://miu-documentos.s3.us-west-2.amazonaws.com/DATA-DOCS/miu-hml/documentos/143699/30920008/miuDocumento_775902_LecturasCasos1_813676_852503_889433_924114_959237.zip,miu-documentos,DATA-DOCS/miu-hml/documentos/143699/30920008/miuDocumento_775902_LecturasCasos1_813676_852503_889433_924114_959237.zip,Y,200,
997430,https://miu-documentos.s3.us-west-2.amazonaws.com/DATA-DOCS/miu-hml/documentos/143699/30920008/miuDocumento_891174_Clase1cQueeselcorporategovernanceysuimportancia_924118_959242.pptx,miu-documentos,DATA-DOCS/miu-hml/documentos/143699/30920008/miuDocumento_891174_Clase1cQueeselcorporategovernanceysuimportancia_924118_959242.pptx,Y,200,
997431,https://miu-documentos.s3.us-west-2.amazonaws.com/DATA-DOCS/miu-hml/documentos/143699/30920008/miuDocumento_775903_LecturasCasos2_813678_852504_889439_924115_959241.zip,miu-documentos,DATA-DOCS/miu-hml/documentos/143699/30920008/miuDocumento_775903_LecturasCasos2_813678_852504_889439_924115_959241.zip,Y,200,
997432,https://miu-documentos.s3.us-west-2.amazonaws.com/DATA-DOCS/miu-hml/documentos/143699/30920008/miuDocumento_775900_GLOSARIODECASOSCOMPARTIDOSENFBactualizadoafebrero2019_813677_852506_889437_924116_959240.pdf,miu-documentos,DATA-DOCS/miu-hml/documentos/143699/30920008/miuDocumento_775900_GLOSARIODECASOSCOMPARTIDOSENFBactualizadoafebrero2019_813677_852506_889437_924116_959240.pdf,Y,200,
997433,https://miu-documentos.s3.us-west-2.amazonaws.com/DATA-DOCS/miu-hml/documentos/143699/30920008/miuDocumento_783528_LecturasCasos3_813681_852507_889443_924122_959243.zip,miu-documentos,DATA-DOCS/miu-hml/documentos/143699/30920008/miuDocumento_783528_LecturasCasos3_813681_852507_889443_924122_959243.zip,Y,200,
997434,https://miu-documentos.s3.us-west-2.amazonaws.com/DATA-DOCS/miu-hml/documentos/143699/30920008/miuDocumento_889435_Clase2aEmprendedoresyelpropositodesunegocio-OFICIAL_924119_959244.pptx,miu-documentos,DATA-DOCS/miu-hml/documentos/143699/30920008/miuDocumento_889435_Clase2aEmprendedoresyelpropositodesunegocio-OFICIAL_924119_959244.pptx,Y,200,
997435,https://miu-documentos.s3.us-west-2.amazonaws.com/DATA-DOCS/miu-hml/documentos/143699/30920008/miuDocumento_894871_2022-01-25-gobernanzacorporativa-co?digodecomercio_924120_959245.pptx,miu-documentos,DATA-DOCS/miu-hml/documentos/143699/30920008/miuDocumento_894871_2022-01-25-gobernanzacorporativa-co,N,404,
997436,https://miu-documentos.s3.us-west-2.amazonaws.com/DATA-DOCS/miu-hml/documentos/143699/30920008/miuDocumento_783527_Clase2bDefiniendolaporciondelemprendedorydelinversionista_813679_852505_889441_924124_959247.pptx,miu-documentos,DATA-DOCS/miu-hml/documentos/143699/30920008/miuDocumento_783527_Clase2bDefiniendolaporciondelemprendedorydelinversionista_813679_852505_889441_924124_959247.pptx,Y,200,
997437,https://miu-documentos.s3.us-west-2.amazonaws.com/DATA-DOCS/miu-hml/documentos/143699/30920008/miuDocumento_785971_Clase3LacunadecontroldeZuckerberg_813683_852510_889449_924123_959246.xlsx,miu-documentos,DATA-DOCS/miu-hml/documentos/143699/30920008/miuDocumento_785971_Clase3LacunadecontroldeZuckerberg_813683_852510_889449_924123_959246.xlsx,Y,200,
997438,https://miu-documentos.s3.us-west-2.amazonaws.com/DATA-DOCS/miu-hml/documentos/143699/30920008/miuDocumento_889454_Leadershipthatgetsresults_924127_959249.pdf,miu-documentos,DATA-DOCS/miu-hml/documentos/143699/30920008/miuDocumento_889454_Leadershipthatgetsresults_924127_959249.pdf,Y,200,
997439,https://miu-documentos.s3.us-west-2.amazonaws.com/DATA-DOCS/miu-hml/documentos/143699/30920008/miuDocumento_784930_Clase3aUnateoriaparaeltipodeaccionesyregladevotacion_813680_852508_889445_924126_959248.pptx,miu-documentos,DATA-DOCS/miu-hml/documentos/143699/30920008/miuDocumento_784930_Clase3aUnateoriaparaeltipodeaccionesyregladevotacion_813680_852508_889445_924126_959248.pptx,Y,200,
997440,https://miu-documentos.s3.us-west-2.amazonaws.com/DATA-DOCS/miu-hml/documentos/143699/30920008/miuDocumento_889453_LecturasCompensacion_924128_959250.zip,miu-documentos,DATA-DOCS/miu-hml/documentos/143699/30920008/miuDocumento_889453_LecturasCompensacion_924128_959250.zip,Y,200,
997441,https://miu-documentos.s3.us-west-2.amazonaws.com/DATA-DOCS/miu-hml/documentos/143699/30920008/miuDocumento_785970_Clase3bElcontenidodelaleyylagobernanzacorporativa2016_813682_852509_889447_924129_959251.pptx,miu-documentos,DATA-DOCS/miu-hml/documentos/143699/30920008/miuDocumento_785970_Clase3bElcontenidodelaleyylagobernanzacorporativa2016_813682_852509_889447_924129_959251.pptx,Y,200,
997442,https://miu-documentos.s3.us-west-2.amazonaws.com/DATA-DOCS/miu-hml/documentos/143699/30920008/miuDocumento_790004_Clase4Empresasfamiliares-FCE_813684_852511_889451_924130_959252.pptx,miu-documentos,DATA-DOCS/miu-hml/documentos/143699/30920008/miuDocumento_790004_Clase4Empresasfamiliares-FCE_813684_852511_889451_924130_959252.pptx,Y,200,
995380,https://miu-documentos.s3.us-west-2.amazonaws.com/DATA-DOCS/miu-hml/documentos/143981/12900745/miuDocumento_995379_01.ProgramacionEmilioen26.docx,miu-documentos,DATA-DOCS/miu-hml/documentos/143981/12900745/miuDocumento_995379_01.ProgramacionEmilioen26.docx,Y,200,
995381,https://miu-documentos.s3.us-west-2.amazonaws.com/DATA-DOCS/miu-hml/documentos/143981/12900745/miuDocumento_995381_02.ContratacionGerente.docx,miu-documentos,DATA-DOCS/miu-hml/documentos/143981/12900745/miuDocumento_995381_02.ContratacionGerente.docx,Y,200,
995382,https://miu-documentos.s3.us-west-2.amazonaws.com/DATA-DOCS/miu-hml/documentos/143981/12900745/miuDocumento_995381_02.ContratacionGerente.docx,miu-documentos,DATA-DOCS/miu-hml/documentos/143981/12900745/miuDocumento_995381_02.ContratacionGerente.docx,Y,200,
995386,https://miu-documentos.s3.us-west-2.amazonaws.com/DATA-DOCS/miu-hml/documentos/143023/20241404/miuDocumento_995386_4.InstruccionesReuniondeCierrePE2026.pdf,miu-documentos,DATA-DOCS/miu-hml/documentos/143023/20241404/miuDocumento_995386_4.InstruccionesReuniondeCierrePE2026.pdf,Y,200,
995406,https://miu-documentos.s3.us-west-2.amazonaws.com/DATA-DOCS/miu-hml/documentos/143597/20090970/miuDocumento_995406_BeyondGoodandEvilPreludetoaPhilosophyoftheFuture.pdf,miu-documentos,DATA-DOCS/miu-hml/documentos/143597/20090970/miuDocumento_995406_BeyondGoodandEvilPreludetoaPhilosophyoftheFuture.pdf,Y,200,
995614,"https://miu-documentos.s3.us-west-2.amazonaws.com/DATA-DOCS/miu-hml/documentos/143595/20040100/miuDocumento_995614_2.ElaboraciondeArboles,GeneticaClinica.pdf",miu-documentos,"DATA-DOCS/miu-hml/documentos/143595/20040100/miuDocumento_995614_2.ElaboraciondeArboles,GeneticaClinica.pdf",Y,200,
995615,"https://miu-documentos.s3.us-west-2.amazonaws.com/DATA-DOCS/miu-hml/documentos/143595/20040100/miuDocumento_995614_2.ElaboraciondeArboles,GeneticaClinica.pdf",miu-documentos,"DATA-DOCS/miu-hml/documentos/143595/20040100/miuDocumento_995614_2.ElaboraciondeArboles,GeneticaClinica.pdf",Y,200,
995616,"https://miu-documentos.s3.us-west-2.amazonaws.com/DATA-DOCS/miu-hml/documentos/143595/20040100/miuDocumento_995614_2.ElaboraciondeArboles,GeneticaClinica.pdf",miu-documentos,"DATA-DOCS/miu-hml/documentos/143595/20040100/miuDocumento_995614_2.ElaboraciondeArboles,GeneticaClinica.pdf",Y,200,
995617,"https://miu-documentos.s3.us-west-2.amazonaws.com/DATA-DOCS/miu-hml/documentos/143595/20040100/miuDocumento_995614_2.ElaboraciondeArboles,GeneticaClinica.pdf",miu-documentos,"DATA-DOCS/miu-hml/documentos/143595/20040100/miuDocumento_995614_2.ElaboraciondeArboles,GeneticaClinica.pdf",Y,200,
995618,"https://miu-documentos.s3.us-west-2.amazonaws.com/DATA-DOCS/miu-hml/documentos/143595/20040100/miuDocumento_995618_3.PatronesdeHerencia,GeneticaClinica.pdf",miu-documentos,"DATA-DOCS/miu-hml/documentos/143595/20040100/miuDocumento_995618_3.PatronesdeHerencia,GeneticaClinica.pdf",Y,200,
995619,"https://miu-documentos.s3.us-west-2.amazonaws.com/DATA-DOCS/miu-hml/documentos/143595/20040100/miuDocumento_995618_3.PatronesdeHerencia,GeneticaClinica.pdf",miu-documentos,"DATA-DOCS/miu-hml/documentos/143595/20040100/miuDocumento_995618_3.PatronesdeHerencia,GeneticaClinica.pdf",Y,200,
997541,https://miu-documentos.s3.us-west-2.amazonaws.com/DATA-DOCS/miu-hml/documentos/143979/20020131/miuDocumento_997541_FormatoCuadroGeneralTiposSocietarios.docx,miu-documentos,DATA-DOCS/miu-hml/documentos/143979/20020131/miuDocumento_997541_FormatoCuadroGeneralTiposSocietarios.docx,Y,200,
997542,https://miu-documentos.s3.us-west-2.amazonaws.com/DATA-DOCS/miu-hml/documentos/143980/20020131/miuDocumento_997541_FormatoCuadroGeneralTiposSocietarios.docx,miu-documentos,DATA-DOCS/miu-hml/documentos/143980/20020131/miuDocumento_997541_FormatoCuadroGeneralTiposSocietarios.docx,Y,200,
997546,https://miu-documentos.s3.us-west-2.amazonaws.com/DATA-DOCS/miu-hml/documentos/144723/21810012/miuDocumento_997546_CLO1Lecturaprincipal5ElacuerdoarbitralAlvaroCastellanos.pdf,miu-documentos,DATA-DOCS/miu-hml/documentos/144723/21810012/miuDocumento_997546_CLO1Lecturaprincipal5ElacuerdoarbitralAlvaroCastellanos.pdf,Y,200,
997549,https://miu-documentos.s3.us-west-2.amazonaws.com/DATA-DOCS/miu-hml/documentos/143460/22880028/miuDocumento_997549_Investments_10E_by_Bodie_Kane_Marcus2.pdf,miu-documentos,DATA-DOCS/miu-hml/documentos/143460/22880028/miuDocumento_997549_Investments_10E_by_Bodie_Kane_Marcus2.pdf,Y,200,
997554,https://miu-documentos.s3.us-west-2.amazonaws.com/DATA-DOCS/miu-hml/documentos/143460/22880028/miuDocumento_997554_2026_PresentacinFondos.pdf,miu-documentos,DATA-DOCS/miu-hml/documentos/143460/22880028/miuDocumento_997554_2026_PresentacinFondos.pdf,Y,200,
997569,https://miu-documentos.s3.us-west-2.amazonaws.com/DATA-DOCS/miu-hml/documentos/143379/30910351/miuDocumento_997569_Grandesideasenlaeconomia2025.pptx,miu-documentos,DATA-DOCS/miu-hml/documentos/143379/30910351/miuDocumento_997569_Grandesideasenlaeconomia2025.pptx,Y,200,
997574,https://miu-documentos.s3.us-west-2.amazonaws.com/DATA-DOCS/miu-hml/documentos/142925/20140469/miuDocumento_997574_2.Helfert-FinancialAnalysisToolsandTechniques.pdf,miu-documentos,DATA-DOCS/miu-hml/documentos/142925/20140469/miuDocumento_997574_2.Helfert-FinancialAnalysisToolsandTechniques.pdf,Y,200,
997575,https://miu-documentos.s3.us-west-2.amazonaws.com/DATA-DOCS/miu-hml/documentos/142925/20140469/miuDocumento_997575_3.Mary_Buffett_David_Clark_Warren_Buffett_and_the.pdf,miu-documentos,DATA-DOCS/miu-hml/documentos/142925/20140469/miuDocumento_997575_3.Mary_Buffett_David_Clark_Warren_Buffett_and_the.pdf,Y,200,
997577,https://miu-documentos.s3.us-west-2.amazonaws.com/DATA-DOCS/miu-hml/documentos/143636/20190609/miuDocumento_889807_Libro_AlexisdeTocqueville-lademocraciaenamericacompleto_959311.pdf,miu-documentos,DATA-DOCS/miu-hml/documentos/143636/20190609/miuDocumento_889807_Libro_AlexisdeTocqueville-lademocraciaenamericacompleto_959311.pdf,Y,200,
997578,https://miu-documentos.s3.us-west-2.amazonaws.com/DATA-DOCS/miu-hml/documentos/144642/20190609/miuDocumento_889807_Libro_AlexisdeTocqueville-lademocraciaenamericacompleto_959311.pdf,miu-documentos,DATA-DOCS/miu-hml/documentos/144642/20190609/miuDocumento_889807_Libro_AlexisdeTocqueville-lademocraciaenamericacompleto_959311.pdf,Y,200,
997579,https://miu-documentos.s3.us-west-2.amazonaws.com/DATA-DOCS/miu-hml/documentos/143636/20190609/miuDocumento_889335_miuDocumento_851710_Turnitin-ManualEstudiantes(1)_959312.pdf,miu-documentos,DATA-DOCS/miu-hml/documentos/143636/20190609/miuDocumento_889335_miuDocumento_851710_Turnitin-ManualEstudiantes(1)_959312.pdf,Y,200,
997580,https://miu-documentos.s3.us-west-2.amazonaws.com/DATA-DOCS/miu-hml/documentos/144642/20190609/miuDocumento_889335_miuDocumento_851710_Turnitin-ManualEstudiantes(1)_959312.pdf,miu-documentos,DATA-DOCS/miu-hml/documentos/144642/20190609/miuDocumento_889335_miuDocumento_851710_Turnitin-ManualEstudiantes(1)_959312.pdf,Y,200,
997581,https://miu-documentos.s3.us-west-2.amazonaws.com/DATA-DOCS/miu-hml/documentos/143636/20190609/miuDocumento_774455_Comoescribiruntrabajodefilosofia1_923313_959313.pdf,miu-documentos,DATA-DOCS/miu-hml/documentos/143636/20190609/miuDocumento_774455_Comoescribiruntrabajodefilosofia1_923313_959313.pdf,Y,200,
997582,https://miu-documentos.s3.us-west-2.amazonaws.com/DATA-DOCS/miu-hml/documentos/144642/20190609/miuDocumento_774455_Comoescribiruntrabajodefilosofia1_923313_959313.pdf,miu-documentos,DATA-DOCS/miu-hml/documentos/144642/20190609/miuDocumento_774455_Comoescribiruntrabajodefilosofia1_923313_959313.pdf,Y,200,
997601,https://miu-documentos.s3.us-west-2.amazonaws.com/DATA-DOCS/miu-hml/documentos/143286/20140469/miuDocumento_997601_AccountingMadeSimple-Accountingexplainedin100pagesorless.pdf,miu-documentos,DATA-DOCS/miu-hml/documentos/143286/20140469/miuDocumento_997601_AccountingMadeSimple-Accountingexplainedin100pagesorless.pdf,Y,200,
997605,https://miu-documentos.s3.us-west-2.amazonaws.com/DATA-DOCS/miu-hml/documentos/143259/20100914/miuDocumento_997605_ArchivosTarea01.zip,miu-documentos,DATA-DOCS/miu-hml/documentos/143259/20100914/miuDocumento_997605_ArchivosTarea01.zip,Y,200,
997606,https://miu-documentos.s3.us-west-2.amazonaws.com/DATA-DOCS/miu-hml/documentos/143260/20100914/miuDocumento_997605_ArchivosTarea01.zip,miu-documentos,DATA-DOCS/miu-hml/documentos/143260/20100914/miuDocumento_997605_ArchivosTarea01.zip,Y,200,
997607,https://miu-documentos.s3.us-west-2.amazonaws.com/DATA-DOCS/miu-hml/documentos/143809/20100914/miuDocumento_997605_ArchivosTarea01.zip,miu-documentos,DATA-DOCS/miu-hml/documentos/143809/20100914/miuDocumento_997605_ArchivosTarea01.zip,Y,200,
997611,https://miu-documentos.s3.us-west-2.amazonaws.com/DATA-DOCS/miu-hml/documentos/143259/20100914/miuDocumento_997611_ArchivosTarea03.zip,miu-documentos,DATA-DOCS/miu-hml/documentos/143259/20100914/miuDocumento_997611_ArchivosTarea03.zip,Y,200,
997612,https://miu-documentos.s3.us-west-2.amazonaws.com/DATA-DOCS/miu-hml/documentos/143260/20100914/miuDocumento_997611_ArchivosTarea03.zip,miu-documentos,DATA-DOCS/miu-hml/documentos/143260/20100914/miuDocumento_997611_ArchivosTarea03.zip,Y,200,
997613,https://miu-documentos.s3.us-west-2.amazonaws.com/DATA-DOCS/miu-hml/documentos/143809/20100914/miuDocumento_997611_ArchivosTarea03.zip,miu-documentos,DATA-DOCS/miu-hml/documentos/143809/20100914/miuDocumento_997611_ArchivosTarea03.zip,Y,200,
997620,https://miu-documentos.s3.us-west-2.amazonaws.com/DATA-DOCS/miu-hml/documentos/142892/20190609/miuDocumento_841824_Turnitin-ManualEstudiantes_890151_959322.pdf,miu-documentos,DATA-DOCS/miu-hml/documentos/142892/20190609/miuDocumento_841824_Turnitin-ManualEstudiantes_890151_959322.pdf,Y,200,
997621,https://miu-documentos.s3.us-west-2.amazonaws.com/DATA-DOCS/miu-hml/documentos/142893/20190609/miuDocumento_841824_Turnitin-ManualEstudiantes_890151_959322.pdf,miu-documentos,DATA-DOCS/miu-hml/documentos/142893/20190609/miuDocumento_841824_Turnitin-ManualEstudiantes_890151_959322.pdf,Y,200,
995397,https://miu-documentos.s3.us-west-2.amazonaws.com/DATA-DOCS/miu-hml/documentos/143253/20021249/miuDocumento_995397_01BonosAccionesyTecnicasdeValuacion2025.pdf,miu-documentos,DATA-DOCS/miu-hml/documentos/143253/20021249/miuDocumento_995397_01BonosAccionesyTecnicasdeValuacion2025.pdf,Y,200,
995606,https://miu-documentos.s3.us-west-2.amazonaws.com/DATA-DOCS/miu-hml/documentos/144646/20210445/miuDocumento_995606_AlchianKlein-OnaCorrectMeasureofInflation.pdf,miu-documentos,DATA-DOCS/miu-hml/documentos/144646/20210445/miuDocumento_995606_AlchianKlein-OnaCorrectMeasureofInflation.pdf,Y,200,
995887,https://miu-documentos.s3.us-west-2.amazonaws.com/DATA-DOCS/miu-hml/documentos/143583/20040100/miuDocumento_995887_VancouverReferenceGuide.pdf,miu-documentos,DATA-DOCS/miu-hml/documentos/143583/20040100/miuDocumento_995887_VancouverReferenceGuide.pdf,Y,200,
995888,https://miu-documentos.s3.us-west-2.amazonaws.com/DATA-DOCS/miu-hml/documentos/143583/20040100/miuDocumento_995887_VancouverReferenceGuide.pdf,miu-documentos,DATA-DOCS/miu-hml/documentos/143583/20040100/miuDocumento_995887_VancouverReferenceGuide.pdf,Y,200,
995889,https://miu-documentos.s3.us-west-2.amazonaws.com/DATA-DOCS/miu-hml/documentos/143583/20040100/miuDocumento_995887_VancouverReferenceGuide.pdf,miu-documentos,DATA-DOCS/miu-hml/documentos/143583/20040100/miuDocumento_995887_VancouverReferenceGuide.pdf,Y,200,
997443,https://miu-documentos.s3.us-west-2.amazonaws.com/DATA-DOCS/miu-hml/documentos/143699/30920008/miuDocumento_889455_GRETLcompensacion(1)_924131_959253.xlsx,miu-documentos,DATA-DOCS/miu-hml/documentos/143699/30920008/miuDocumento_889455_GRETLcompensacion(1)_924131_959253.xlsx,Y,200,
997444,https://miu-documentos.s3.us-west-2.amazonaws.com/DATA-DOCS/miu-hml/documentos/143699/30920008/miuDocumento_937561_Clase5JuntasDirectivas_959254.pptx,miu-documentos,DATA-DOCS/miu-hml/documentos/143699/30920008/miuDocumento_937561_Clase5JuntasDirectivas_959254.pptx,Y,200,
997445,https://miu-documentos.s3.us-west-2.amazonaws.com/DATA-DOCS/miu-hml/documentos/143699/30920008/miuDocumento_937563_Clase6ContratosdeCompensacion_959255.pptx,miu-documentos,DATA-DOCS/miu-hml/documentos/143699/30920008/miuDocumento_937563_Clase6ContratosdeCompensacion_959255.pptx,Y,200,
997520,https://miu-documentos.s3.us-west-2.amazonaws.com/DATA-DOCS/miu-hml/documentos/144008/C0016630/miuDocumento_997520_AcentuacionJennifer.pptx,miu-documentos,DATA-DOCS/miu-hml/documentos/144008/C0016630/miuDocumento_997520_AcentuacionJennifer.pptx,Y,200,
997521,https://miu-documentos.s3.us-west-2.amazonaws.com/DATA-DOCS/miu-hml/documentos/144009/C0016630/miuDocumento_997520_AcentuacionJennifer.pptx,miu-documentos,DATA-DOCS/miu-hml/documentos/144009/C0016630/miuDocumento_997520_AcentuacionJennifer.pptx,Y,200,
997534,https://miu-documentos.s3.us-west-2.amazonaws.com/DATA-DOCS/miu-hml/documentos/143979/20020131/miuDocumento_997534_Lectura4-EstudiodeDerechoSocietario.pdf,miu-documentos,DATA-DOCS/miu-hml/documentos/143979/20020131/miuDocumento_997534_Lectura4-EstudiodeDerechoSocietario.pdf,Y,200,
997535,https://miu-documentos.s3.us-west-2.amazonaws.com/DATA-DOCS/miu-hml/documentos/143980/20020131/miuDocumento_997534_Lectura4-EstudiodeDerechoSocietario.pdf,miu-documentos,DATA-DOCS/miu-hml/documentos/143980/20020131/miuDocumento_997534_Lectura4-EstudiodeDerechoSocietario.pdf,Y,200,
997562,https://miu-documentos.s3.us-west-2.amazonaws.com/DATA-DOCS/miu-hml/documentos/143375/20130088/miuDocumento_997562_Clase1.pdf,miu-documentos,DATA-DOCS/miu-hml/documentos/143375/20130088/miuDocumento_997562_Clase1.pdf,Y,200,
997557,https://miu-documentos.s3.us-west-2.amazonaws.com/DATA-DOCS/miu-hml/documentos/143460/22880028/miuDocumento_997557_2026_InversionesAlternativas_v01.pdf,miu-documentos,DATA-DOCS/miu-hml/documentos/143460/22880028/miuDocumento_997557_2026_InversionesAlternativas_v01.pdf,Y,200,
997558,https://miu-documentos.s3.us-west-2.amazonaws.com/DATA-DOCS/miu-hml/documentos/143460/22880028/miuDocumento_997558_2026_ProgramadelCurso_TeoriadeInversiones.pdf,miu-documentos,DATA-DOCS/miu-hml/documentos/143460/22880028/miuDocumento_997558_2026_ProgramadelCurso_TeoriadeInversiones.pdf,Y,200,
997563,https://miu-documentos.s3.us-west-2.amazonaws.com/DATA-DOCS/miu-hml/documentos/143376/20130088/miuDocumento_997562_Clase1.pdf,miu-documentos,DATA-DOCS/miu-hml/documentos/143376/20130088/miuDocumento_997562_Clase1.pdf,Y,200,
997590,https://miu-documentos.s3.us-west-2.amazonaws.com/DATA-DOCS/miu-hml/documentos/144062/20100579/miuDocumento_997590_ProgramaHC.pdf,miu-documentos,DATA-DOCS/miu-hml/documentos/144062/20100579/miuDocumento_997590_ProgramaHC.pdf,Y,200,
997641,https://miu-documentos.s3.us-west-2.amazonaws.com/DATA-DOCS/miu-hml/documentos/144697/20180351/miuDocumento_997641_FrankA.G.LatinAmericaundervelopmentorrevolution.pdf,miu-documentos,DATA-DOCS/miu-hml/documentos/144697/20180351/miuDocumento_997641_FrankA.G.LatinAmericaundervelopmentorrevolution.pdf,Y,200,
997642,https://miu-documentos.s3.us-west-2.amazonaws.com/DATA-DOCS/miu-hml/documentos/144697/20180351/miuDocumento_997642_From-Mobilization-to-Revolution-by-Charles-Tilly-1.pdf,miu-documentos,DATA-DOCS/miu-hml/documentos/144697/20180351/miuDocumento_997642_From-Mobilization-to-Revolution-by-Charles-Tilly-1.pdf,Y,200,
997648,https://miu-documentos.s3.us-west-2.amazonaws.com/DATA-DOCS/miu-hml/documentos/143711/20220110/miuDocumento_997648_Governingtheircommons-ElinorandVincentOstromandtheBloomingtonSchool.pdf,miu-documentos,DATA-DOCS/miu-hml/documentos/143711/20220110/miuDocumento_997648_Governingtheircommons-ElinorandVincentOstromandtheBloomingtonSchool.pdf,Y,200,
997649,https://miu-documentos.s3.us-west-2.amazonaws.com/DATA-DOCS/miu-hml/documentos/143711/20220110/miuDocumento_997649_PublicAdministrationPublicChoiceandtheOstroms-theachievementsthefailurethepromise.pdf,miu-documentos,DATA-DOCS/miu-hml/documentos/143711/20220110/miuDocumento_997649_PublicAdministrationPublicChoiceandtheOstroms-theachievementsthefailurethepromise.pdf,Y,200,
997671,https://miu-documentos.s3.us-west-2.amazonaws.com/DATA-DOCS/miu-hml/documentos/143697/20040078/miuDocumento_962612_miuDocumento_926402_miuDocumento_894956_RCQI_Resource_Guide.pdf,miu-documentos,DATA-DOCS/miu-hml/documentos/143697/20040078/miuDocumento_962612_miuDocumento_926402_miuDocumento_894956_RCQI_Resource_Guide.pdf,Y,200,
997672,https://miu-documentos.s3.us-west-2.amazonaws.com/DATA-DOCS/miu-hml/documentos/143861/20040078/miuDocumento_962612_miuDocumento_926402_miuDocumento_894956_RCQI_Resource_Guide.pdf,miu-documentos,DATA-DOCS/miu-hml/documentos/143861/20040078/miuDocumento_962612_miuDocumento_926402_miuDocumento_894956_RCQI_Resource_Guide.pdf,Y,200,
997673,https://miu-documentos.s3.us-west-2.amazonaws.com/DATA-DOCS/miu-hml/documentos/143856/20040078/miuDocumento_962612_miuDocumento_926402_miuDocumento_894956_RCQI_Resource_Guide.pdf,miu-documentos,DATA-DOCS/miu-hml/documentos/143856/20040078/miuDocumento_962612_miuDocumento_926402_miuDocumento_894956_RCQI_Resource_Guide.pdf,Y,200,
997674,https://miu-documentos.s3.us-west-2.amazonaws.com/DATA-DOCS/miu-hml/documentos/143701/20040078/miuDocumento_962612_miuDocumento_926402_miuDocumento_894956_RCQI_Resource_Guide.pdf,miu-documentos,DATA-DOCS/miu-hml/documentos/143701/20040078/miuDocumento_962612_miuDocumento_926402_miuDocumento_894956_RCQI_Resource_Guide.pdf,Y,200,
997675,https://miu-documentos.s3.us-west-2.amazonaws.com/DATA-DOCS/miu-hml/documentos/143700/20040078/miuDocumento_962612_miuDocumento_926402_miuDocumento_894956_RCQI_Resource_Guide.pdf,miu-documentos,DATA-DOCS/miu-hml/documentos/143700/20040078/miuDocumento_962612_miuDocumento_926402_miuDocumento_894956_RCQI_Resource_Guide.pdf,Y,200,
997691,https://miu-documentos.s3.us-west-2.amazonaws.com/DATA-DOCS/miu-hml/documentos/144612/20190609/miuDocumento_977443_Filosofosgriegos_984789.zip,miu-documentos,DATA-DOCS/miu-hml/documentos/144612/20190609/miuDocumento_977443_Filosofosgriegos_984789.zip,Y,200,
997692,https://miu-documentos.s3.us-west-2.amazonaws.com/DATA-DOCS/miu-hml/documentos/144612/20190609/miuDocumento_982219_FilosofosAntiguosyModernos-MorisPolanco.pdf,miu-documentos,DATA-DOCS/miu-hml/documentos/144612/20190609/miuDocumento_982219_FilosofosAntiguosyModernos-MorisPolanco.pdf,Y,200,
997693,https://miu-documentos.s3.us-west-2.amazonaws.com/DATA-DOCS/miu-hml/documentos/144612/20190609/miuDocumento_760677_MariasJulian-HistoriaDeLaFilosofia(3)_774448_976497_981784.PDF,miu-documentos,DATA-DOCS/miu-hml/documentos/144612/20190609/miuDocumento_760677_MariasJulian-HistoriaDeLaFilosofia(3)_774448_976497_981784.PDF,Y,200,
998013,https://miu-documentos.s3.us-west-2.amazonaws.com/DATA-DOCS/miu-hml/documentos/143736/20090036/miuDocumento_998013_PPICInstrucciones2026.docx,miu-documentos,DATA-DOCS/miu-hml/documentos/143736/20090036/miuDocumento_998013_PPICInstrucciones2026.docx,Y,200,
997622,https://miu-documentos.s3.us-west-2.amazonaws.com/DATA-DOCS/miu-hml/documentos/142892/20190609/miuDocumento_873145_Comonoscontrolanlasclasesdominantes(1)_890153_959324.pdf,miu-documentos,DATA-DOCS/miu-hml/documentos/142892/20190609/miuDocumento_873145_Comonoscontrolanlasclasesdominantes(1)_890153_959324.pdf,Y,200,
997623,https://miu-documentos.s3.us-west-2.amazonaws.com/DATA-DOCS/miu-hml/documentos/142893/20190609/miuDocumento_873145_Comonoscontrolanlasclasesdominantes(1)_890153_959324.pdf,miu-documentos,DATA-DOCS/miu-hml/documentos/142893/20190609/miuDocumento_873145_Comonoscontrolanlasclasesdominantes(1)_890153_959324.pdf,Y,200,
997700,https://miu-documentos.s3.us-west-2.amazonaws.com/DATA-DOCS/miu-hml/documentos/143512/20050531/miuDocumento_997700_Daniel_Cassany_La_cocina_de_la_escriturab-ok.org.pdf,miu-documentos,DATA-DOCS/miu-hml/documentos/143512/20050531/miuDocumento_997700_Daniel_Cassany_La_cocina_de_la_escriturab-ok.org.pdf,Y,200,
997738,https://miu-documentos.s3.us-west-2.amazonaws.com/DATA-DOCS/miu-hml/documentos/143324/20240700/miuDocumento_997738_IntegralesFormulario.pdf,miu-documentos,DATA-DOCS/miu-hml/documentos/143324/20240700/miuDocumento_997738_IntegralesFormulario.pdf,Y,200,
997739,https://miu-documentos.s3.us-west-2.amazonaws.com/DATA-DOCS/miu-hml/documentos/143323/20240700/miuDocumento_997738_IntegralesFormulario.pdf,miu-documentos,DATA-DOCS/miu-hml/documentos/143323/20240700/miuDocumento_997738_IntegralesFormulario.pdf,Y,200,
997798,https://miu-documentos.s3.us-west-2.amazonaws.com/DATA-DOCS/miu-hml/documentos/144605/20151049/miuDocumento_997798_Frieden.Capitalismoglobal..pdf,miu-documentos,DATA-DOCS/miu-hml/documentos/144605/20151049/miuDocumento_997798_Frieden.Capitalismoglobal..pdf,Y,200,
997801,https://miu-documentos.s3.us-west-2.amazonaws.com/DATA-DOCS/miu-hml/documentos/144605/20151049/miuDocumento_997801_Nakamoto.pdf,miu-documentos,DATA-DOCS/miu-hml/documentos/144605/20151049/miuDocumento_997801_Nakamoto.pdf,Y,200,
997803,https://miu-documentos.s3.us-west-2.amazonaws.com/DATA-DOCS/miu-hml/documentos/144605/20151049/miuDocumento_997803_Satia.EmpireofGuns.pdf,miu-documentos,DATA-DOCS/miu-hml/documentos/144605/20151049/miuDocumento_997803_Satia.EmpireofGuns.pdf,Y,200,
997813,https://miu-documentos.s3.us-west-2.amazonaws.com/DATA-DOCS/miu-hml/documentos/143318/20220206/miuDocumento_997813_ElProcesoEconmico-ExposicindeMotivoseIntro.pdf,miu-documentos,DATA-DOCS/miu-hml/documentos/143318/20220206/miuDocumento_997813_ElProcesoEconmico-ExposicindeMotivoseIntro.pdf,Y,200,
997819,https://miu-documentos.s3.us-west-2.amazonaws.com/DATA-DOCS/miu-hml/documentos/144782/12890465/miuDocumento_997819_1.TheEndofIRTheoryDunne-Hanson-Wight.pdf,miu-documentos,DATA-DOCS/miu-hml/documentos/144782/12890465/miuDocumento_997819_1.TheEndofIRTheoryDunne-Hanson-Wight.pdf,Y,200,
997821,https://miu-documentos.s3.us-west-2.amazonaws.com/DATA-DOCS/miu-hml/documentos/144782/12890465/miuDocumento_997821_TheEndofDemocraticPeaceTheoryStephenM.Walt.docx,miu-documentos,DATA-DOCS/miu-hml/documentos/144782/12890465/miuDocumento_997821_TheEndofDemocraticPeaceTheoryStephenM.Walt.docx,Y,200,
997832,https://miu-documentos.s3.us-west-2.amazonaws.com/DATA-DOCS/miu-hml/documentos/144262/22950328/miuDocumento_997832_LECTURA1-IntroductiontoStrategyHarvard.pdf,miu-documentos,DATA-DOCS/miu-hml/documentos/144262/22950328/miuDocumento_997832_LECTURA1-IntroductiontoStrategyHarvard.pdf,Y,200,
997896,https://miu-documentos.s3.us-west-2.amazonaws.com/DATA-DOCS/miu-hml/documentos/142830/98000341/miuDocumento_961612_Jeffrey_Okeson_Management_of_Temporomand8ed.pdf,miu-documentos,DATA-DOCS/miu-hml/documentos/142830/98000341/miuDocumento_961612_Jeffrey_Okeson_Management_of_Temporomand8ed.pdf,Y,200,
997897,https://miu-documentos.s3.us-west-2.amazonaws.com/DATA-DOCS/miu-hml/documentos/142830/98000341/miuDocumento_961613_TOMO1DAWSON.pdf,miu-documentos,DATA-DOCS/miu-hml/documentos/142830/98000341/miuDocumento_961613_TOMO1DAWSON.pdf,Y,200,
997898,https://miu-documentos.s3.us-west-2.amazonaws.com/DATA-DOCS/miu-hml/documentos/142830/98000341/miuDocumento_961614_TOMO2DAWSON.pdf,miu-documentos,DATA-DOCS/miu-hml/documentos/142830/98000341/miuDocumento_961614_TOMO2DAWSON.pdf,Y,200,
997899,https://miu-documentos.s3.us-west-2.amazonaws.com/DATA-DOCS/miu-hml/documentos/142830/98000341/miuDocumento_961618_OclusionMcNeill.pdf,miu-documentos,DATA-DOCS/miu-hml/documentos/142830/98000341/miuDocumento_961618_OclusionMcNeill.pdf,Y,200,
997900,https://miu-documentos.s3.us-west-2.amazonaws.com/DATA-DOCS/miu-hml/documentos/142830/98000341/miuDocumento_957910_Fundamentalsoffixedprosthodontics.pdf,miu-documentos,DATA-DOCS/miu-hml/documentos/142830/98000341/miuDocumento_957910_Fundamentalsoffixedprosthodontics.pdf,Y,200,
997915,https://miu-documentos.s3.us-west-2.amazonaws.com/DATA-DOCS/miu-hml/documentos/143873/20170280/miuDocumento_997915_Tarea4-Fundamentos.pdf,miu-documentos,DATA-DOCS/miu-hml/documentos/143873/20170280/miuDocumento_997915_Tarea4-Fundamentos.pdf,Y,200,
997916,https://miu-documentos.s3.us-west-2.amazonaws.com/DATA-DOCS/miu-hml/documentos/143874/20170280/miuDocumento_997915_Tarea4-Fundamentos.pdf,miu-documentos,DATA-DOCS/miu-hml/documentos/143874/20170280/miuDocumento_997915_Tarea4-Fundamentos.pdf,Y,200,
997917,https://miu-documentos.s3.us-west-2.amazonaws.com/DATA-DOCS/miu-hml/documentos/143875/20170280/miuDocumento_997915_Tarea4-Fundamentos.pdf,miu-documentos,DATA-DOCS/miu-hml/documentos/143875/20170280/miuDocumento_997915_Tarea4-Fundamentos.pdf,Y,200,
997924,https://miu-documentos.s3.us-west-2.amazonaws.com/DATA-DOCS/miu-hml/documentos/143873/20170280/miuDocumento_997924_Tarea9-Funcionesexponencialesylogaritmicas.pdf,miu-documentos,DATA-DOCS/miu-hml/documentos/143873/20170280/miuDocumento_997924_Tarea9-Funcionesexponencialesylogaritmicas.pdf,Y,200,
997925,https://miu-documentos.s3.us-west-2.amazonaws.com/DATA-DOCS/miu-hml/documentos/143874/20170280/miuDocumento_997924_Tarea9-Funcionesexponencialesylogaritmicas.pdf,miu-documentos,DATA-DOCS/miu-hml/documentos/143874/20170280/miuDocumento_997924_Tarea9-Funcionesexponencialesylogaritmicas.pdf,Y,200,
997926,https://miu-documentos.s3.us-west-2.amazonaws.com/DATA-DOCS/miu-hml/documentos/143875/20170280/miuDocumento_997924_Tarea9-Funcionesexponencialesylogaritmicas.pdf,miu-documentos,DATA-DOCS/miu-hml/documentos/143875/20170280/miuDocumento_997924_Tarea9-Funcionesexponencialesylogaritmicas.pdf,Y,200,
997948,https://miu-documentos.s3.us-west-2.amazonaws.com/DATA-DOCS/miu-hml/documentos/143257/20060096/miuDocumento_997948_01ReglasEvaluacionesFinanciera2026.pdf,miu-documentos,DATA-DOCS/miu-hml/documentos/143257/20060096/miuDocumento_997948_01ReglasEvaluacionesFinanciera2026.pdf,Y,200,
997949,https://miu-documentos.s3.us-west-2.amazonaws.com/DATA-DOCS/miu-hml/documentos/143762/20190190/miuDocumento_997949_mental-status-examination.pdf,miu-documentos,DATA-DOCS/miu-hml/documentos/143762/20190190/miuDocumento_997949_mental-status-examination.pdf,Y,200,
995890,https://miu-documentos.s3.us-west-2.amazonaws.com/DATA-DOCS/miu-hml/documentos/143583/20040100/miuDocumento_995887_VancouverReferenceGuide.pdf,miu-documentos,DATA-DOCS/miu-hml/documentos/143583/20040100/miuDocumento_995887_VancouverReferenceGuide.pdf,Y,200,
995891,https://miu-documentos.s3.us-west-2.amazonaws.com/DATA-DOCS/miu-hml/documentos/143583/20040100/miuDocumento_995887_VancouverReferenceGuide.pdf,miu-documentos,DATA-DOCS/miu-hml/documentos/143583/20040100/miuDocumento_995887_VancouverReferenceGuide.pdf,Y,200,
995999,https://miu-documentos.s3.us-west-2.amazonaws.com/DATA-DOCS/miu-hml/documentos/144827/20230676/miuDocumento_995999_prompter.jpg,miu-documentos,DATA-DOCS/miu-hml/documentos/144827/20230676/miuDocumento_995999_prompter.jpg,Y,200,
996160,https://miu-documentos.s3.us-west-2.amazonaws.com/DATA-DOCS/miu-hml/documentos/144844/20110699/miuDocumento_996160_Class12_BerkshirePartners-20251218T033803Z-3-001.zip,miu-documentos,DATA-DOCS/miu-hml/documentos/144844/20110699/miuDocumento_996160_Class12_BerkshirePartners-20251218T033803Z-3-001.zip,Y,200,
996088,https://miu-documentos.s3.us-west-2.amazonaws.com/DATA-DOCS/miu-hml/documentos/143587/20021275/miuDocumento_996088_1CronogramabarbaraBarbaraeneromarzo2026.xlsx,miu-documentos,DATA-DOCS/miu-hml/documentos/143587/20021275/miuDocumento_996088_1CronogramabarbaraBarbaraeneromarzo2026.xlsx,Y,200,
996090,https://miu-documentos.s3.us-west-2.amazonaws.com/DATA-DOCS/miu-hml/documentos/143589/20021275/miuDocumento_996088_1CronogramabarbaraBarbaraeneromarzo2026.xlsx,miu-documentos,DATA-DOCS/miu-hml/documentos/143589/20021275/miuDocumento_996088_1CronogramabarbaraBarbaraeneromarzo2026.xlsx,Y,200,
996091,https://miu-documentos.s3.us-west-2.amazonaws.com/DATA-DOCS/miu-hml/documentos/143588/20021275/miuDocumento_996088_1CronogramabarbaraBarbaraeneromarzo2026.xlsx,miu-documentos,DATA-DOCS/miu-hml/documentos/143588/20021275/miuDocumento_996088_1CronogramabarbaraBarbaraeneromarzo2026.xlsx,Y,200,
996092,https://miu-documentos.s3.us-west-2.amazonaws.com/DATA-DOCS/miu-hml/documentos/143590/20021275/miuDocumento_996088_1CronogramabarbaraBarbaraeneromarzo2026.xlsx,miu-documentos,DATA-DOCS/miu-hml/documentos/143590/20021275/miuDocumento_996088_1CronogramabarbaraBarbaraeneromarzo2026.xlsx,Y,200,
995955,https://miu-documentos.s3.us-west-2.amazonaws.com/DATA-DOCS/miu-hml/documentos/143583/20040100/miuDocumento_995952_8.Epigenetics.pdf,miu-documentos,DATA-DOCS/miu-hml/documentos/143583/20040100/miuDocumento_995952_8.Epigenetics.pdf,Y,200,
995733,https://miu-documentos.s3.us-west-2.amazonaws.com/DATA-DOCS/miu-hml/documentos/143595/20040100/miuDocumento_995727_T3.SindromesNeurocutaneos.pptx,miu-documentos,DATA-DOCS/miu-hml/documentos/143595/20040100/miuDocumento_995727_T3.SindromesNeurocutaneos.pptx,Y,200,
995621,"https://miu-documentos.s3.us-west-2.amazonaws.com/DATA-DOCS/miu-hml/documentos/143595/20040100/miuDocumento_995618_3.PatronesdeHerencia,GeneticaClinica.pdf",miu-documentos,"DATA-DOCS/miu-hml/documentos/143595/20040100/miuDocumento_995618_3.PatronesdeHerencia,GeneticaClinica.pdf",Y,200,
995963,https://miu-documentos.s3.us-west-2.amazonaws.com/DATA-DOCS/miu-hml/documentos/143583/20040100/miuDocumento_995962_9.Next-GenerationProteomics.pdf,miu-documentos,DATA-DOCS/miu-hml/documentos/143583/20040100/miuDocumento_995962_9.Next-GenerationProteomics.pdf,Y,200,
996150,https://miu-documentos.s3.us-west-2.amazonaws.com/DATA-DOCS/miu-hml/documentos/144844/20110699/miuDocumento_996150_Class2_TheInvestmentDetective-InvestmentAlternatives-20251218T033902Z-3-001.zip,miu-documentos,DATA-DOCS/miu-hml/documentos/144844/20110699/miuDocumento_996150_Class2_TheInvestmentDetective-InvestmentAlternatives-20251218T033902Z-3-001.zip,Y,200,
996161,https://miu-documentos.s3.us-west-2.amazonaws.com/DATA-DOCS/miu-hml/documentos/144844/20110699/miuDocumento_996161_Class13_TiffanyandCompany-20251218T033829Z-3-001.zip,miu-documentos,DATA-DOCS/miu-hml/documentos/144844/20110699/miuDocumento_996161_Class13_TiffanyandCompany-20251218T033829Z-3-001.zip,Y,200,
996247,https://miu-documentos.s3.us-west-2.amazonaws.com/DATA-DOCS/miu-hml/documentos/143557/20100147/miuDocumento_996247_BITACORAPR.EXTERNADO.pdf,miu-documentos,DATA-DOCS/miu-hml/documentos/143557/20100147/miuDocumento_996247_BITACORAPR.EXTERNADO.pdf,Y,200,
996248,https://miu-documentos.s3.us-west-2.amazonaws.com/DATA-DOCS/miu-hml/documentos/143828/20100147/miuDocumento_996247_BITACORAPR.EXTERNADO.pdf,miu-documentos,DATA-DOCS/miu-hml/documentos/143828/20100147/miuDocumento_996247_BITACORAPR.EXTERNADO.pdf,Y,200,
996249,https://miu-documentos.s3.us-west-2.amazonaws.com/DATA-DOCS/miu-hml/documentos/143830/20100147/miuDocumento_996247_BITACORAPR.EXTERNADO.pdf,miu-documentos,DATA-DOCS/miu-hml/documentos/143830/20100147/miuDocumento_996247_BITACORAPR.EXTERNADO.pdf,Y,200,
996250,https://miu-documentos.s3.us-west-2.amazonaws.com/DATA-DOCS/miu-hml/documentos/143559/20100147/miuDocumento_996247_BITACORAPR.EXTERNADO.pdf,miu-documentos,DATA-DOCS/miu-hml/documentos/143559/20100147/miuDocumento_996247_BITACORAPR.EXTERNADO.pdf,Y,200,
996251,https://miu-documentos.s3.us-west-2.amazonaws.com/DATA-DOCS/miu-hml/documentos/143558/20100147/miuDocumento_996247_BITACORAPR.EXTERNADO.pdf,miu-documentos,DATA-DOCS/miu-hml/documentos/143558/20100147/miuDocumento_996247_BITACORAPR.EXTERNADO.pdf,Y,200,
996252,https://miu-documentos.s3.us-west-2.amazonaws.com/DATA-DOCS/miu-hml/documentos/143560/20100147/miuDocumento_996247_BITACORAPR.EXTERNADO.pdf,miu-documentos,DATA-DOCS/miu-hml/documentos/143560/20100147/miuDocumento_996247_BITACORAPR.EXTERNADO.pdf,Y,200,
996293,https://miu-documentos.s3.us-west-2.amazonaws.com/DATA-DOCS/miu-hml/documentos/143709/20150601/miuDocumento_996293_vclt-s.pdf,miu-documentos,DATA-DOCS/miu-hml/documentos/143709/20150601/miuDocumento_996293_vclt-s.pdf,Y,200,
996294,https://miu-documentos.s3.us-west-2.amazonaws.com/DATA-DOCS/miu-hml/documentos/143709/20150601/miuDocumento_996294_AFC_sp.pdf,miu-documentos,DATA-DOCS/miu-hml/documentos/143709/20150601/miuDocumento_996294_AFC_sp.pdf,Y,200,
996302,https://miu-documentos.s3.us-west-2.amazonaws.com/DATA-DOCS/miu-hml/documentos/143709/20150601/miuDocumento_996302_pf_ata_conv_text1.pdf,miu-documentos,DATA-DOCS/miu-hml/documentos/143709/20150601/miuDocumento_996302_pf_ata_conv_text1.pdf,Y,200,
997694,https://miu-documentos.s3.us-west-2.amazonaws.com/DATA-DOCS/miu-hml/documentos/144612/20190609/miuDocumento_851710_Turnitin-ManualEstudiantes(1)_940287_943797_976491_981788.pdf,miu-documentos,DATA-DOCS/miu-hml/documentos/144612/20190609/miuDocumento_851710_Turnitin-ManualEstudiantes(1)_940287_943797_976491_981788.pdf,Y,200,
997695,https://miu-documentos.s3.us-west-2.amazonaws.com/DATA-DOCS/miu-hml/documentos/144612/20190609/miuDocumento_842343_FilosfiaHelenistica_951418_977923_986008.zip,miu-documentos,DATA-DOCS/miu-hml/documentos/144612/20190609/miuDocumento_842343_FilosfiaHelenistica_951418_977923_986008.zip,Y,200,
997696,https://miu-documentos.s3.us-west-2.amazonaws.com/DATA-DOCS/miu-hml/documentos/144612/20190609/miuDocumento_988615_EdadMedia.zip,miu-documentos,DATA-DOCS/miu-hml/documentos/144612/20190609/miuDocumento_988615_EdadMedia.zip,Y,200,
997697,https://miu-documentos.s3.us-west-2.amazonaws.com/DATA-DOCS/miu-hml/documentos/144612/20190609/miuDocumento_920456_FilosofosModernos_942072_955538_979144_993101.zip,miu-documentos,DATA-DOCS/miu-hml/documentos/144612/20190609/miuDocumento_920456_FilosofosModernos_942072_955538_979144_993101.zip,Y,200,
997749,https://miu-documentos.s3.us-west-2.amazonaws.com/DATA-DOCS/miu-hml/documentos/144092/12870542/miuDocumento_997749_250105-temario-etica-de-la-libertad.docx,miu-documentos,DATA-DOCS/miu-hml/documentos/144092/12870542/miuDocumento_997749_250105-temario-etica-de-la-libertad.docx,Y,200,
997830,https://miu-documentos.s3.us-west-2.amazonaws.com/DATA-DOCS/miu-hml/documentos/144125/12870542/miuDocumento_997830_250105bienvenidosH7.docx,miu-documentos,DATA-DOCS/miu-hml/documentos/144125/12870542/miuDocumento_997830_250105bienvenidosH7.docx,Y,200,
997858,https://miu-documentos.s3.us-west-2.amazonaws.com/DATA-DOCS/miu-hml/documentos/143464/97000034/miuDocumento_997858_Studynotes-Definitions.docx,miu-documentos,DATA-DOCS/miu-hml/documentos/143464/97000034/miuDocumento_997858_Studynotes-Definitions.docx,Y,200,
997890,https://miu-documentos.s3.us-west-2.amazonaws.com/DATA-DOCS/miu-hml/documentos/143254/99000086/miuDocumento_997890_02CostodeCapital2025.pdf,miu-documentos,DATA-DOCS/miu-hml/documentos/143254/99000086/miuDocumento_997890_02CostodeCapital2025.pdf,Y,200,
997891,https://miu-documentos.s3.us-west-2.amazonaws.com/DATA-DOCS/miu-hml/documentos/143255/99000086/miuDocumento_997890_02CostodeCapital2025.pdf,miu-documentos,DATA-DOCS/miu-hml/documentos/143255/99000086/miuDocumento_997890_02CostodeCapital2025.pdf,Y,200,
998014,https://miu-documentos.s3.us-west-2.amazonaws.com/DATA-DOCS/miu-hml/documentos/143738/20090036/miuDocumento_998013_PPICInstrucciones2026.docx,miu-documentos,DATA-DOCS/miu-hml/documentos/143738/20090036/miuDocumento_998013_PPICInstrucciones2026.docx,Y,200,
998015,https://miu-documentos.s3.us-west-2.amazonaws.com/DATA-DOCS/miu-hml/documentos/143737/20090036/miuDocumento_998013_PPICInstrucciones2026.docx,miu-documentos,DATA-DOCS/miu-hml/documentos/143737/20090036/miuDocumento_998013_PPICInstrucciones2026.docx,Y,200,
998121,https://miu-documentos.s3.us-west-2.amazonaws.com/DATA-DOCS/miu-hml/documentos/144233/97000389/miuDocumento_998121_LoscontratospreparatoriosPromesaCO.pdf,miu-documentos,DATA-DOCS/miu-hml/documentos/144233/97000389/miuDocumento_998121_LoscontratospreparatoriosPromesaCO.pdf,Y,200,
998088,https://miu-documentos.s3.us-west-2.amazonaws.com/DATA-DOCS/miu-hml/documentos/143358/20200419/miuDocumento_998088_ProgramaIO1B-2026.pdf,miu-documentos,DATA-DOCS/miu-hml/documentos/143358/20200419/miuDocumento_998088_ProgramaIO1B-2026.pdf,Y,200,
998124,https://miu-documentos.s3.us-west-2.amazonaws.com/DATA-DOCS/miu-hml/documentos/144059/20010492/miuDocumento_998124_RushworthM.Kidder_capitulo1.pdf,miu-documentos,DATA-DOCS/miu-hml/documentos/144059/20010492/miuDocumento_998124_RushworthM.Kidder_capitulo1.pdf,Y,200,
998127,https://miu-documentos.s3.us-west-2.amazonaws.com/DATA-DOCS/miu-hml/documentos/144064/20010492/miuDocumento_998127_1.Los_Fundamentos_de_la_Libertad_Friedrich.pdf,miu-documentos,DATA-DOCS/miu-hml/documentos/144064/20010492/miuDocumento_998127_1.Los_Fundamentos_de_la_Libertad_Friedrich.pdf,Y,200,
998138,https://miu-documentos.s3.us-west-2.amazonaws.com/DATA-DOCS/miu-hml/documentos/143321/20220093/miuDocumento_998138_ProcesoEconomico.pdf,miu-documentos,DATA-DOCS/miu-hml/documentos/143321/20220093/miuDocumento_998138_ProcesoEconomico.pdf,Y,200,
998139,https://miu-documentos.s3.us-west-2.amazonaws.com/DATA-DOCS/miu-hml/documentos/143377/20220093/miuDocumento_998138_ProcesoEconomico.pdf,miu-documentos,DATA-DOCS/miu-hml/documentos/143377/20220093/miuDocumento_998138_ProcesoEconomico.pdf,Y,200,
998169,https://miu-documentos.s3.us-west-2.amazonaws.com/DATA-DOCS/miu-hml/documentos/143518/20150065/miuDocumento_998169_CronogramaResearchLab.xlsx,miu-documentos,DATA-DOCS/miu-hml/documentos/143518/20150065/miuDocumento_998169_CronogramaResearchLab.xlsx,Y,200,
998220,https://miu-documentos.s3.us-west-2.amazonaws.com/DATA-DOCS/miu-hml/documentos/144057/98000885/miuDocumento_998220_Profesinuniversitaria_20260106_170538_0000.pdf,miu-documentos,DATA-DOCS/miu-hml/documentos/144057/98000885/miuDocumento_998220_Profesinuniversitaria_20260106_170538_0000.pdf,Y,200,
998234,https://miu-documentos.s3.us-west-2.amazonaws.com/DATA-DOCS/miu-hml/documentos/142776/20070918/miuDocumento_998234_E-ticaparaAmadortildes1.pdf,miu-documentos,DATA-DOCS/miu-hml/documentos/142776/20070918/miuDocumento_998234_E-ticaparaAmadortildes1.pdf,Y,200,
998235,https://miu-documentos.s3.us-west-2.amazonaws.com/DATA-DOCS/miu-hml/documentos/142785/20070918/miuDocumento_998234_E-ticaparaAmadortildes1.pdf,miu-documentos,DATA-DOCS/miu-hml/documentos/142785/20070918/miuDocumento_998234_E-ticaparaAmadortildes1.pdf,Y,200,
998245,https://miu-documentos.s3.us-west-2.amazonaws.com/DATA-DOCS/miu-hml/documentos/144010/21890144/miuDocumento_998245_FormatoKarlPopper.pdf,miu-documentos,DATA-DOCS/miu-hml/documentos/144010/21890144/miuDocumento_998245_FormatoKarlPopper.pdf,Y,200,
998246,https://miu-documentos.s3.us-west-2.amazonaws.com/DATA-DOCS/miu-hml/documentos/144011/21890144/miuDocumento_998245_FormatoKarlPopper.pdf,miu-documentos,DATA-DOCS/miu-hml/documentos/144011/21890144/miuDocumento_998245_FormatoKarlPopper.pdf,Y,200,
996340,https://miu-documentos.s3.us-west-2.amazonaws.com/DATA-DOCS/miu-hml/documentos/143453/20030090/miuDocumento_712722_ArticuloComopronosticar_774520_926471.pdf,miu-documentos,DATA-DOCS/miu-hml/documentos/143453/20030090/miuDocumento_712722_ArticuloComopronosticar_774520_926471.pdf,Y,200,
996341,https://miu-documentos.s3.us-west-2.amazonaws.com/DATA-DOCS/miu-hml/documentos/143453/20030090/miuDocumento_712727_Los7pasosdelS&OP_774525_926476.pdf,miu-documentos,DATA-DOCS/miu-hml/documentos/143453/20030090/miuDocumento_712727_Los7pasosdelS&OP_774525_926476.pdf,Y,200,
996342,https://miu-documentos.s3.us-west-2.amazonaws.com/DATA-DOCS/miu-hml/documentos/143453/20030090/miuDocumento_712728_RecomendacionesS&OPKPMG_774522_926475.pdf,miu-documentos,DATA-DOCS/miu-hml/documentos/143453/20030090/miuDocumento_712728_RecomendacionesS&OPKPMG_774522_926475.pdf,Y,200,
996343,https://miu-documentos.s3.us-west-2.amazonaws.com/DATA-DOCS/miu-hml/documentos/143453/20030090/miuDocumento_712723_A1_Comoacercarsealarealidad_774521_926477.pdf,miu-documentos,DATA-DOCS/miu-hml/documentos/143453/20030090/miuDocumento_712723_A1_Comoacercarsealarealidad_774521_926477.pdf,Y,200,
996344,https://miu-documentos.s3.us-west-2.amazonaws.com/DATA-DOCS/miu-hml/documentos/143453/20030090/miuDocumento_787103_Doc2(BarillaCase-Harvard)_926480.pdf,miu-documentos,DATA-DOCS/miu-hml/documentos/143453/20030090/miuDocumento_787103_Doc2(BarillaCase-Harvard)_926480.pdf,Y,200,
996388,https://miu-documentos.s3.us-west-2.amazonaws.com/DATA-DOCS/miu-hml/documentos/143741/20141005/miuDocumento_961575_Citar_referenciar_(Vancouver).pdf,miu-documentos,DATA-DOCS/miu-hml/documentos/143741/20141005/miuDocumento_961575_Citar_referenciar_(Vancouver).pdf,Y,200,
996392,https://miu-documentos.s3.us-west-2.amazonaws.com/DATA-DOCS/miu-hml/documentos/144708/20180351/miuDocumento_996392_2.WendtAnarchyiswhatstatesmakeofit1992.pdf,miu-documentos,DATA-DOCS/miu-hml/documentos/144708/20180351/miuDocumento_996392_2.WendtAnarchyiswhatstatesmakeofit1992.pdf,Y,200,
996402,https://miu-documentos.s3.us-west-2.amazonaws.com/DATA-DOCS/miu-hml/documentos/144708/20180351/miuDocumento_996402_11.HeinrichsR.2025.WhatTrumpsNationalSecurityStrategyGetsRight.pdf,miu-documentos,DATA-DOCS/miu-hml/documentos/144708/20180351/miuDocumento_996402_11.HeinrichsR.2025.WhatTrumpsNationalSecurityStrategyGetsRight.pdf,Y,200,
996401,https://miu-documentos.s3.us-west-2.amazonaws.com/DATA-DOCS/miu-hml/documentos/144708/20180351/miuDocumento_996401_10.2025-National-Security-Strategy1.pdf,miu-documentos,DATA-DOCS/miu-hml/documentos/144708/20180351/miuDocumento_996401_10.2025-National-Security-Strategy1.pdf,Y,200,
996403,https://miu-documentos.s3.us-west-2.amazonaws.com/DATA-DOCS/miu-hml/documentos/144708/20180351/miuDocumento_996403_12.FedorL.2025.TheshockinglysmallcircleshapingDonaldTrumpsdiplomaticefforts..pdf,miu-documentos,DATA-DOCS/miu-hml/documentos/144708/20180351/miuDocumento_996403_12.FedorL.2025.TheshockinglysmallcircleshapingDonaldTrumpsdiplomaticefforts..pdf,Y,200,
996405,https://miu-documentos.s3.us-west-2.amazonaws.com/DATA-DOCS/miu-hml/documentos/144708/20180351/miuDocumento_996405_14.DanielW.DreznerTheUnitedStatesofSanctions.pdf,miu-documentos,DATA-DOCS/miu-hml/documentos/144708/20180351/miuDocumento_996405_14.DanielW.DreznerTheUnitedStatesofSanctions.pdf,Y,200,
996407,https://miu-documentos.s3.us-west-2.amazonaws.com/DATA-DOCS/miu-hml/documentos/144708/20180351/miuDocumento_996407_16.BrooksIkenberryWohlforthDontComeHomeAmerica.pdf,miu-documentos,DATA-DOCS/miu-hml/documentos/144708/20180351/miuDocumento_996407_16.BrooksIkenberryWohlforthDontComeHomeAmerica.pdf,Y,200,
996413,https://miu-documentos.s3.us-west-2.amazonaws.com/DATA-DOCS/miu-hml/documentos/144708/20180351/miuDocumento_996413_22.RynholdJ2025TheSecondTrumpAdministrationForeignPolicytheMiddleEastandIsrael.pdf,miu-documentos,DATA-DOCS/miu-hml/documentos/144708/20180351/miuDocumento_996413_22.RynholdJ2025TheSecondTrumpAdministrationForeignPolicytheMiddleEastandIsrael.pdf,Y,200,
996416,https://miu-documentos.s3.us-west-2.amazonaws.com/DATA-DOCS/miu-hml/documentos/144708/20180351/miuDocumento_996416_25.SnyderG.H.1997.AlliancePolitics..pdf,miu-documentos,DATA-DOCS/miu-hml/documentos/144708/20180351/miuDocumento_996416_25.SnyderG.H.1997.AlliancePolitics..pdf,Y,200,
996420,https://miu-documentos.s3.us-west-2.amazonaws.com/DATA-DOCS/miu-hml/documentos/144708/20180351/miuDocumento_996420_29.HenryKissinger-OnChina.pdf,miu-documentos,DATA-DOCS/miu-hml/documentos/144708/20180351/miuDocumento_996420_29.HenryKissinger-OnChina.pdf,Y,200,
996428,https://miu-documentos.s3.us-west-2.amazonaws.com/DATA-DOCS/miu-hml/documentos/144708/20180351/miuDocumento_996428_37.StottM.TheDonroeDoctrineTrumpspowerplayinLatinAmerica.pdf,miu-documentos,DATA-DOCS/miu-hml/documentos/144708/20180351/miuDocumento_996428_37.StottM.TheDonroeDoctrineTrumpspowerplayinLatinAmerica.pdf,Y,200,
996430,https://miu-documentos.s3.us-west-2.amazonaws.com/DATA-DOCS/miu-hml/documentos/144708/20180351/miuDocumento_996430_39.MeadW.R.2025.IntroducingtheTrumpCorollary.pdf,miu-documentos,DATA-DOCS/miu-hml/documentos/144708/20180351/miuDocumento_996430_39.MeadW.R.2025.IntroducingtheTrumpCorollary.pdf,Y,200,
996734,https://miu-documentos.s3.us-west-2.amazonaws.com/DATA-DOCS/miu-hml/documentos/144845/20110699/miuDocumento_996734_Class2_Trilogy-20251228T063925Z-3-001.zip,miu-documentos,DATA-DOCS/miu-hml/documentos/144845/20110699/miuDocumento_996734_Class2_Trilogy-20251228T063925Z-3-001.zip,Y,200,
996737,https://miu-documentos.s3.us-west-2.amazonaws.com/DATA-DOCS/miu-hml/documentos/144845/20110699/miuDocumento_996737_Class5_CernerCorporation-20251228T063935Z-3-001.zip,miu-documentos,DATA-DOCS/miu-hml/documentos/144845/20110699/miuDocumento_996737_Class5_CernerCorporation-20251228T063935Z-3-001.zip,Y,200,
996738,https://miu-documentos.s3.us-west-2.amazonaws.com/DATA-DOCS/miu-hml/documentos/144845/20110699/miuDocumento_996738_Class6_GregoryGunsandAmmo-20251228T063939Z-3-001.zip,miu-documentos,DATA-DOCS/miu-hml/documentos/144845/20110699/miuDocumento_996738_Class6_GregoryGunsandAmmo-20251228T063939Z-3-001.zip,Y,200,
996743,https://miu-documentos.s3.us-west-2.amazonaws.com/DATA-DOCS/miu-hml/documentos/144845/20110699/miuDocumento_996743_Class11_WetherillAssociates-20251228T064003Z-3-001.zip,miu-documentos,DATA-DOCS/miu-hml/documentos/144845/20110699/miuDocumento_996743_Class11_WetherillAssociates-20251228T064003Z-3-001.zip,Y,200,
996748,https://miu-documentos.s3.us-west-2.amazonaws.com/DATA-DOCS/miu-hml/documentos/144845/20110699/miuDocumento_996748_Class16_NetAppStanford-20251228T064113Z-3-001.zip,miu-documentos,DATA-DOCS/miu-hml/documentos/144845/20110699/miuDocumento_996748_Class16_NetAppStanford-20251228T064113Z-3-001.zip,Y,200,
995423,"https://miu-documentos.s3.us-west-2.amazonaws.com/DATA-DOCS/miu-hml/documentos/143784/20191108/miuDocumento_995423_CronogramadeactividadesQuimicaInorganica,2026-01(1).pdf",miu-documentos,"DATA-DOCS/miu-hml/documentos/143784/20191108/miuDocumento_995423_CronogramadeactividadesQuimicaInorganica,2026-01(1).pdf",Y,200,
995424,"https://miu-documentos.s3.us-west-2.amazonaws.com/DATA-DOCS/miu-hml/documentos/143784/20191108/miuDocumento_995423_CronogramadeactividadesQuimicaInorganica,2026-01(1).pdf",miu-documentos,"DATA-DOCS/miu-hml/documentos/143784/20191108/miuDocumento_995423_CronogramadeactividadesQuimicaInorganica,2026-01(1).pdf",Y,200,
995478,https://miu-documentos.s3.us-west-2.amazonaws.com/DATA-DOCS/miu-hml/documentos/136208/20090970/miuDocumento_944206_Teoriadelajusticia-Rawls_958659_980233_995478.pdf,miu-documentos,DATA-DOCS/miu-hml/documentos/136208/20090970/miuDocumento_944206_Teoriadelajusticia-Rawls_958659_980233_995478.pdf,Y,200,
995479,https://miu-documentos.s3.us-west-2.amazonaws.com/DATA-DOCS/miu-hml/documentos/136208/20090970/miuDocumento_944206_Teoriadelajusticia-Rawls_958659_980233_995479.pdf,miu-documentos,DATA-DOCS/miu-hml/documentos/136208/20090970/miuDocumento_944206_Teoriadelajusticia-Rawls_958659_980233_995479.pdf,Y,200,
995482,https://miu-documentos.s3.us-west-2.amazonaws.com/DATA-DOCS/miu-hml/documentos/136208/20090970/miuDocumento_944207_ATheoryofJustice-Rawls_958661_980234_995482.pdf,miu-documentos,DATA-DOCS/miu-hml/documentos/136208/20090970/miuDocumento_944207_ATheoryofJustice-Rawls_958661_980234_995482.pdf,Y,200,
995483,https://miu-documentos.s3.us-west-2.amazonaws.com/DATA-DOCS/miu-hml/documentos/136208/20090970/miuDocumento_944207_ATheoryofJustice-Rawls_958661_980234_995483.pdf,miu-documentos,DATA-DOCS/miu-hml/documentos/136208/20090970/miuDocumento_944207_ATheoryofJustice-Rawls_958661_980234_995483.pdf,Y,200,
995522,https://miu-documentos.s3.us-west-2.amazonaws.com/DATA-DOCS/miu-hml/documentos/136208/20090970/miuDocumento_944229_GenderTrouble-Butler_958681_980244_995522.pdf,miu-documentos,DATA-DOCS/miu-hml/documentos/136208/20090970/miuDocumento_944229_GenderTrouble-Butler_958681_980244_995522.pdf,Y,200,
995626,https://miu-documentos.s3.us-west-2.amazonaws.com/DATA-DOCS/miu-hml/documentos/143595/20040100/miuDocumento_995626_5.CasosClinicos-Cromosomopatias.pdf,miu-documentos,DATA-DOCS/miu-hml/documentos/143595/20040100/miuDocumento_995626_5.CasosClinicos-Cromosomopatias.pdf,Y,200,
995627,https://miu-documentos.s3.us-west-2.amazonaws.com/DATA-DOCS/miu-hml/documentos/143595/20040100/miuDocumento_995626_5.CasosClinicos-Cromosomopatias.pdf,miu-documentos,DATA-DOCS/miu-hml/documentos/143595/20040100/miuDocumento_995626_5.CasosClinicos-Cromosomopatias.pdf,Y,200,
995752,https://miu-documentos.s3.us-west-2.amazonaws.com/DATA-DOCS/miu-hml/documentos/143595/20040100/miuDocumento_995748_T6.Tamizajes.pptx,miu-documentos,DATA-DOCS/miu-hml/documentos/143595/20040100/miuDocumento_995748_T6.Tamizajes.pptx,Y,200,
995628,https://miu-documentos.s3.us-west-2.amazonaws.com/DATA-DOCS/miu-hml/documentos/143595/20040100/miuDocumento_995626_5.CasosClinicos-Cromosomopatias.pdf,miu-documentos,DATA-DOCS/miu-hml/documentos/143595/20040100/miuDocumento_995626_5.CasosClinicos-Cromosomopatias.pdf,Y,200,
995774,https://miu-documentos.s3.us-west-2.amazonaws.com/DATA-DOCS/miu-hml/documentos/143595/20040100/miuDocumento_995769_H3.PatronesdeHerencia.pptx,miu-documentos,DATA-DOCS/miu-hml/documentos/143595/20040100/miuDocumento_995769_H3.PatronesdeHerencia.pptx,Y,200,
995725,https://miu-documentos.s3.us-west-2.amazonaws.com/DATA-DOCS/miu-hml/documentos/143595/20040100/miuDocumento_995720_T2.AnomaliasMayores.pptx,miu-documentos,DATA-DOCS/miu-hml/documentos/143595/20040100/miuDocumento_995720_T2.AnomaliasMayores.pptx,Y,200,
995775,https://miu-documentos.s3.us-west-2.amazonaws.com/DATA-DOCS/miu-hml/documentos/143595/20040100/miuDocumento_995769_H3.PatronesdeHerencia.pptx,miu-documentos,DATA-DOCS/miu-hml/documentos/143595/20040100/miuDocumento_995769_H3.PatronesdeHerencia.pptx,Y,200,
996027,https://miu-documentos.s3.us-west-2.amazonaws.com/DATA-DOCS/miu-hml/documentos/143667/20021275/miuDocumento_959966_si-desarrollo1_961213.pdf,miu-documentos,DATA-DOCS/miu-hml/documentos/143667/20021275/miuDocumento_959966_si-desarrollo1_961213.pdf,Y,200,
996028,https://miu-documentos.s3.us-west-2.amazonaws.com/DATA-DOCS/miu-hml/documentos/143668/20021275/miuDocumento_959966_si-desarrollo1_961213.pdf,miu-documentos,DATA-DOCS/miu-hml/documentos/143668/20021275/miuDocumento_959966_si-desarrollo1_961213.pdf,Y,200,
996008,https://miu-documentos.s3.us-west-2.amazonaws.com/DATA-DOCS/miu-hml/documentos/143669/20021275/miuDocumento_959964_LINEAMIENTOSGENERALESPARAINTERNOSUNOPv10_961228.05,miu-documentos,DATA-DOCS/miu-hml/documentos/143669/20021275/miuDocumento_959964_LINEAMIENTOSGENERALESPARAINTERNOSUNOPv10_961228.05,Y,200,
996022,https://miu-documentos.s3.us-west-2.amazonaws.com/DATA-DOCS/miu-hml/documentos/143669/20021275/miuDocumento_959965_EVALUACIONINICIALCONFERERENCIA2016_961242.pptx,miu-documentos,DATA-DOCS/miu-hml/documentos/143669/20021275/miuDocumento_959965_EVALUACIONINICIALCONFERERENCIA2016_961242.pptx,Y,200,
996016,https://miu-documentos.s3.us-west-2.amazonaws.com/DATA-DOCS/miu-hml/documentos/143670/20021275/miuDocumento_959968_REGISTRO_CLINICO_PEDIATRICO_961220.doc,miu-documentos,DATA-DOCS/miu-hml/documentos/143670/20021275/miuDocumento_959968_REGISTRO_CLINICO_PEDIATRICO_961220.doc,Y,200,
996012,https://miu-documentos.s3.us-west-2.amazonaws.com/DATA-DOCS/miu-hml/documentos/143671/20021275/miuDocumento_959968_REGISTRO_CLINICO_PEDIATRICO_961220.doc,miu-documentos,DATA-DOCS/miu-hml/documentos/143671/20021275/miuDocumento_959968_REGISTRO_CLINICO_PEDIATRICO_961220.doc,Y,200,
996047,https://miu-documentos.s3.us-west-2.amazonaws.com/DATA-DOCS/miu-hml/documentos/143671/20021275/miuDocumento_986364_REQUISITOSPARAROTARENUNIDADCUIDADOSINTENSIVOSUNOP.docx,miu-documentos,DATA-DOCS/miu-hml/documentos/143671/20021275/miuDocumento_986364_REQUISITOSPARAROTARENUNIDADCUIDADOSINTENSIVOSUNOP.docx,Y,200,
995558,https://miu-documentos.s3.us-west-2.amazonaws.com/DATA-DOCS/miu-hml/documentos/138170/20090970/miuDocumento_958707_TeoriaDelConocimiento-SanchezMeca_995558.pdf,miu-documentos,DATA-DOCS/miu-hml/documentos/138170/20090970/miuDocumento_958707_TeoriaDelConocimiento-SanchezMeca_995558.pdf,Y,200,
996018,https://miu-documentos.s3.us-west-2.amazonaws.com/DATA-DOCS/miu-hml/documentos/143868/20021275/miuDocumento_959965_EVALUACIONINICIALCONFERERENCIA2016_961242.pptx,miu-documentos,DATA-DOCS/miu-hml/documentos/143868/20021275/miuDocumento_959965_EVALUACIONINICIALCONFERERENCIA2016_961242.pptx,Y,200,
996162,https://miu-documentos.s3.us-west-2.amazonaws.com/DATA-DOCS/miu-hml/documentos/144844/20110699/miuDocumento_996162_Class14_Dressen-20251218T033806Z-3-001.zip,miu-documentos,DATA-DOCS/miu-hml/documentos/144844/20110699/miuDocumento_996162_Class14_Dressen-20251218T033806Z-3-001.zip,Y,200,
996164,https://miu-documentos.s3.us-west-2.amazonaws.com/DATA-DOCS/miu-hml/documentos/144844/20110699/miuDocumento_996164_Class16_BostonChickenInc-20251218T033831Z-3-001.zip,miu-documentos,DATA-DOCS/miu-hml/documentos/144844/20110699/miuDocumento_996164_Class16_BostonChickenInc-20251218T033831Z-3-001.zip,Y,200,
996165,https://miu-documentos.s3.us-west-2.amazonaws.com/DATA-DOCS/miu-hml/documentos/144844/20110699/miuDocumento_996165_Class17_FINALEXAMDyantronicsInc-20251218T033832Z-3-001.zip,miu-documentos,DATA-DOCS/miu-hml/documentos/144844/20110699/miuDocumento_996165_Class17_FINALEXAMDyantronicsInc-20251218T033832Z-3-001.zip,Y,200,
996750,https://miu-documentos.s3.us-west-2.amazonaws.com/DATA-DOCS/miu-hml/documentos/144845/20110699/miuDocumento_996750_Class18_HabitforHumanityInternational-20251228T064150Z-3-001.zip,miu-documentos,DATA-DOCS/miu-hml/documentos/144845/20110699/miuDocumento_996750_Class18_HabitforHumanityInternational-20251228T064150Z-3-001.zip,Y,200,
996773,https://miu-documentos.s3.us-west-2.amazonaws.com/DATA-DOCS/miu-hml/documentos/143828/20100147/miuDocumento_996772_EV.SEMANALTURNOSEXT.pdf,miu-documentos,DATA-DOCS/miu-hml/documentos/143828/20100147/miuDocumento_996772_EV.SEMANALTURNOSEXT.pdf,Y,200,
996774,https://miu-documentos.s3.us-west-2.amazonaws.com/DATA-DOCS/miu-hml/documentos/143560/20100147/miuDocumento_996772_EV.SEMANALTURNOSEXT.pdf,miu-documentos,DATA-DOCS/miu-hml/documentos/143560/20100147/miuDocumento_996772_EV.SEMANALTURNOSEXT.pdf,Y,200,
996775,https://miu-documentos.s3.us-west-2.amazonaws.com/DATA-DOCS/miu-hml/documentos/143559/20100147/miuDocumento_996772_EV.SEMANALTURNOSEXT.pdf,miu-documentos,DATA-DOCS/miu-hml/documentos/143559/20100147/miuDocumento_996772_EV.SEMANALTURNOSEXT.pdf,Y,200,
996776,https://miu-documentos.s3.us-west-2.amazonaws.com/DATA-DOCS/miu-hml/documentos/143558/20100147/miuDocumento_996772_EV.SEMANALTURNOSEXT.pdf,miu-documentos,DATA-DOCS/miu-hml/documentos/143558/20100147/miuDocumento_996772_EV.SEMANALTURNOSEXT.pdf,Y,200,
996777,https://miu-documentos.s3.us-west-2.amazonaws.com/DATA-DOCS/miu-hml/documentos/143557/20100147/miuDocumento_996772_EV.SEMANALTURNOSEXT.pdf,miu-documentos,DATA-DOCS/miu-hml/documentos/143557/20100147/miuDocumento_996772_EV.SEMANALTURNOSEXT.pdf,Y,200,
996778,https://miu-documentos.s3.us-west-2.amazonaws.com/DATA-DOCS/miu-hml/documentos/143830/20100147/miuDocumento_996778_EV.SEMANALSERVICIOSEXT.pdf,miu-documentos,DATA-DOCS/miu-hml/documentos/143830/20100147/miuDocumento_996778_EV.SEMANALSERVICIOSEXT.pdf,Y,200,
996779,https://miu-documentos.s3.us-west-2.amazonaws.com/DATA-DOCS/miu-hml/documentos/143828/20100147/miuDocumento_996778_EV.SEMANALSERVICIOSEXT.pdf,miu-documentos,DATA-DOCS/miu-hml/documentos/143828/20100147/miuDocumento_996778_EV.SEMANALSERVICIOSEXT.pdf,Y,200,
996780,https://miu-documentos.s3.us-west-2.amazonaws.com/DATA-DOCS/miu-hml/documentos/143560/20100147/miuDocumento_996778_EV.SEMANALSERVICIOSEXT.pdf,miu-documentos,DATA-DOCS/miu-hml/documentos/143560/20100147/miuDocumento_996778_EV.SEMANALSERVICIOSEXT.pdf,Y,200,
996781,https://miu-documentos.s3.us-west-2.amazonaws.com/DATA-DOCS/miu-hml/documentos/143559/20100147/miuDocumento_996778_EV.SEMANALSERVICIOSEXT.pdf,miu-documentos,DATA-DOCS/miu-hml/documentos/143559/20100147/miuDocumento_996778_EV.SEMANALSERVICIOSEXT.pdf,Y,200,
996782,https://miu-documentos.s3.us-west-2.amazonaws.com/DATA-DOCS/miu-hml/documentos/143558/20100147/miuDocumento_996778_EV.SEMANALSERVICIOSEXT.pdf,miu-documentos,DATA-DOCS/miu-hml/documentos/143558/20100147/miuDocumento_996778_EV.SEMANALSERVICIOSEXT.pdf,Y,200,
996783,https://miu-documentos.s3.us-west-2.amazonaws.com/DATA-DOCS/miu-hml/documentos/143557/20100147/miuDocumento_996778_EV.SEMANALSERVICIOSEXT.pdf,miu-documentos,DATA-DOCS/miu-hml/documentos/143557/20100147/miuDocumento_996778_EV.SEMANALSERVICIOSEXT.pdf,Y,200,
996935,https://miu-documentos.s3.us-west-2.amazonaws.com/DATA-DOCS/miu-hml/documentos/143722/23820040/miuDocumento_996934_li_pidos.9aed.2018.JeffHardinGregoryBertoni-Becker_sWorldoftheCell-Pearson2018.pdf,miu-documentos,DATA-DOCS/miu-hml/documentos/143722/23820040/miuDocumento_996934_li_pidos.9aed.2018.JeffHardinGregoryBertoni-Becker_sWorldoftheCell-Pearson2018.pdf,Y,200,
996936,https://miu-documentos.s3.us-west-2.amazonaws.com/DATA-DOCS/miu-hml/documentos/143721/23820040/miuDocumento_996934_li_pidos.9aed.2018.JeffHardinGregoryBertoni-Becker_sWorldoftheCell-Pearson2018.pdf,miu-documentos,DATA-DOCS/miu-hml/documentos/143721/23820040/miuDocumento_996934_li_pidos.9aed.2018.JeffHardinGregoryBertoni-Becker_sWorldoftheCell-Pearson2018.pdf,Y,200,
996960,https://miu-documentos.s3.us-west-2.amazonaws.com/DATA-DOCS/miu-hml/documentos/143721/23820040/miuDocumento_996960_leer5RESUMENElProyectodelGenomaHumano.docx,miu-documentos,DATA-DOCS/miu-hml/documentos/143721/23820040/miuDocumento_996960_leer5RESUMENElProyectodelGenomaHumano.docx,Y,200,
996961,https://miu-documentos.s3.us-west-2.amazonaws.com/DATA-DOCS/miu-hml/documentos/143722/23820040/miuDocumento_996960_leer5RESUMENElProyectodelGenomaHumano.docx,miu-documentos,DATA-DOCS/miu-hml/documentos/143722/23820040/miuDocumento_996960_leer5RESUMENElProyectodelGenomaHumano.docx,Y,200,
997018,https://miu-documentos.s3.us-west-2.amazonaws.com/DATA-DOCS/miu-hml/documentos/143720/23820040/miuDocumento_997018_duplica.AD.JeffHardinGregoryBertoni-Becker_sWorldoftheCell-Pearson2018.pdf,miu-documentos,DATA-DOCS/miu-hml/documentos/143720/23820040/miuDocumento_997018_duplica.AD.JeffHardinGregoryBertoni-Becker_sWorldoftheCell-Pearson2018.pdf,Y,200,
997019,https://miu-documentos.s3.us-west-2.amazonaws.com/DATA-DOCS/miu-hml/documentos/143722/23820040/miuDocumento_997018_duplica.AD.JeffHardinGregoryBertoni-Becker_sWorldoftheCell-Pearson2018.pdf,miu-documentos,DATA-DOCS/miu-hml/documentos/143722/23820040/miuDocumento_997018_duplica.AD.JeffHardinGregoryBertoni-Becker_sWorldoftheCell-Pearson2018.pdf,Y,200,
997020,https://miu-documentos.s3.us-west-2.amazonaws.com/DATA-DOCS/miu-hml/documentos/143721/23820040/miuDocumento_997018_duplica.AD.JeffHardinGregoryBertoni-Becker_sWorldoftheCell-Pearson2018.pdf,miu-documentos,DATA-DOCS/miu-hml/documentos/143721/23820040/miuDocumento_997018_duplica.AD.JeffHardinGregoryBertoni-Becker_sWorldoftheCell-Pearson2018.pdf,Y,200,
996455,"https://miu-documentos.s3.us-west-2.amazonaws.com/DATA-DOCS/miu-hml/documentos/143720/23820040/miuDocumento_960403_chapterone.EssentialCellBiology,FourthEdition-Alberts,Bray,Hopkin.pdf",miu-documentos,"DATA-DOCS/miu-hml/documentos/143720/23820040/miuDocumento_960403_chapterone.EssentialCellBiology,FourthEdition-Alberts,Bray,Hopkin.pdf",Y,200,
997093,https://miu-documentos.s3.us-west-2.amazonaws.com/DATA-DOCS/miu-hml/documentos/143720/23820040/miuDocumento_997093_Senalizacioncelular.ESTA.JeffHardinGregoryBertoni-BeckersWorldoftheCell-Pearson2018.pdf,miu-documentos,DATA-DOCS/miu-hml/documentos/143720/23820040/miuDocumento_997093_Senalizacioncelular.ESTA.JeffHardinGregoryBertoni-BeckersWorldoftheCell-Pearson2018.pdf,Y,200,
997094,https://miu-documentos.s3.us-west-2.amazonaws.com/DATA-DOCS/miu-hml/documentos/143722/23820040/miuDocumento_997093_Senalizacioncelular.ESTA.JeffHardinGregoryBertoni-BeckersWorldoftheCell-Pearson2018.pdf,miu-documentos,DATA-DOCS/miu-hml/documentos/143722/23820040/miuDocumento_997093_Senalizacioncelular.ESTA.JeffHardinGregoryBertoni-BeckersWorldoftheCell-Pearson2018.pdf,Y,200,
995484,https://miu-documentos.s3.us-west-2.amazonaws.com/DATA-DOCS/miu-hml/documentos/136208/20090970/miuDocumento_944207_ATheoryofJustice-Rawls_958661_980234_995484.pdf,miu-documentos,DATA-DOCS/miu-hml/documentos/136208/20090970/miuDocumento_944207_ATheoryofJustice-Rawls_958661_980234_995484.pdf,Y,200,
995530,https://miu-documentos.s3.us-west-2.amazonaws.com/DATA-DOCS/miu-hml/documentos/132865/20090970/miuDocumento_922988_RazonamientoCritico-Polanco_958688_995530.pdf,miu-documentos,DATA-DOCS/miu-hml/documentos/132865/20090970/miuDocumento_922988_RazonamientoCritico-Polanco_958688_995530.pdf,Y,200,
995492,https://miu-documentos.s3.us-west-2.amazonaws.com/DATA-DOCS/miu-hml/documentos/136208/20090970/miuDocumento_944212_TheHumanCondition-Arendt_958665_980236_995492.pdf,miu-documentos,DATA-DOCS/miu-hml/documentos/136208/20090970/miuDocumento_944212_TheHumanCondition-Arendt_958665_980236_995492.pdf,Y,200,
995494,https://miu-documentos.s3.us-west-2.amazonaws.com/DATA-DOCS/miu-hml/documentos/136208/20090970/miuDocumento_944215_DisciplineandPunish-Foucault_958667_980237_995494.pdf,miu-documentos,DATA-DOCS/miu-hml/documentos/136208/20090970/miuDocumento_944215_DisciplineandPunish-Foucault_958667_980237_995494.pdf,Y,200,
995532,https://miu-documentos.s3.us-west-2.amazonaws.com/DATA-DOCS/miu-hml/documentos/132865/20090970/miuDocumento_922990_CriticalThinkingSkills-StellaCottrell_958690_995532.pdf,miu-documentos,DATA-DOCS/miu-hml/documentos/132865/20090970/miuDocumento_922990_CriticalThinkingSkills-StellaCottrell_958690_995532.pdf,Y,200,
995499,https://miu-documentos.s3.us-west-2.amazonaws.com/DATA-DOCS/miu-hml/documentos/136208/20090970/miuDocumento_944218_Â¿QueeslaIlustracion?-Foucault_958669_980238_995499.pdf,miu-documentos,DATA-DOCS/miu-hml/documentos/136208/20090970/miuDocumento_944218_Â¿QueeslaIlustracion,N,404,
995534,https://miu-documentos.s3.us-west-2.amazonaws.com/DATA-DOCS/miu-hml/documentos/132865/20090970/miuDocumento_923150_ElGeniodeOccidente_958692_995534.pdf,miu-documentos,DATA-DOCS/miu-hml/documentos/132865/20090970/miuDocumento_923150_ElGeniodeOccidente_958692_995534.pdf,Y,200,
995502,https://miu-documentos.s3.us-west-2.amazonaws.com/DATA-DOCS/miu-hml/documentos/136208/20090970/miuDocumento_944219_TheOpenSocietyandItsEnemies-Popper_958671_980239_995502.pdf,miu-documentos,DATA-DOCS/miu-hml/documentos/136208/20090970/miuDocumento_944219_TheOpenSocietyandItsEnemies-Popper_958671_980239_995502.pdf,Y,200,
995504,https://miu-documentos.s3.us-west-2.amazonaws.com/DATA-DOCS/miu-hml/documentos/136208/20090970/miuDocumento_944219_TheOpenSocietyandItsEnemies-Popper_958671_980239_995504.pdf,miu-documentos,DATA-DOCS/miu-hml/documentos/136208/20090970/miuDocumento_944219_TheOpenSocietyandItsEnemies-Popper_958671_980239_995504.pdf,Y,200,
995536,https://miu-documentos.s3.us-west-2.amazonaws.com/DATA-DOCS/miu-hml/documentos/118286/20090970/miuDocumento_813154_Notes_on_Dialogue_958686_995536.pdf,miu-documentos,DATA-DOCS/miu-hml/documentos/118286/20090970/miuDocumento_813154_Notes_on_Dialogue_958686_995536.pdf,Y,200,
995508,https://miu-documentos.s3.us-west-2.amazonaws.com/DATA-DOCS/miu-hml/documentos/136208/20090970/miuDocumento_944220_TheOpenSocietyandItsEnemies-Popper_958673_980240_995508.pdf,miu-documentos,DATA-DOCS/miu-hml/documentos/136208/20090970/miuDocumento_944220_TheOpenSocietyandItsEnemies-Popper_958673_980240_995508.pdf,Y,200,
995512,https://miu-documentos.s3.us-west-2.amazonaws.com/DATA-DOCS/miu-hml/documentos/136208/20090970/miuDocumento_944221_StructuralAnthropology-Levi-Strauss_958675_980241_995512.pdf,miu-documentos,DATA-DOCS/miu-hml/documentos/136208/20090970/miuDocumento_944221_StructuralAnthropology-Levi-Strauss_958675_980241_995512.pdf,Y,200,
995514,https://miu-documentos.s3.us-west-2.amazonaws.com/DATA-DOCS/miu-hml/documentos/136208/20090970/miuDocumento_944225_TheTheoryofCommunicativeAction-Habermas_958677_980242_995514.pdf,miu-documentos,DATA-DOCS/miu-hml/documentos/136208/20090970/miuDocumento_944225_TheTheoryofCommunicativeAction-Habermas_958677_980242_995514.pdf,Y,200,
995516,https://miu-documentos.s3.us-west-2.amazonaws.com/DATA-DOCS/miu-hml/documentos/136208/20090970/miuDocumento_944225_TheTheoryofCommunicativeAction-Habermas_958677_980242_995516.pdf,miu-documentos,DATA-DOCS/miu-hml/documentos/136208/20090970/miuDocumento_944225_TheTheoryofCommunicativeAction-Habermas_958677_980242_995516.pdf,Y,200,
996174,https://miu-documentos.s3.us-west-2.amazonaws.com/DATA-DOCS/miu-hml/documentos/143697/20070803/miuDocumento_996174_ROLDETURNOESPECIALISTAS.docx,miu-documentos,DATA-DOCS/miu-hml/documentos/143697/20070803/miuDocumento_996174_ROLDETURNOESPECIALISTAS.docx,Y,200,
996175,https://miu-documentos.s3.us-west-2.amazonaws.com/DATA-DOCS/miu-hml/documentos/143861/20070803/miuDocumento_996174_ROLDETURNOESPECIALISTAS.docx,miu-documentos,DATA-DOCS/miu-hml/documentos/143861/20070803/miuDocumento_996174_ROLDETURNOESPECIALISTAS.docx,Y,200,
996176,https://miu-documentos.s3.us-west-2.amazonaws.com/DATA-DOCS/miu-hml/documentos/143697/20070803/miuDocumento_996176_Codigorojo2019.pdf,miu-documentos,DATA-DOCS/miu-hml/documentos/143697/20070803/miuDocumento_996176_Codigorojo2019.pdf,Y,200,
996177,https://miu-documentos.s3.us-west-2.amazonaws.com/DATA-DOCS/miu-hml/documentos/143861/20070803/miuDocumento_996176_Codigorojo2019.pdf,miu-documentos,DATA-DOCS/miu-hml/documentos/143861/20070803/miuDocumento_996176_Codigorojo2019.pdf,Y,200,
996184,https://miu-documentos.s3.us-west-2.amazonaws.com/DATA-DOCS/miu-hml/documentos/143697/20070803/miuDocumento_996184_MinutodeOro.DraDiez.mp4,miu-documentos,DATA-DOCS/miu-hml/documentos/143697/20070803/miuDocumento_996184_MinutodeOro.DraDiez.mp4,Y,200,
996185,https://miu-documentos.s3.us-west-2.amazonaws.com/DATA-DOCS/miu-hml/documentos/143861/20070803/miuDocumento_996184_MinutodeOro.DraDiez.mp4,miu-documentos,DATA-DOCS/miu-hml/documentos/143861/20070803/miuDocumento_996184_MinutodeOro.DraDiez.mp4,Y,200,
996186,https://miu-documentos.s3.us-west-2.amazonaws.com/DATA-DOCS/miu-hml/documentos/143697/20070803/miuDocumento_996186_reanimacionneonatal.pdf,miu-documentos,DATA-DOCS/miu-hml/documentos/143697/20070803/miuDocumento_996186_reanimacionneonatal.pdf,Y,200,
996187,https://miu-documentos.s3.us-west-2.amazonaws.com/DATA-DOCS/miu-hml/documentos/143861/20070803/miuDocumento_996186_reanimacionneonatal.pdf,miu-documentos,DATA-DOCS/miu-hml/documentos/143861/20070803/miuDocumento_996186_reanimacionneonatal.pdf,Y,200,
996784,https://miu-documentos.s3.us-west-2.amazonaws.com/DATA-DOCS/miu-hml/documentos/143709/20150601/miuDocumento_996784_PROTOCOLO_CONVENIO_LIMITACION_ESPONSABILIDAD_NACIDA_RECLAMACIONES_DERECHO_MARITIMO.pdf,miu-documentos,DATA-DOCS/miu-hml/documentos/143709/20150601/miuDocumento_996784_PROTOCOLO_CONVENIO_LIMITACION_ESPONSABILIDAD_NACIDA_RECLAMACIONES_DERECHO_MARITIMO.pdf,Y,200,
996785,https://miu-documentos.s3.us-west-2.amazonaws.com/DATA-DOCS/miu-hml/documentos/143709/20150601/miuDocumento_996785_hamburg_rules_s.pdf,miu-documentos,DATA-DOCS/miu-hml/documentos/143709/20150601/miuDocumento_996785_hamburg_rules_s.pdf,Y,200,
996790,https://miu-documentos.s3.us-west-2.amazonaws.com/DATA-DOCS/miu-hml/documentos/143317/22770076/miuDocumento_996790_ProgramaEconomiaI2026FT.pdf,miu-documentos,DATA-DOCS/miu-hml/documentos/143317/22770076/miuDocumento_996790_ProgramaEconomiaI2026FT.pdf,Y,200,
996791,https://miu-documentos.s3.us-west-2.amazonaws.com/DATA-DOCS/miu-hml/documentos/143316/22770076/miuDocumento_996790_ProgramaEconomiaI2026FT.pdf,miu-documentos,DATA-DOCS/miu-hml/documentos/143316/22770076/miuDocumento_996790_ProgramaEconomiaI2026FT.pdf,Y,200,
996792,https://miu-documentos.s3.us-west-2.amazonaws.com/DATA-DOCS/miu-hml/documentos/143312/22770076/miuDocumento_996792_ProgramaEA20261FT.pdf,miu-documentos,DATA-DOCS/miu-hml/documentos/143312/22770076/miuDocumento_996792_ProgramaEA20261FT.pdf,Y,200,
996934,https://miu-documentos.s3.us-west-2.amazonaws.com/DATA-DOCS/miu-hml/documentos/143720/23820040/miuDocumento_996934_li_pidos.9aed.2018.JeffHardinGregoryBertoni-Becker_sWorldoftheCell-Pearson2018.pdf,miu-documentos,DATA-DOCS/miu-hml/documentos/143720/23820040/miuDocumento_996934_li_pidos.9aed.2018.JeffHardinGregoryBertoni-Becker_sWorldoftheCell-Pearson2018.pdf,Y,200,
996241,https://miu-documentos.s3.us-west-2.amazonaws.com/DATA-DOCS/miu-hml/documentos/143557/20100147/miuDocumento_996241_miuDocumento_960956_miuDocumento_927377_miuDocumento_892607_ExpedienteparaleloyProfesionalismo_917980.pdf,miu-documentos,DATA-DOCS/miu-hml/documentos/143557/20100147/miuDocumento_996241_miuDocumento_960956_miuDocumento_927377_miuDocumento_892607_ExpedienteparaleloyProfesionalismo_917980.pdf,Y,200,
996242,https://miu-documentos.s3.us-west-2.amazonaws.com/DATA-DOCS/miu-hml/documentos/143828/20100147/miuDocumento_996241_miuDocumento_960956_miuDocumento_927377_miuDocumento_892607_ExpedienteparaleloyProfesionalismo_917980.pdf,miu-documentos,DATA-DOCS/miu-hml/documentos/143828/20100147/miuDocumento_996241_miuDocumento_960956_miuDocumento_927377_miuDocumento_892607_ExpedienteparaleloyProfesionalismo_917980.pdf,Y,200,
996243,https://miu-documentos.s3.us-west-2.amazonaws.com/DATA-DOCS/miu-hml/documentos/143830/20100147/miuDocumento_996241_miuDocumento_960956_miuDocumento_927377_miuDocumento_892607_ExpedienteparaleloyProfesionalismo_917980.pdf,miu-documentos,DATA-DOCS/miu-hml/documentos/143830/20100147/miuDocumento_996241_miuDocumento_960956_miuDocumento_927377_miuDocumento_892607_ExpedienteparaleloyProfesionalismo_917980.pdf,Y,200,
996244,https://miu-documentos.s3.us-west-2.amazonaws.com/DATA-DOCS/miu-hml/documentos/143559/20100147/miuDocumento_996241_miuDocumento_960956_miuDocumento_927377_miuDocumento_892607_ExpedienteparaleloyProfesionalismo_917980.pdf,miu-documentos,DATA-DOCS/miu-hml/documentos/143559/20100147/miuDocumento_996241_miuDocumento_960956_miuDocumento_927377_miuDocumento_892607_ExpedienteparaleloyProfesionalismo_917980.pdf,Y,200,
996245,https://miu-documentos.s3.us-west-2.amazonaws.com/DATA-DOCS/miu-hml/documentos/143558/20100147/miuDocumento_996241_miuDocumento_960956_miuDocumento_927377_miuDocumento_892607_ExpedienteparaleloyProfesionalismo_917980.pdf,miu-documentos,DATA-DOCS/miu-hml/documentos/143558/20100147/miuDocumento_996241_miuDocumento_960956_miuDocumento_927377_miuDocumento_892607_ExpedienteparaleloyProfesionalismo_917980.pdf,Y,200,
996246,https://miu-documentos.s3.us-west-2.amazonaws.com/DATA-DOCS/miu-hml/documentos/143560/20100147/miuDocumento_996241_miuDocumento_960956_miuDocumento_927377_miuDocumento_892607_ExpedienteparaleloyProfesionalismo_917980.pdf,miu-documentos,DATA-DOCS/miu-hml/documentos/143560/20100147/miuDocumento_996241_miuDocumento_960956_miuDocumento_927377_miuDocumento_892607_ExpedienteparaleloyProfesionalismo_917980.pdf,Y,200,
996253,https://miu-documentos.s3.us-west-2.amazonaws.com/DATA-DOCS/miu-hml/documentos/143830/20100147/miuDocumento_996253_7.ProtocolodeAccidentesClinicosIntrahospitalarios2024.docx.pdf,miu-documentos,DATA-DOCS/miu-hml/documentos/143830/20100147/miuDocumento_996253_7.ProtocolodeAccidentesClinicosIntrahospitalarios2024.docx.pdf,Y,200,
996772,https://miu-documentos.s3.us-west-2.amazonaws.com/DATA-DOCS/miu-hml/documentos/143830/20100147/miuDocumento_996772_EV.SEMANALTURNOSEXT.pdf,miu-documentos,DATA-DOCS/miu-hml/documentos/143830/20100147/miuDocumento_996772_EV.SEMANALTURNOSEXT.pdf,Y,200,
997095,https://miu-documentos.s3.us-west-2.amazonaws.com/DATA-DOCS/miu-hml/documentos/143721/23820040/miuDocumento_997093_Senalizacioncelular.ESTA.JeffHardinGregoryBertoni-BeckersWorldoftheCell-Pearson2018.pdf,miu-documentos,DATA-DOCS/miu-hml/documentos/143721/23820040/miuDocumento_997093_Senalizacioncelular.ESTA.JeffHardinGregoryBertoni-BeckersWorldoftheCell-Pearson2018.pdf,Y,200,
997165,https://miu-documentos.s3.us-west-2.amazonaws.com/DATA-DOCS/miu-hml/documentos/144518/20180989/miuDocumento_997165_2.Micklethwait.Cap.1.pdf,miu-documentos,DATA-DOCS/miu-hml/documentos/144518/20180989/miuDocumento_997165_2.Micklethwait.Cap.1.pdf,Y,200,
997166,https://miu-documentos.s3.us-west-2.amazonaws.com/DATA-DOCS/miu-hml/documentos/144519/20180989/miuDocumento_997165_2.Micklethwait.Cap.1.pdf,miu-documentos,DATA-DOCS/miu-hml/documentos/144519/20180989/miuDocumento_997165_2.Micklethwait.Cap.1.pdf,Y,200,
997171,https://miu-documentos.s3.us-west-2.amazonaws.com/DATA-DOCS/miu-hml/documentos/144518/20180989/miuDocumento_997171_5.TSAshton.LaRevolucionIndustrial.1760-1830.pdf,miu-documentos,DATA-DOCS/miu-hml/documentos/144518/20180989/miuDocumento_997171_5.TSAshton.LaRevolucionIndustrial.1760-1830.pdf,Y,200,
997172,https://miu-documentos.s3.us-west-2.amazonaws.com/DATA-DOCS/miu-hml/documentos/144519/20180989/miuDocumento_997171_5.TSAshton.LaRevolucionIndustrial.1760-1830.pdf,miu-documentos,DATA-DOCS/miu-hml/documentos/144519/20180989/miuDocumento_997171_5.TSAshton.LaRevolucionIndustrial.1760-1830.pdf,Y,200,
997175,https://miu-documentos.s3.us-west-2.amazonaws.com/DATA-DOCS/miu-hml/documentos/144518/20180989/miuDocumento_997175_7.MicklethwaitCap.4.pdf,miu-documentos,DATA-DOCS/miu-hml/documentos/144518/20180989/miuDocumento_997175_7.MicklethwaitCap.4.pdf,Y,200,
997176,https://miu-documentos.s3.us-west-2.amazonaws.com/DATA-DOCS/miu-hml/documentos/144519/20180989/miuDocumento_997175_7.MicklethwaitCap.4.pdf,miu-documentos,DATA-DOCS/miu-hml/documentos/144519/20180989/miuDocumento_997175_7.MicklethwaitCap.4.pdf,Y,200,
997179,https://miu-documentos.s3.us-west-2.amazonaws.com/DATA-DOCS/miu-hml/documentos/144518/20180989/miuDocumento_997179_9.Micklethwait.Cap.5.pdf,miu-documentos,DATA-DOCS/miu-hml/documentos/144518/20180989/miuDocumento_997179_9.Micklethwait.Cap.5.pdf,Y,200,
997180,https://miu-documentos.s3.us-west-2.amazonaws.com/DATA-DOCS/miu-hml/documentos/144519/20180989/miuDocumento_997179_9.Micklethwait.Cap.5.pdf,miu-documentos,DATA-DOCS/miu-hml/documentos/144519/20180989/miuDocumento_997179_9.Micklethwait.Cap.5.pdf,Y,200,
997267,https://miu-documentos.s3.us-west-2.amazonaws.com/DATA-DOCS/miu-hml/documentos/143710/20050380/miuDocumento_997267_Cronograma_Herramientas_I_Sem_2026.xlsx,miu-documentos,DATA-DOCS/miu-hml/documentos/143710/20050380/miuDocumento_997267_Cronograma_Herramientas_I_Sem_2026.xlsx,Y,200,
997230,https://miu-documentos.s3.us-west-2.amazonaws.com/DATA-DOCS/miu-hml/documentos/143476/20180479/miuDocumento_997230_InstruccionesproyectofinalCom.yEE202601.pdf,miu-documentos,DATA-DOCS/miu-hml/documentos/143476/20180479/miuDocumento_997230_InstruccionesproyectofinalCom.yEE202601.pdf,Y,200,
997196,https://miu-documentos.s3.us-west-2.amazonaws.com/DATA-DOCS/miu-hml/documentos/144544/20050380/miuDocumento_997196_1_PolticasPblicas_KAS.pdf,miu-documentos,DATA-DOCS/miu-hml/documentos/144544/20050380/miuDocumento_997196_1_PolticasPblicas_KAS.pdf,Y,200,
997200,https://miu-documentos.s3.us-west-2.amazonaws.com/DATA-DOCS/miu-hml/documentos/144544/20050380/miuDocumento_997200_5.Evaluacin_Experimental_del_Programa_Una_Laptop_por_Nio_en_Per.pdf,miu-documentos,DATA-DOCS/miu-hml/documentos/144544/20050380/miuDocumento_997200_5.Evaluacin_Experimental_del_Programa_Una_Laptop_por_Nio_en_Per.pdf,Y,200,
997275,https://miu-documentos.s3.us-west-2.amazonaws.com/DATA-DOCS/miu-hml/documentos/142918/12890465/miuDocumento_997275_2.SamuelSolonpp.16-43.pdf,miu-documentos,DATA-DOCS/miu-hml/documentos/142918/12890465/miuDocumento_997275_2.SamuelSolonpp.16-43.pdf,Y,200,
997273,https://miu-documentos.s3.us-west-2.amazonaws.com/DATA-DOCS/miu-hml/documentos/142917/12890465/miuDocumento_997273_ES.1.docx,miu-documentos,DATA-DOCS/miu-hml/documentos/142917/12890465/miuDocumento_997273_ES.1.docx,Y,200,
997340,https://miu-documentos.s3.us-west-2.amazonaws.com/DATA-DOCS/miu-hml/documentos/143772/20151104/miuDocumento_997340_IntroduccinaBiologaMolecular.pptx,miu-documentos,DATA-DOCS/miu-hml/documentos/143772/20151104/miuDocumento_997340_IntroduccinaBiologaMolecular.pptx,Y,200,
997341,https://miu-documentos.s3.us-west-2.amazonaws.com/DATA-DOCS/miu-hml/documentos/143773/20151104/miuDocumento_997340_IntroduccinaBiologaMolecular.pptx,miu-documentos,DATA-DOCS/miu-hml/documentos/143773/20151104/miuDocumento_997340_IntroduccinaBiologaMolecular.pptx,Y,200,
997342,https://miu-documentos.s3.us-west-2.amazonaws.com/DATA-DOCS/miu-hml/documentos/143772/20151104/miuDocumento_997342_Bioseguridad.pdf,miu-documentos,DATA-DOCS/miu-hml/documentos/143772/20151104/miuDocumento_997342_Bioseguridad.pdf,Y,200,
997343,https://miu-documentos.s3.us-west-2.amazonaws.com/DATA-DOCS/miu-hml/documentos/143773/20151104/miuDocumento_997342_Bioseguridad.pdf,miu-documentos,DATA-DOCS/miu-hml/documentos/143773/20151104/miuDocumento_997342_Bioseguridad.pdf,Y,200,
997384,https://miu-documentos.s3.us-west-2.amazonaws.com/DATA-DOCS/miu-hml/documentos/144003/20010656/miuDocumento_997384_GuiaparatrabajosHGMM2026.pdf,miu-documentos,DATA-DOCS/miu-hml/documentos/144003/20010656/miuDocumento_997384_GuiaparatrabajosHGMM2026.pdf,Y,200,
997385,https://miu-documentos.s3.us-west-2.amazonaws.com/DATA-DOCS/miu-hml/documentos/144002/20010656/miuDocumento_997384_GuiaparatrabajosHGMM2026.pdf,miu-documentos,DATA-DOCS/miu-hml/documentos/144002/20010656/miuDocumento_997384_GuiaparatrabajosHGMM2026.pdf,Y,200,
997386,https://miu-documentos.s3.us-west-2.amazonaws.com/DATA-DOCS/miu-hml/documentos/144003/20010656/miuDocumento_997386_ProgramadiariodeHGCM.pdf,miu-documentos,DATA-DOCS/miu-hml/documentos/144003/20010656/miuDocumento_997386_ProgramadiariodeHGCM.pdf,Y,200,
997387,https://miu-documentos.s3.us-west-2.amazonaws.com/DATA-DOCS/miu-hml/documentos/144002/20010656/miuDocumento_997386_ProgramadiariodeHGCM.pdf,miu-documentos,DATA-DOCS/miu-hml/documentos/144002/20010656/miuDocumento_997386_ProgramadiariodeHGCM.pdf,Y,200,
996254,https://miu-documentos.s3.us-west-2.amazonaws.com/DATA-DOCS/miu-hml/documentos/143828/20100147/miuDocumento_996253_7.ProtocolodeAccidentesClinicosIntrahospitalarios2024.docx.pdf,miu-documentos,DATA-DOCS/miu-hml/documentos/143828/20100147/miuDocumento_996253_7.ProtocolodeAccidentesClinicosIntrahospitalarios2024.docx.pdf,Y,200,
996255,https://miu-documentos.s3.us-west-2.amazonaws.com/DATA-DOCS/miu-hml/documentos/143865/20100147/miuDocumento_996253_7.ProtocolodeAccidentesClinicosIntrahospitalarios2024.docx.pdf,miu-documentos,DATA-DOCS/miu-hml/documentos/143865/20100147/miuDocumento_996253_7.ProtocolodeAccidentesClinicosIntrahospitalarios2024.docx.pdf,Y,200,
996256,https://miu-documentos.s3.us-west-2.amazonaws.com/DATA-DOCS/miu-hml/documentos/143684/20100147/miuDocumento_996253_7.ProtocolodeAccidentesClinicosIntrahospitalarios2024.docx.pdf,miu-documentos,DATA-DOCS/miu-hml/documentos/143684/20100147/miuDocumento_996253_7.ProtocolodeAccidentesClinicosIntrahospitalarios2024.docx.pdf,Y,200,
996257,https://miu-documentos.s3.us-west-2.amazonaws.com/DATA-DOCS/miu-hml/documentos/143680/20100147/miuDocumento_996253_7.ProtocolodeAccidentesClinicosIntrahospitalarios2024.docx.pdf,miu-documentos,DATA-DOCS/miu-hml/documentos/143680/20100147/miuDocumento_996253_7.ProtocolodeAccidentesClinicosIntrahospitalarios2024.docx.pdf,Y,200,
996258,https://miu-documentos.s3.us-west-2.amazonaws.com/DATA-DOCS/miu-hml/documentos/143679/20100147/miuDocumento_996253_7.ProtocolodeAccidentesClinicosIntrahospitalarios2024.docx.pdf,miu-documentos,DATA-DOCS/miu-hml/documentos/143679/20100147/miuDocumento_996253_7.ProtocolodeAccidentesClinicosIntrahospitalarios2024.docx.pdf,Y,200,
996259,https://miu-documentos.s3.us-west-2.amazonaws.com/DATA-DOCS/miu-hml/documentos/143681/20100147/miuDocumento_996253_7.ProtocolodeAccidentesClinicosIntrahospitalarios2024.docx.pdf,miu-documentos,DATA-DOCS/miu-hml/documentos/143681/20100147/miuDocumento_996253_7.ProtocolodeAccidentesClinicosIntrahospitalarios2024.docx.pdf,Y,200,
996260,https://miu-documentos.s3.us-west-2.amazonaws.com/DATA-DOCS/miu-hml/documentos/143559/20100147/miuDocumento_996253_7.ProtocolodeAccidentesClinicosIntrahospitalarios2024.docx.pdf,miu-documentos,DATA-DOCS/miu-hml/documentos/143559/20100147/miuDocumento_996253_7.ProtocolodeAccidentesClinicosIntrahospitalarios2024.docx.pdf,Y,200,
996261,https://miu-documentos.s3.us-west-2.amazonaws.com/DATA-DOCS/miu-hml/documentos/143558/20100147/miuDocumento_996253_7.ProtocolodeAccidentesClinicosIntrahospitalarios2024.docx.pdf,miu-documentos,DATA-DOCS/miu-hml/documentos/143558/20100147/miuDocumento_996253_7.ProtocolodeAccidentesClinicosIntrahospitalarios2024.docx.pdf,Y,200,
996262,https://miu-documentos.s3.us-west-2.amazonaws.com/DATA-DOCS/miu-hml/documentos/143557/20100147/miuDocumento_996253_7.ProtocolodeAccidentesClinicosIntrahospitalarios2024.docx.pdf,miu-documentos,DATA-DOCS/miu-hml/documentos/143557/20100147/miuDocumento_996253_7.ProtocolodeAccidentesClinicosIntrahospitalarios2024.docx.pdf,Y,200,
996263,https://miu-documentos.s3.us-west-2.amazonaws.com/DATA-DOCS/miu-hml/documentos/143683/20100147/miuDocumento_996253_7.ProtocolodeAccidentesClinicosIntrahospitalarios2024.docx.pdf,miu-documentos,DATA-DOCS/miu-hml/documentos/143683/20100147/miuDocumento_996253_7.ProtocolodeAccidentesClinicosIntrahospitalarios2024.docx.pdf,Y,200,
996264,https://miu-documentos.s3.us-west-2.amazonaws.com/DATA-DOCS/miu-hml/documentos/143682/20100147/miuDocumento_996253_7.ProtocolodeAccidentesClinicosIntrahospitalarios2024.docx.pdf,miu-documentos,DATA-DOCS/miu-hml/documentos/143682/20100147/miuDocumento_996253_7.ProtocolodeAccidentesClinicosIntrahospitalarios2024.docx.pdf,Y,200,
996265,https://miu-documentos.s3.us-west-2.amazonaws.com/DATA-DOCS/miu-hml/documentos/143560/20100147/miuDocumento_996253_7.ProtocolodeAccidentesClinicosIntrahospitalarios2024.docx.pdf,miu-documentos,DATA-DOCS/miu-hml/documentos/143560/20100147/miuDocumento_996253_7.ProtocolodeAccidentesClinicosIntrahospitalarios2024.docx.pdf,Y,200,
996273,https://miu-documentos.s3.us-west-2.amazonaws.com/DATA-DOCS/miu-hml/documentos/143819/20200573/miuDocumento_996273_Hojadecalificaciondeservicio.pdf,miu-documentos,DATA-DOCS/miu-hml/documentos/143819/20200573/miuDocumento_996273_Hojadecalificaciondeservicio.pdf,Y,200,
996276,https://miu-documentos.s3.us-west-2.amazonaws.com/DATA-DOCS/miu-hml/documentos/143819/20200573/miuDocumento_996276_RubricaParticipacionenclase.pdf,miu-documentos,DATA-DOCS/miu-hml/documentos/143819/20200573/miuDocumento_996276_RubricaParticipacionenclase.pdf,Y,200,
996286,https://miu-documentos.s3.us-west-2.amazonaws.com/DATA-DOCS/miu-hml/documentos/143709/20150601/miuDocumento_996286_recaucaIV.pdf,miu-documentos,DATA-DOCS/miu-hml/documentos/143709/20150601/miuDocumento_996286_recaucaIV.pdf,Y,200,
996298,https://miu-documentos.s3.us-west-2.amazonaws.com/DATA-DOCS/miu-hml/documentos/143709/20150601/miuDocumento_996298_arusha_declaration_revised_spanish.pdf,miu-documentos,DATA-DOCS/miu-hml/documentos/143709/20150601/miuDocumento_996298_arusha_declaration_revised_spanish.pdf,Y,200,
996301,https://miu-documentos.s3.us-west-2.amazonaws.com/DATA-DOCS/miu-hml/documentos/143709/20150601/miuDocumento_996301_istanbul_legal_text_eng.pdf,miu-documentos,DATA-DOCS/miu-hml/documentos/143709/20150601/miuDocumento_996301_istanbul_legal_text_eng.pdf,Y,200,
996303,https://miu-documentos.s3.us-west-2.amazonaws.com/DATA-DOCS/miu-hml/documentos/143709/20150601/miuDocumento_996303_WA-DOC-19-Public-Docs-Vol-I-Founding-Documents.pdf,miu-documentos,DATA-DOCS/miu-hml/documentos/143709/20150601/miuDocumento_996303_WA-DOC-19-Public-Docs-Vol-I-Founding-Documents.pdf,Y,200,
996319,https://miu-documentos.s3.us-west-2.amazonaws.com/DATA-DOCS/miu-hml/documentos/143320/22810023/miuDocumento_996319_11.2Kirzner-leydeofertaydemanda.pdf,miu-documentos,DATA-DOCS/miu-hml/documentos/143320/22810023/miuDocumento_996319_11.2Kirzner-leydeofertaydemanda.pdf,Y,200,
996385,https://miu-documentos.s3.us-west-2.amazonaws.com/DATA-DOCS/miu-hml/documentos/143741/20141005/miuDocumento_961570_NORMASVANCOUVER.pdf,miu-documentos,DATA-DOCS/miu-hml/documentos/143741/20141005/miuDocumento_961570_NORMASVANCOUVER.pdf,Y,200,
996386,https://miu-documentos.s3.us-west-2.amazonaws.com/DATA-DOCS/miu-hml/documentos/143741/20141005/miuDocumento_961558_Acentuaciongraficaenespanol(Enclave)MayraFranke.pdf,miu-documentos,DATA-DOCS/miu-hml/documentos/143741/20141005/miuDocumento_961558_Acentuaciongraficaenespanol(Enclave)MayraFranke.pdf,Y,200,
997388,https://miu-documentos.s3.us-west-2.amazonaws.com/DATA-DOCS/miu-hml/documentos/143983/20120406/miuDocumento_997388_Hervada-FilosofiayFilosofiadelDerecho.pdf,miu-documentos,DATA-DOCS/miu-hml/documentos/143983/20120406/miuDocumento_997388_Hervada-FilosofiayFilosofiadelDerecho.pdf,Y,200,
996730,https://miu-documentos.s3.us-west-2.amazonaws.com/DATA-DOCS/miu-hml/documentos/143720/23820040/miuDocumento_996730_leer5RESUMENElProyectodelGenomaHumano.docx,miu-documentos,DATA-DOCS/miu-hml/documentos/143720/23820040/miuDocumento_996730_leer5RESUMENElProyectodelGenomaHumano.docx,Y,200,
997389,https://miu-documentos.s3.us-west-2.amazonaws.com/DATA-DOCS/miu-hml/documentos/143984/20120406/miuDocumento_997388_Hervada-FilosofiayFilosofiadelDerecho.pdf,miu-documentos,DATA-DOCS/miu-hml/documentos/143984/20120406/miuDocumento_997388_Hervada-FilosofiayFilosofiadelDerecho.pdf,Y,200,
997390,https://miu-documentos.s3.us-west-2.amazonaws.com/DATA-DOCS/miu-hml/documentos/143983/20120406/miuDocumento_997390_Bobbio-DerechoyFilosofiap31-77.pdf,miu-documentos,DATA-DOCS/miu-hml/documentos/143983/20120406/miuDocumento_997390_Bobbio-DerechoyFilosofiap31-77.pdf,Y,200,
997391,https://miu-documentos.s3.us-west-2.amazonaws.com/DATA-DOCS/miu-hml/documentos/143984/20120406/miuDocumento_997390_Bobbio-DerechoyFilosofiap31-77.pdf,miu-documentos,DATA-DOCS/miu-hml/documentos/143984/20120406/miuDocumento_997390_Bobbio-DerechoyFilosofiap31-77.pdf,Y,200,
998218,https://miu-documentos.s3.us-west-2.amazonaws.com/DATA-DOCS/miu-hml/documentos/143738/20090036/miuDocumento_998217_GuiaLecturasPB12026.docx,miu-documentos,DATA-DOCS/miu-hml/documentos/143738/20090036/miuDocumento_998217_GuiaLecturasPB12026.docx,Y,200,
998217,https://miu-documentos.s3.us-west-2.amazonaws.com/DATA-DOCS/miu-hml/documentos/143736/20090036/miuDocumento_998217_GuiaLecturasPB12026.docx,miu-documentos,DATA-DOCS/miu-hml/documentos/143736/20090036/miuDocumento_998217_GuiaLecturasPB12026.docx,Y,200,
997409,https://miu-documentos.s3.us-west-2.amazonaws.com/DATA-DOCS/miu-hml/documentos/143754/20130546/miuDocumento_997409_2026PROGRAMALABMICROEXCELL1S.xlsx,miu-documentos,DATA-DOCS/miu-hml/documentos/143754/20130546/miuDocumento_997409_2026PROGRAMALABMICROEXCELL1S.xlsx,Y,200,
997410,https://miu-documentos.s3.us-west-2.amazonaws.com/DATA-DOCS/miu-hml/documentos/143755/20130546/miuDocumento_997409_2026PROGRAMALABMICROEXCELL1S.xlsx,miu-documentos,DATA-DOCS/miu-hml/documentos/143755/20130546/miuDocumento_997409_2026PROGRAMALABMICROEXCELL1S.xlsx,Y,200,
997411,https://miu-documentos.s3.us-west-2.amazonaws.com/DATA-DOCS/miu-hml/documentos/143756/20130546/miuDocumento_997409_2026PROGRAMALABMICROEXCELL1S.xlsx,miu-documentos,DATA-DOCS/miu-hml/documentos/143756/20130546/miuDocumento_997409_2026PROGRAMALABMICROEXCELL1S.xlsx,Y,200,
997420,https://miu-documentos.s3.us-west-2.amazonaws.com/DATA-DOCS/miu-hml/documentos/144686/21810012/miuDocumento_997420_Tradici_C3_B3n-Jur_C3_ADdica-Romano-Can_C3_B3nica-Merryman-M_C3_A9xico.pdf.pdf,miu-documentos,DATA-DOCS/miu-hml/documentos/144686/21810012/miuDocumento_997420_Tradici_C3_B3n-Jur_C3_ADdica-Romano-Can_C3_B3nica-Merryman-M_C3_A9xico.pdf.pdf,Y,200,
997424,https://miu-documentos.s3.us-west-2.amazonaws.com/DATA-DOCS/miu-hml/documentos/144686/21810012/miuDocumento_997424_partedogmaticayparteorganica.pdf,miu-documentos,DATA-DOCS/miu-hml/documentos/144686/21810012/miuDocumento_997424_partedogmaticayparteorganica.pdf,Y,200,
997529,https://miu-documentos.s3.us-west-2.amazonaws.com/DATA-DOCS/miu-hml/documentos/144009/C0016630/miuDocumento_997528_PUNTUACIONpuntoylacoma.pptx,miu-documentos,DATA-DOCS/miu-hml/documentos/144009/C0016630/miuDocumento_997528_PUNTUACIONpuntoylacoma.pptx,Y,200,
997547,https://miu-documentos.s3.us-west-2.amazonaws.com/DATA-DOCS/miu-hml/documentos/144723/21810012/miuDocumento_997547_AcuerdodeArbitrajeDiccionarioCecilaFloresRueda.pdf,miu-documentos,DATA-DOCS/miu-hml/documentos/144723/21810012/miuDocumento_997547_AcuerdodeArbitrajeDiccionarioCecilaFloresRueda.pdf,Y,200,
997528,https://miu-documentos.s3.us-west-2.amazonaws.com/DATA-DOCS/miu-hml/documentos/144008/C0016630/miuDocumento_997528_PUNTUACIONpuntoylacoma.pptx,miu-documentos,DATA-DOCS/miu-hml/documentos/144008/C0016630/miuDocumento_997528_PUNTUACIONpuntoylacoma.pptx,Y,200,
997550,https://miu-documentos.s3.us-west-2.amazonaws.com/DATA-DOCS/miu-hml/documentos/143380/30880182/miuDocumento_997550_M1IntroduccionClase1.pptx,miu-documentos,DATA-DOCS/miu-hml/documentos/143380/30880182/miuDocumento_997550_M1IntroduccionClase1.pptx,Y,200,
997551,https://miu-documentos.s3.us-west-2.amazonaws.com/DATA-DOCS/miu-hml/documentos/143381/30880182/miuDocumento_997550_M1IntroduccionClase1.pptx,miu-documentos,DATA-DOCS/miu-hml/documentos/143381/30880182/miuDocumento_997550_M1IntroduccionClase1.pptx,Y,200,
997576,https://miu-documentos.s3.us-west-2.amazonaws.com/DATA-DOCS/miu-hml/documentos/142925/20140469/miuDocumento_997576_4.InternationalTradeFinance-APragmaticApproach.pdf,miu-documentos,DATA-DOCS/miu-hml/documentos/142925/20140469/miuDocumento_997576_4.InternationalTradeFinance-APragmaticApproach.pdf,Y,200,
997639,https://miu-documentos.s3.us-west-2.amazonaws.com/DATA-DOCS/miu-hml/documentos/143711/20220110/miuDocumento_997639_PublicChoiceSyllabusUFM.pdf,miu-documentos,DATA-DOCS/miu-hml/documentos/143711/20220110/miuDocumento_997639_PublicChoiceSyllabusUFM.pdf,Y,200,
997640,https://miu-documentos.s3.us-west-2.amazonaws.com/DATA-DOCS/miu-hml/documentos/144697/20180351/miuDocumento_997640_GoldstoneJ.A.1991.Revolutionandrebellionintheearlymodernworld.pdf,miu-documentos,DATA-DOCS/miu-hml/documentos/144697/20180351/miuDocumento_997640_GoldstoneJ.A.1991.Revolutionandrebellionintheearlymodernworld.pdf,Y,200,
997602,https://miu-documentos.s3.us-west-2.amazonaws.com/DATA-DOCS/miu-hml/documentos/143259/20100914/miuDocumento_997602_AnalisisdeDatosdeNegocios2026.xlsx,miu-documentos,DATA-DOCS/miu-hml/documentos/143259/20100914/miuDocumento_997602_AnalisisdeDatosdeNegocios2026.xlsx,Y,200,
997603,https://miu-documentos.s3.us-west-2.amazonaws.com/DATA-DOCS/miu-hml/documentos/143260/20100914/miuDocumento_997602_AnalisisdeDatosdeNegocios2026.xlsx,miu-documentos,DATA-DOCS/miu-hml/documentos/143260/20100914/miuDocumento_997602_AnalisisdeDatosdeNegocios2026.xlsx,Y,200,
997604,https://miu-documentos.s3.us-west-2.amazonaws.com/DATA-DOCS/miu-hml/documentos/143809/20100914/miuDocumento_997602_AnalisisdeDatosdeNegocios2026.xlsx,miu-documentos,DATA-DOCS/miu-hml/documentos/143809/20100914/miuDocumento_997602_AnalisisdeDatosdeNegocios2026.xlsx,Y,200,
997645,https://miu-documentos.s3.us-west-2.amazonaws.com/DATA-DOCS/miu-hml/documentos/143711/20220110/miuDocumento_997645_ChinaDilemma.pdf,miu-documentos,DATA-DOCS/miu-hml/documentos/143711/20220110/miuDocumento_997645_ChinaDilemma.pdf,Y,200,
997651,https://miu-documentos.s3.us-west-2.amazonaws.com/DATA-DOCS/miu-hml/documentos/143697/20040078/miuDocumento_962562_miuDocumento_927879_GuiadeintervencionhumanitariamhGAP.pdf,miu-documentos,DATA-DOCS/miu-hml/documentos/143697/20040078/miuDocumento_962562_miuDocumento_927879_GuiadeintervencionhumanitariamhGAP.pdf,Y,200,
997652,https://miu-documentos.s3.us-west-2.amazonaws.com/DATA-DOCS/miu-hml/documentos/143861/20040078/miuDocumento_962562_miuDocumento_927879_GuiadeintervencionhumanitariamhGAP.pdf,miu-documentos,DATA-DOCS/miu-hml/documentos/143861/20040078/miuDocumento_962562_miuDocumento_927879_GuiadeintervencionhumanitariamhGAP.pdf,Y,200,
997653,https://miu-documentos.s3.us-west-2.amazonaws.com/DATA-DOCS/miu-hml/documentos/143856/20040078/miuDocumento_962562_miuDocumento_927879_GuiadeintervencionhumanitariamhGAP.pdf,miu-documentos,DATA-DOCS/miu-hml/documentos/143856/20040078/miuDocumento_962562_miuDocumento_927879_GuiadeintervencionhumanitariamhGAP.pdf,Y,200,
997654,https://miu-documentos.s3.us-west-2.amazonaws.com/DATA-DOCS/miu-hml/documentos/143701/20040078/miuDocumento_962562_miuDocumento_927879_GuiadeintervencionhumanitariamhGAP.pdf,miu-documentos,DATA-DOCS/miu-hml/documentos/143701/20040078/miuDocumento_962562_miuDocumento_927879_GuiadeintervencionhumanitariamhGAP.pdf,Y,200,
997655,https://miu-documentos.s3.us-west-2.amazonaws.com/DATA-DOCS/miu-hml/documentos/143700/20040078/miuDocumento_962562_miuDocumento_927879_GuiadeintervencionhumanitariamhGAP.pdf,miu-documentos,DATA-DOCS/miu-hml/documentos/143700/20040078/miuDocumento_962562_miuDocumento_927879_GuiadeintervencionhumanitariamhGAP.pdf,Y,200,
997656,https://miu-documentos.s3.us-west-2.amazonaws.com/DATA-DOCS/miu-hml/documentos/143697/20040078/miuDocumento_927885_NegotiationStrategiesforDoctorsandHospitals_962576.pdf,miu-documentos,DATA-DOCS/miu-hml/documentos/143697/20040078/miuDocumento_927885_NegotiationStrategiesforDoctorsandHospitals_962576.pdf,Y,200,
997657,https://miu-documentos.s3.us-west-2.amazonaws.com/DATA-DOCS/miu-hml/documentos/143861/20040078/miuDocumento_927885_NegotiationStrategiesforDoctorsandHospitals_962576.pdf,miu-documentos,DATA-DOCS/miu-hml/documentos/143861/20040078/miuDocumento_927885_NegotiationStrategiesforDoctorsandHospitals_962576.pdf,Y,200,
997658,https://miu-documentos.s3.us-west-2.amazonaws.com/DATA-DOCS/miu-hml/documentos/143856/20040078/miuDocumento_927885_NegotiationStrategiesforDoctorsandHospitals_962576.pdf,miu-documentos,DATA-DOCS/miu-hml/documentos/143856/20040078/miuDocumento_927885_NegotiationStrategiesforDoctorsandHospitals_962576.pdf,Y,200,
997659,https://miu-documentos.s3.us-west-2.amazonaws.com/DATA-DOCS/miu-hml/documentos/143701/20040078/miuDocumento_927885_NegotiationStrategiesforDoctorsandHospitals_962576.pdf,miu-documentos,DATA-DOCS/miu-hml/documentos/143701/20040078/miuDocumento_927885_NegotiationStrategiesforDoctorsandHospitals_962576.pdf,Y,200,
997660,https://miu-documentos.s3.us-west-2.amazonaws.com/DATA-DOCS/miu-hml/documentos/143700/20040078/miuDocumento_927885_NegotiationStrategiesforDoctorsandHospitals_962576.pdf,miu-documentos,DATA-DOCS/miu-hml/documentos/143700/20040078/miuDocumento_927885_NegotiationStrategiesforDoctorsandHospitals_962576.pdf,Y,200,
997661,https://miu-documentos.s3.us-west-2.amazonaws.com/DATA-DOCS/miu-hml/documentos/143697/20040078/miuDocumento_962600_miuDocumento_926411_miuDocumento_894962_process_of_cultural_competence.pdf,miu-documentos,DATA-DOCS/miu-hml/documentos/143697/20040078/miuDocumento_962600_miuDocumento_926411_miuDocumento_894962_process_of_cultural_competence.pdf,Y,200,
997662,https://miu-documentos.s3.us-west-2.amazonaws.com/DATA-DOCS/miu-hml/documentos/143861/20040078/miuDocumento_962600_miuDocumento_926411_miuDocumento_894962_process_of_cultural_competence.pdf,miu-documentos,DATA-DOCS/miu-hml/documentos/143861/20040078/miuDocumento_962600_miuDocumento_926411_miuDocumento_894962_process_of_cultural_competence.pdf,Y,200,
997663,https://miu-documentos.s3.us-west-2.amazonaws.com/DATA-DOCS/miu-hml/documentos/143856/20040078/miuDocumento_962600_miuDocumento_926411_miuDocumento_894962_process_of_cultural_competence.pdf,miu-documentos,DATA-DOCS/miu-hml/documentos/143856/20040078/miuDocumento_962600_miuDocumento_926411_miuDocumento_894962_process_of_cultural_competence.pdf,Y,200,
997664,https://miu-documentos.s3.us-west-2.amazonaws.com/DATA-DOCS/miu-hml/documentos/143701/20040078/miuDocumento_962600_miuDocumento_926411_miuDocumento_894962_process_of_cultural_competence.pdf,miu-documentos,DATA-DOCS/miu-hml/documentos/143701/20040078/miuDocumento_962600_miuDocumento_926411_miuDocumento_894962_process_of_cultural_competence.pdf,Y,200,
997665,https://miu-documentos.s3.us-west-2.amazonaws.com/DATA-DOCS/miu-hml/documentos/143700/20040078/miuDocumento_962600_miuDocumento_926411_miuDocumento_894962_process_of_cultural_competence.pdf,miu-documentos,DATA-DOCS/miu-hml/documentos/143700/20040078/miuDocumento_962600_miuDocumento_926411_miuDocumento_894962_process_of_cultural_competence.pdf,Y,200,
997666,https://miu-documentos.s3.us-west-2.amazonaws.com/DATA-DOCS/miu-hml/documentos/143697/20040078/miuDocumento_962608_miuDocumento_926405_miuDocumento_894959_Cross-CulturalMedicine.pdf,miu-documentos,DATA-DOCS/miu-hml/documentos/143697/20040078/miuDocumento_962608_miuDocumento_926405_miuDocumento_894959_Cross-CulturalMedicine.pdf,Y,200,
997667,https://miu-documentos.s3.us-west-2.amazonaws.com/DATA-DOCS/miu-hml/documentos/143861/20040078/miuDocumento_962608_miuDocumento_926405_miuDocumento_894959_Cross-CulturalMedicine.pdf,miu-documentos,DATA-DOCS/miu-hml/documentos/143861/20040078/miuDocumento_962608_miuDocumento_926405_miuDocumento_894959_Cross-CulturalMedicine.pdf,Y,200,
997668,https://miu-documentos.s3.us-west-2.amazonaws.com/DATA-DOCS/miu-hml/documentos/143856/20040078/miuDocumento_962608_miuDocumento_926405_miuDocumento_894959_Cross-CulturalMedicine.pdf,miu-documentos,DATA-DOCS/miu-hml/documentos/143856/20040078/miuDocumento_962608_miuDocumento_926405_miuDocumento_894959_Cross-CulturalMedicine.pdf,Y,200,
995754,https://miu-documentos.s3.us-west-2.amazonaws.com/DATA-DOCS/miu-hml/documentos/143595/20040100/miuDocumento_995748_T6.Tamizajes.pptx,miu-documentos,DATA-DOCS/miu-hml/documentos/143595/20040100/miuDocumento_995748_T6.Tamizajes.pptx,Y,200,
996044,https://miu-documentos.s3.us-west-2.amazonaws.com/DATA-DOCS/miu-hml/documentos/143670/20021275/miuDocumento_961528_papeleta_por_Weed.doc,miu-documentos,DATA-DOCS/miu-hml/documentos/143670/20021275/miuDocumento_961528_papeleta_por_Weed.doc,Y,200,
995546,https://miu-documentos.s3.us-west-2.amazonaws.com/DATA-DOCS/miu-hml/documentos/138170/20090970/miuDocumento_958695_Introduccionalaepistemologiacontemporanea-Dancy_995546.PDF,miu-documentos,DATA-DOCS/miu-hml/documentos/138170/20090970/miuDocumento_958695_Introduccionalaepistemologiacontemporanea-Dancy_995546.PDF,Y,200,
997669,https://miu-documentos.s3.us-west-2.amazonaws.com/DATA-DOCS/miu-hml/documentos/143701/20040078/miuDocumento_962608_miuDocumento_926405_miuDocumento_894959_Cross-CulturalMedicine.pdf,miu-documentos,DATA-DOCS/miu-hml/documentos/143701/20040078/miuDocumento_962608_miuDocumento_926405_miuDocumento_894959_Cross-CulturalMedicine.pdf,Y,200,
997670,https://miu-documentos.s3.us-west-2.amazonaws.com/DATA-DOCS/miu-hml/documentos/143700/20040078/miuDocumento_962608_miuDocumento_926405_miuDocumento_894959_Cross-CulturalMedicine.pdf,miu-documentos,DATA-DOCS/miu-hml/documentos/143700/20040078/miuDocumento_962608_miuDocumento_926405_miuDocumento_894959_Cross-CulturalMedicine.pdf,Y,200,
997708,https://miu-documentos.s3.us-west-2.amazonaws.com/DATA-DOCS/miu-hml/documentos/143322/97000353/miuDocumento_997708_1-Lectura-HayekElusodelconocimientoenlasociedad.pdf,miu-documentos,DATA-DOCS/miu-hml/documentos/143322/97000353/miuDocumento_997708_1-Lectura-HayekElusodelconocimientoenlasociedad.pdf,Y,200,
997725,https://miu-documentos.s3.us-west-2.amazonaws.com/DATA-DOCS/miu-hml/documentos/143330/20181150/miuDocumento_997725_Programa_Estadstica2026.pdf,miu-documentos,DATA-DOCS/miu-hml/documentos/143330/20181150/miuDocumento_997725_Programa_Estadstica2026.pdf,Y,200,
997740,https://miu-documentos.s3.us-west-2.amazonaws.com/DATA-DOCS/miu-hml/documentos/143324/20240700/miuDocumento_997740_TecnicasIntegracionFormulario.pdf,miu-documentos,DATA-DOCS/miu-hml/documentos/143324/20240700/miuDocumento_997740_TecnicasIntegracionFormulario.pdf,Y,200,
997741,https://miu-documentos.s3.us-west-2.amazonaws.com/DATA-DOCS/miu-hml/documentos/143323/20240700/miuDocumento_997740_TecnicasIntegracionFormulario.pdf,miu-documentos,DATA-DOCS/miu-hml/documentos/143323/20240700/miuDocumento_997740_TecnicasIntegracionFormulario.pdf,Y,200,
997748,https://miu-documentos.s3.us-west-2.amazonaws.com/DATA-DOCS/miu-hml/documentos/144092/12870542/miuDocumento_997748_250105-rubrica-ensayos.docx,miu-documentos,DATA-DOCS/miu-hml/documentos/144092/12870542/miuDocumento_997748_250105-rubrica-ensayos.docx,Y,200,
997763,https://miu-documentos.s3.us-west-2.amazonaws.com/DATA-DOCS/miu-hml/documentos/142914/20060194/miuDocumento_997763_PrincesasTlaxcaltecas.pdf,miu-documentos,DATA-DOCS/miu-hml/documentos/142914/20060194/miuDocumento_997763_PrincesasTlaxcaltecas.pdf,Y,200,
997764,https://miu-documentos.s3.us-west-2.amazonaws.com/DATA-DOCS/miu-hml/documentos/142913/20060194/miuDocumento_997763_PrincesasTlaxcaltecas.pdf,miu-documentos,DATA-DOCS/miu-hml/documentos/142913/20060194/miuDocumento_997763_PrincesasTlaxcaltecas.pdf,Y,200,
997756,https://miu-documentos.s3.us-west-2.amazonaws.com/DATA-DOCS/miu-hml/documentos/142908/20070140/miuDocumento_997756_1.Lijphart.ComparativepoliticsandtheComparativemethod.pdf,miu-documentos,DATA-DOCS/miu-hml/documentos/142908/20070140/miuDocumento_997756_1.Lijphart.ComparativepoliticsandtheComparativemethod.pdf,Y,200,
997762,https://miu-documentos.s3.us-west-2.amazonaws.com/DATA-DOCS/miu-hml/documentos/142908/20070140/miuDocumento_997762_3.ODonell.Teoria-democratica-y-politica-comparada.pdf,miu-documentos,DATA-DOCS/miu-hml/documentos/142908/20070140/miuDocumento_997762_3.ODonell.Teoria-democratica-y-politica-comparada.pdf,Y,200,
997767,https://miu-documentos.s3.us-west-2.amazonaws.com/DATA-DOCS/miu-hml/documentos/144092/12870542/miuDocumento_997767_250105-prompter.jpg,miu-documentos,DATA-DOCS/miu-hml/documentos/144092/12870542/miuDocumento_997767_250105-prompter.jpg,Y,200,
997772,https://miu-documentos.s3.us-west-2.amazonaws.com/DATA-DOCS/miu-hml/documentos/142914/20060194/miuDocumento_997772_Guatemala1524.pptx,miu-documentos,DATA-DOCS/miu-hml/documentos/142914/20060194/miuDocumento_997772_Guatemala1524.pptx,Y,200,
997773,https://miu-documentos.s3.us-west-2.amazonaws.com/DATA-DOCS/miu-hml/documentos/142913/20060194/miuDocumento_997772_Guatemala1524.pptx,miu-documentos,DATA-DOCS/miu-hml/documentos/142913/20060194/miuDocumento_997772_Guatemala1524.pptx,Y,200,
997782,https://miu-documentos.s3.us-west-2.amazonaws.com/DATA-DOCS/miu-hml/documentos/144605/20151049/miuDocumento_997782_Braudel.Ladinamicadelcapitalismo.pdf,miu-documentos,DATA-DOCS/miu-hml/documentos/144605/20151049/miuDocumento_997782_Braudel.Ladinamicadelcapitalismo.pdf,Y,200,
997795,https://miu-documentos.s3.us-west-2.amazonaws.com/DATA-DOCS/miu-hml/documentos/144605/20151049/miuDocumento_997795_Acemoglu.Porqufracasanlospaises.pdf,miu-documentos,DATA-DOCS/miu-hml/documentos/144605/20151049/miuDocumento_997795_Acemoglu.Porqufracasanlospaises.pdf,Y,200,
997800,https://miu-documentos.s3.us-west-2.amazonaws.com/DATA-DOCS/miu-hml/documentos/144605/20151049/miuDocumento_997800_McCloskey.Bourgeoisequaliyty.pdf,miu-documentos,DATA-DOCS/miu-hml/documentos/144605/20151049/miuDocumento_997800_McCloskey.Bourgeoisequaliyty.pdf,Y,200,
997804,https://miu-documentos.s3.us-west-2.amazonaws.com/DATA-DOCS/miu-hml/documentos/144605/20151049/miuDocumento_997804_Spitz.RobberBarons.pdf,miu-documentos,DATA-DOCS/miu-hml/documentos/144605/20151049/miuDocumento_997804_Spitz.RobberBarons.pdf,Y,200,
997805,https://miu-documentos.s3.us-west-2.amazonaws.com/DATA-DOCS/miu-hml/documentos/144605/20151049/miuDocumento_997805_Weber.Laticaprotestanteyelespritudelcapitalismo.pdf,miu-documentos,DATA-DOCS/miu-hml/documentos/144605/20151049/miuDocumento_997805_Weber.Laticaprotestanteyelespritudelcapitalismo.pdf,Y,200,
997807,https://miu-documentos.s3.us-west-2.amazonaws.com/DATA-DOCS/miu-hml/documentos/143280/20160308/miuDocumento_997807_CMMPrograma2026.docx.pdf,miu-documentos,DATA-DOCS/miu-hml/documentos/143280/20160308/miuDocumento_997807_CMMPrograma2026.docx.pdf,Y,200,
997808,https://miu-documentos.s3.us-west-2.amazonaws.com/DATA-DOCS/miu-hml/documentos/143698/20080869/miuDocumento_997808_programacurso-talleriinternacionalizacion2026.pdf,miu-documentos,DATA-DOCS/miu-hml/documentos/143698/20080869/miuDocumento_997808_programacurso-talleriinternacionalizacion2026.pdf,Y,200,
997809,https://miu-documentos.s3.us-west-2.amazonaws.com/DATA-DOCS/miu-hml/documentos/143698/20080869/miuDocumento_997809_GuiaBasicaparaProyectodeinternacionalizacion2026.pdf,miu-documentos,DATA-DOCS/miu-hml/documentos/143698/20080869/miuDocumento_997809_GuiaBasicaparaProyectodeinternacionalizacion2026.pdf,Y,200,
995503,https://miu-documentos.s3.us-west-2.amazonaws.com/DATA-DOCS/miu-hml/documentos/136208/20090970/miuDocumento_944219_TheOpenSocietyandItsEnemies-Popper_958671_980239_995503.pdf,miu-documentos,DATA-DOCS/miu-hml/documentos/136208/20090970/miuDocumento_944219_TheOpenSocietyandItsEnemies-Popper_958671_980239_995503.pdf,Y,200,
997816,https://miu-documentos.s3.us-west-2.amazonaws.com/DATA-DOCS/miu-hml/documentos/143720/23820040/miuDocumento_997816_introalacelula.2026copy.pdf,miu-documentos,DATA-DOCS/miu-hml/documentos/143720/23820040/miuDocumento_997816_introalacelula.2026copy.pdf,Y,200,
997817,https://miu-documentos.s3.us-west-2.amazonaws.com/DATA-DOCS/miu-hml/documentos/143722/23820040/miuDocumento_997816_introalacelula.2026copy.pdf,miu-documentos,DATA-DOCS/miu-hml/documentos/143722/23820040/miuDocumento_997816_introalacelula.2026copy.pdf,Y,200,
997818,https://miu-documentos.s3.us-west-2.amazonaws.com/DATA-DOCS/miu-hml/documentos/143721/23820040/miuDocumento_997816_introalacelula.2026copy.pdf,miu-documentos,DATA-DOCS/miu-hml/documentos/143721/23820040/miuDocumento_997816_introalacelula.2026copy.pdf,Y,200,
997845,https://miu-documentos.s3.us-west-2.amazonaws.com/DATA-DOCS/miu-hml/documentos/143417/22950328/miuDocumento_997845_LECTURA5-ShouldYourCompanySellonAmazonHarvard.pdf,miu-documentos,DATA-DOCS/miu-hml/documentos/143417/22950328/miuDocumento_997845_LECTURA5-ShouldYourCompanySellonAmazonHarvard.pdf,Y,200,
997834,https://miu-documentos.s3.us-west-2.amazonaws.com/DATA-DOCS/miu-hml/documentos/144262/22950328/miuDocumento_997834_LECTURA2-LibroALIGNINGSTRATEGYANDSALESCapitulo4.pdf,miu-documentos,DATA-DOCS/miu-hml/documentos/144262/22950328/miuDocumento_997834_LECTURA2-LibroALIGNINGSTRATEGYANDSALESCapitulo4.pdf,Y,200,
997857,https://miu-documentos.s3.us-west-2.amazonaws.com/DATA-DOCS/miu-hml/documentos/142796/98000341/miuDocumento_962207_WheelerAnatomiaFisiologiaYOclusionDental9aed.pdf,miu-documentos,DATA-DOCS/miu-hml/documentos/142796/98000341/miuDocumento_962207_WheelerAnatomiaFisiologiaYOclusionDental9aed.pdf,Y,200,
997859,https://miu-documentos.s3.us-west-2.amazonaws.com/DATA-DOCS/miu-hml/documentos/142801/98000341/miuDocumento_962207_WheelerAnatomiaFisiologiaYOclusionDental9aed.pdf,miu-documentos,DATA-DOCS/miu-hml/documentos/142801/98000341/miuDocumento_962207_WheelerAnatomiaFisiologiaYOclusionDental9aed.pdf,Y,200,
997860,https://miu-documentos.s3.us-west-2.amazonaws.com/DATA-DOCS/miu-hml/documentos/142796/98000341/miuDocumento_925184_AnatomiaDentalRiojas.pdf,miu-documentos,DATA-DOCS/miu-hml/documentos/142796/98000341/miuDocumento_925184_AnatomiaDentalRiojas.pdf,Y,200,
997861,https://miu-documentos.s3.us-west-2.amazonaws.com/DATA-DOCS/miu-hml/documentos/142801/98000341/miuDocumento_925184_AnatomiaDentalRiojas.pdf,miu-documentos,DATA-DOCS/miu-hml/documentos/142801/98000341/miuDocumento_925184_AnatomiaDentalRiojas.pdf,Y,200,
997862,https://miu-documentos.s3.us-west-2.amazonaws.com/DATA-DOCS/miu-hml/documentos/143464/97000034/miuDocumento_997862_CaseStudyFlamingov2026.docx,miu-documentos,DATA-DOCS/miu-hml/documentos/143464/97000034/miuDocumento_997862_CaseStudyFlamingov2026.docx,Y,200,
997863,https://miu-documentos.s3.us-west-2.amazonaws.com/DATA-DOCS/miu-hml/documentos/143356/20260709/miuDocumento_997863_Programadelcurso.pdf,miu-documentos,DATA-DOCS/miu-hml/documentos/143356/20260709/miuDocumento_997863_Programadelcurso.pdf,Y,200,
997864,https://miu-documentos.s3.us-west-2.amazonaws.com/DATA-DOCS/miu-hml/documentos/143351/20120084/miuDocumento_997864_RubricadeParticipacionSocraticav2.xlsx,miu-documentos,DATA-DOCS/miu-hml/documentos/143351/20120084/miuDocumento_997864_RubricadeParticipacionSocraticav2.xlsx,Y,200,
997885,https://miu-documentos.s3.us-west-2.amazonaws.com/DATA-DOCS/miu-hml/documentos/143255/99000086/miuDocumento_997885_01ReglasEvaluacionesFinanciera2026.pdf,miu-documentos,DATA-DOCS/miu-hml/documentos/143255/99000086/miuDocumento_997885_01ReglasEvaluacionesFinanciera2026.pdf,Y,200,
996560,"https://miu-documentos.s3.us-west-2.amazonaws.com/DATA-DOCS/miu-hml/documentos/143720/23820040/miuDocumento_960407_INTROALASBIOMOLECULASJeffHardin,GregoryBertoni-BeckersWorldoftheCell-Pearson(2018).pdf",miu-documentos,"DATA-DOCS/miu-hml/documentos/143720/23820040/miuDocumento_960407_INTROALASBIOMOLECULASJeffHardin,GregoryBertoni-BeckersWorldoftheCell-Pearson(2018).pdf",Y,200,
997886,https://miu-documentos.s3.us-west-2.amazonaws.com/DATA-DOCS/miu-hml/documentos/143254/99000086/miuDocumento_997885_01ReglasEvaluacionesFinanciera2026.pdf,miu-documentos,DATA-DOCS/miu-hml/documentos/143254/99000086/miuDocumento_997885_01ReglasEvaluacionesFinanciera2026.pdf,Y,200,
997887,https://miu-documentos.s3.us-west-2.amazonaws.com/DATA-DOCS/miu-hml/documentos/144719/20150320/miuDocumento_997887_0ProgramaDITII2026-JAC.pdf,miu-documentos,DATA-DOCS/miu-hml/documentos/144719/20150320/miuDocumento_997887_0ProgramaDITII2026-JAC.pdf,Y,200,
997888,https://miu-documentos.s3.us-west-2.amazonaws.com/DATA-DOCS/miu-hml/documentos/143254/99000086/miuDocumento_997888_01BonosAccionesyTecnicasdeValuacion2025.pdf,miu-documentos,DATA-DOCS/miu-hml/documentos/143254/99000086/miuDocumento_997888_01BonosAccionesyTecnicasdeValuacion2025.pdf,Y,200,
997889,https://miu-documentos.s3.us-west-2.amazonaws.com/DATA-DOCS/miu-hml/documentos/143255/99000086/miuDocumento_997888_01BonosAccionesyTecnicasdeValuacion2025.pdf,miu-documentos,DATA-DOCS/miu-hml/documentos/143255/99000086/miuDocumento_997888_01BonosAccionesyTecnicasdeValuacion2025.pdf,Y,200,
997907,https://miu-documentos.s3.us-west-2.amazonaws.com/DATA-DOCS/miu-hml/documentos/144648/20150835/miuDocumento_997907_InstructivoMathHelp.pdf,miu-documentos,DATA-DOCS/miu-hml/documentos/144648/20150835/miuDocumento_997907_InstructivoMathHelp.pdf,Y,200,
997908,https://miu-documentos.s3.us-west-2.amazonaws.com/DATA-DOCS/miu-hml/documentos/144648/20150835/miuDocumento_997908_ReglasMathHelp.pdf,miu-documentos,DATA-DOCS/miu-hml/documentos/144648/20150835/miuDocumento_997908_ReglasMathHelp.pdf,Y,200,
997938,https://miu-documentos.s3.us-west-2.amazonaws.com/DATA-DOCS/miu-hml/documentos/143376/20130088/miuDocumento_997938_Syllabus_C.pdf,miu-documentos,DATA-DOCS/miu-hml/documentos/143376/20130088/miuDocumento_997938_Syllabus_C.pdf,Y,200,
997944,https://miu-documentos.s3.us-west-2.amazonaws.com/DATA-DOCS/miu-hml/documentos/143356/20260709/miuDocumento_997944_Chapter_2_V7_01.ppt,miu-documentos,DATA-DOCS/miu-hml/documentos/143356/20260709/miuDocumento_997944_Chapter_2_V7_01.ppt,Y,200,
997953,https://miu-documentos.s3.us-west-2.amazonaws.com/DATA-DOCS/miu-hml/documentos/143257/20060096/miuDocumento_997953_02CostodeCapital-2026.pdf,miu-documentos,DATA-DOCS/miu-hml/documentos/143257/20060096/miuDocumento_997953_02CostodeCapital-2026.pdf,Y,200,
997960,https://miu-documentos.s3.us-west-2.amazonaws.com/DATA-DOCS/miu-hml/documentos/143257/20060096/miuDocumento_997960_03Proyectosdeexpansionyreemplazo2026.pdf,miu-documentos,DATA-DOCS/miu-hml/documentos/143257/20060096/miuDocumento_997960_03Proyectosdeexpansionyreemplazo2026.pdf,Y,200,
997967,https://miu-documentos.s3.us-west-2.amazonaws.com/DATA-DOCS/miu-hml/documentos/143348/20130088/miuDocumento_997967_Clase1.pdf,miu-documentos,DATA-DOCS/miu-hml/documentos/143348/20130088/miuDocumento_997967_Clase1.pdf,Y,200,
997983,https://miu-documentos.s3.us-west-2.amazonaws.com/DATA-DOCS/miu-hml/documentos/143736/20090036/miuDocumento_997983_Elmedicofrentealamuerte.pdf,miu-documentos,DATA-DOCS/miu-hml/documentos/143736/20090036/miuDocumento_997983_Elmedicofrentealamuerte.pdf,Y,200,
997984,https://miu-documentos.s3.us-west-2.amazonaws.com/DATA-DOCS/miu-hml/documentos/143738/20090036/miuDocumento_997983_Elmedicofrentealamuerte.pdf,miu-documentos,DATA-DOCS/miu-hml/documentos/143738/20090036/miuDocumento_997983_Elmedicofrentealamuerte.pdf,Y,200,
997985,https://miu-documentos.s3.us-west-2.amazonaws.com/DATA-DOCS/miu-hml/documentos/143737/20090036/miuDocumento_997983_Elmedicofrentealamuerte.pdf,miu-documentos,DATA-DOCS/miu-hml/documentos/143737/20090036/miuDocumento_997983_Elmedicofrentealamuerte.pdf,Y,200,
997993,https://miu-documentos.s3.us-west-2.amazonaws.com/DATA-DOCS/miu-hml/documentos/143005/13950296/miuDocumento_997993_EnglerMecanismosdeDefensadelYo.pdf,miu-documentos,DATA-DOCS/miu-hml/documentos/143005/13950296/miuDocumento_997993_EnglerMecanismosdeDefensadelYo.pdf,Y,200,
997994,https://miu-documentos.s3.us-west-2.amazonaws.com/DATA-DOCS/miu-hml/documentos/143005/13950296/miuDocumento_997994_FirstAidforthePsychiatryClerkship.pdf,miu-documentos,DATA-DOCS/miu-hml/documentos/143005/13950296/miuDocumento_997994_FirstAidforthePsychiatryClerkship.pdf,Y,200,
997998,https://miu-documentos.s3.us-west-2.amazonaws.com/DATA-DOCS/miu-hml/documentos/143990/20060007/miuDocumento_997998_Tilt-2025LegalTechMap.pdf,miu-documentos,DATA-DOCS/miu-hml/documentos/143990/20060007/miuDocumento_997998_Tilt-2025LegalTechMap.pdf,Y,200,
997999,https://miu-documentos.s3.us-west-2.amazonaws.com/DATA-DOCS/miu-hml/documentos/143989/20060007/miuDocumento_997998_Tilt-2025LegalTechMap.pdf,miu-documentos,DATA-DOCS/miu-hml/documentos/143989/20060007/miuDocumento_997998_Tilt-2025LegalTechMap.pdf,Y,200,
998005,https://miu-documentos.s3.us-west-2.amazonaws.com/DATA-DOCS/miu-hml/documentos/142789/20130378/miuDocumento_998005_SILABOINFOTECNOLOGIAS2026.pdf,miu-documentos,DATA-DOCS/miu-hml/documentos/142789/20130378/miuDocumento_998005_SILABOINFOTECNOLOGIAS2026.pdf,Y,200,
998009,https://miu-documentos.s3.us-west-2.amazonaws.com/DATA-DOCS/miu-hml/documentos/143989/20060007/miuDocumento_998009_TheFutureofBigLaw_AlternativeLegalServiceProviderstoCor.pdf,miu-documentos,DATA-DOCS/miu-hml/documentos/143989/20060007/miuDocumento_998009_TheFutureofBigLaw_AlternativeLegalServiceProviderstoCor.pdf,Y,200,
998010,https://miu-documentos.s3.us-west-2.amazonaws.com/DATA-DOCS/miu-hml/documentos/143990/20060007/miuDocumento_998009_TheFutureofBigLaw_AlternativeLegalServiceProviderstoCor.pdf,miu-documentos,DATA-DOCS/miu-hml/documentos/143990/20060007/miuDocumento_998009_TheFutureofBigLaw_AlternativeLegalServiceProviderstoCor.pdf,Y,200,
998012,https://miu-documentos.s3.us-west-2.amazonaws.com/DATA-DOCS/miu-hml/documentos/144723/21810012/miuDocumento_998012_Arbitraje9osemestre2026programa.docx,miu-documentos,DATA-DOCS/miu-hml/documentos/144723/21810012/miuDocumento_998012_Arbitraje9osemestre2026programa.docx,Y,200,
998022,https://miu-documentos.s3.us-west-2.amazonaws.com/DATA-DOCS/miu-hml/documentos/144725/20140469/miuDocumento_998022_Programa_FinanzasCorporativas_2026.pdf,miu-documentos,DATA-DOCS/miu-hml/documentos/144725/20140469/miuDocumento_998022_Programa_FinanzasCorporativas_2026.pdf,Y,200,
998057,https://miu-documentos.s3.us-west-2.amazonaws.com/DATA-DOCS/miu-hml/documentos/144704/20180264/miuDocumento_998057_Superforecasting-AnOptimisticSkeptic.pdf,miu-documentos,DATA-DOCS/miu-hml/documentos/144704/20180264/miuDocumento_998057_Superforecasting-AnOptimisticSkeptic.pdf,Y,200,
998090,https://miu-documentos.s3.us-west-2.amazonaws.com/DATA-DOCS/miu-hml/documentos/143514/20180701/miuDocumento_998090_GruposdetrabajoparadialogosseccionF202601-Sheet1.pdf,miu-documentos,DATA-DOCS/miu-hml/documentos/143514/20180701/miuDocumento_998090_GruposdetrabajoparadialogosseccionF202601-Sheet1.pdf,Y,200,
998092,https://miu-documentos.s3.us-west-2.amazonaws.com/DATA-DOCS/miu-hml/documentos/142915/20160894/miuDocumento_998092_GaryKingRobertO.KeohaneSidneyVerbaDesigningSocialInquiry1994.pdf,miu-documentos,DATA-DOCS/miu-hml/documentos/142915/20160894/miuDocumento_998092_GaryKingRobertO.KeohaneSidneyVerbaDesigningSocialInquiry1994.pdf,Y,200,
998093,https://miu-documentos.s3.us-west-2.amazonaws.com/DATA-DOCS/miu-hml/documentos/142916/20160894/miuDocumento_998092_GaryKingRobertO.KeohaneSidneyVerbaDesigningSocialInquiry1994.pdf,miu-documentos,DATA-DOCS/miu-hml/documentos/142916/20160894/miuDocumento_998092_GaryKingRobertO.KeohaneSidneyVerbaDesigningSocialInquiry1994.pdf,Y,200,
998094,https://miu-documentos.s3.us-west-2.amazonaws.com/DATA-DOCS/miu-hml/documentos/143313/20220206/miuDocumento_998094_NicolasJacquemet_OlivierLHaridon-ExperimentalEconomics_MethodandApplications-CambridgeUniversityPress.pdf,miu-documentos,DATA-DOCS/miu-hml/documentos/143313/20220206/miuDocumento_998094_NicolasJacquemet_OlivierLHaridon-ExperimentalEconomics_MethodandApplications-CambridgeUniversityPress.pdf,Y,200,
998097,https://miu-documentos.s3.us-west-2.amazonaws.com/DATA-DOCS/miu-hml/documentos/143275/20240700/miuDocumento_998097_IntegralesFormulario.pdf,miu-documentos,DATA-DOCS/miu-hml/documentos/143275/20240700/miuDocumento_998097_IntegralesFormulario.pdf,Y,200,
998087,https://miu-documentos.s3.us-west-2.amazonaws.com/DATA-DOCS/miu-hml/documentos/143330/20181150/miuDocumento_998087_DISTRIBUCIONESDEFRECUENCIASAGRUPADASENINTERVALOS.doc,miu-documentos,DATA-DOCS/miu-hml/documentos/143330/20181150/miuDocumento_998087_DISTRIBUCIONESDEFRECUENCIASAGRUPADASENINTERVALOS.doc,Y,200,
998196,https://miu-documentos.s3.us-west-2.amazonaws.com/DATA-DOCS/miu-hml/documentos/143748/20050772/miuDocumento_998196_MALFORMACIONESDELSIST.VENTRICULAR2026.pptx,miu-documentos,DATA-DOCS/miu-hml/documentos/143748/20050772/miuDocumento_998196_MALFORMACIONESDELSIST.VENTRICULAR2026.pptx,Y,200,
998120,https://miu-documentos.s3.us-west-2.amazonaws.com/DATA-DOCS/miu-hml/documentos/144233/97000389/miuDocumento_998120_caso_el_profesorjannetmacombe2026.pdf,miu-documentos,DATA-DOCS/miu-hml/documentos/144233/97000389/miuDocumento_998120_caso_el_profesorjannetmacombe2026.pdf,Y,200,
998129,https://miu-documentos.s3.us-west-2.amazonaws.com/DATA-DOCS/miu-hml/documentos/144064/20010492/miuDocumento_998129_elusodelconocimientoenlasociedad.pdf,miu-documentos,DATA-DOCS/miu-hml/documentos/144064/20010492/miuDocumento_998129_elusodelconocimientoenlasociedad.pdf,Y,200,
998170,https://miu-documentos.s3.us-west-2.amazonaws.com/DATA-DOCS/miu-hml/documentos/143518/20150065/miuDocumento_998170_PlantillaSyllabus.docx,miu-documentos,DATA-DOCS/miu-hml/documentos/143518/20150065/miuDocumento_998170_PlantillaSyllabus.docx,Y,200,
998195,https://miu-documentos.s3.us-west-2.amazonaws.com/DATA-DOCS/miu-hml/documentos/143748/20050772/miuDocumento_998195_MALFORMACIONESCONGENITAS2026.ppt,miu-documentos,DATA-DOCS/miu-hml/documentos/143748/20050772/miuDocumento_998195_MALFORMACIONESCONGENITAS2026.ppt,Y,200,
998197,https://miu-documentos.s3.us-west-2.amazonaws.com/DATA-DOCS/miu-hml/documentos/143749/20050772/miuDocumento_998196_MALFORMACIONESDELSIST.VENTRICULAR2026.pptx,miu-documentos,DATA-DOCS/miu-hml/documentos/143749/20050772/miuDocumento_998196_MALFORMACIONESDELSIST.VENTRICULAR2026.pptx,Y,200,
998198,https://miu-documentos.s3.us-west-2.amazonaws.com/DATA-DOCS/miu-hml/documentos/143750/20050772/miuDocumento_998196_MALFORMACIONESDELSIST.VENTRICULAR2026.pptx,miu-documentos,DATA-DOCS/miu-hml/documentos/143750/20050772/miuDocumento_998196_MALFORMACIONESDELSIST.VENTRICULAR2026.pptx,Y,200,
998199,https://miu-documentos.s3.us-west-2.amazonaws.com/DATA-DOCS/miu-hml/documentos/143750/20050772/miuDocumento_998199_MALFORMACIONESCONGENITAS2026.ppt,miu-documentos,DATA-DOCS/miu-hml/documentos/143750/20050772/miuDocumento_998199_MALFORMACIONESCONGENITAS2026.ppt,Y,200,
998200,https://miu-documentos.s3.us-west-2.amazonaws.com/DATA-DOCS/miu-hml/documentos/143749/20050772/miuDocumento_998199_MALFORMACIONESCONGENITAS2026.ppt,miu-documentos,DATA-DOCS/miu-hml/documentos/143749/20050772/miuDocumento_998199_MALFORMACIONESCONGENITAS2026.ppt,Y,200,
998219,https://miu-documentos.s3.us-west-2.amazonaws.com/DATA-DOCS/miu-hml/documentos/143737/20090036/miuDocumento_998217_GuiaLecturasPB12026.docx,miu-documentos,DATA-DOCS/miu-hml/documentos/143737/20090036/miuDocumento_998217_GuiaLecturasPB12026.docx,Y,200,
998236,https://miu-documentos.s3.us-west-2.amazonaws.com/DATA-DOCS/miu-hml/documentos/143516/20160581/miuDocumento_998236_real-estate-finance-and-investments_compress.pdf,miu-documentos,DATA-DOCS/miu-hml/documentos/143516/20160581/miuDocumento_998236_real-estate-finance-and-investments_compress.pdf,Y,200,
998237,https://miu-documentos.s3.us-west-2.amazonaws.com/DATA-DOCS/miu-hml/documentos/143766/20050291/miuDocumento_998237_Malformacionescongnitasdeltractogastrointestinal.pdf,miu-documentos,DATA-DOCS/miu-hml/documentos/143766/20050291/miuDocumento_998237_Malformacionescongnitasdeltractogastrointestinal.pdf,Y,200,
998238,https://miu-documentos.s3.us-west-2.amazonaws.com/DATA-DOCS/miu-hml/documentos/143767/20050291/miuDocumento_998237_Malformacionescongnitasdeltractogastrointestinal.pdf,miu-documentos,DATA-DOCS/miu-hml/documentos/143767/20050291/miuDocumento_998237_Malformacionescongnitasdeltractogastrointestinal.pdf,Y,200,
998240,https://miu-documentos.s3.us-west-2.amazonaws.com/DATA-DOCS/miu-hml/documentos/144004/20070993/miuDocumento_998240_TEMA1PLATNBLOQUEGRECIA.pdf,miu-documentos,DATA-DOCS/miu-hml/documentos/144004/20070993/miuDocumento_998240_TEMA1PLATNBLOQUEGRECIA.pdf,Y,200,
998244,https://miu-documentos.s3.us-west-2.amazonaws.com/DATA-DOCS/miu-hml/documentos/143738/20190187/miuDocumento_998244_GruposPsicobiologiaISeccionC.pdf,miu-documentos,DATA-DOCS/miu-hml/documentos/143738/20190187/miuDocumento_998244_GruposPsicobiologiaISeccionC.pdf,Y,200,
998253,https://miu-documentos.s3.us-west-2.amazonaws.com/DATA-DOCS/miu-hml/documentos/144603/20100914/miuDocumento_998253_NetworkEst.pdf,miu-documentos,DATA-DOCS/miu-hml/documentos/144603/20100914/miuDocumento_998253_NetworkEst.pdf,Y,200,
998254,https://miu-documentos.s3.us-west-2.amazonaws.com/DATA-DOCS/miu-hml/documentos/144604/20100914/miuDocumento_998253_NetworkEst.pdf,miu-documentos,DATA-DOCS/miu-hml/documentos/144604/20100914/miuDocumento_998253_NetworkEst.pdf,Y,200,
998255,https://miu-documentos.s3.us-west-2.amazonaws.com/DATA-DOCS/miu-hml/documentos/144603/20100914/miuDocumento_998255_CompTIA.Network.AllInOne.Exam.Guide.6th.Edition.Exam.N10006.pdf,miu-documentos,DATA-DOCS/miu-hml/documentos/144603/20100914/miuDocumento_998255_CompTIA.Network.AllInOne.Exam.Guide.6th.Edition.Exam.N10006.pdf,Y,200,
998256,https://miu-documentos.s3.us-west-2.amazonaws.com/DATA-DOCS/miu-hml/documentos/144604/20100914/miuDocumento_998255_CompTIA.Network.AllInOne.Exam.Guide.6th.Edition.Exam.N10006.pdf,miu-documentos,DATA-DOCS/miu-hml/documentos/144604/20100914/miuDocumento_998255_CompTIA.Network.AllInOne.Exam.Guide.6th.Edition.Exam.N10006.pdf,Y,200,
998260,https://miu-documentos.s3.us-west-2.amazonaws.com/DATA-DOCS/miu-hml/documentos/144237/21860003/miuDocumento_998260_PruebaDiagnsticaObligacionesMercantiles2026_ContratosMercantiles.docx,miu-documentos,DATA-DOCS/miu-hml/documentos/144237/21860003/miuDocumento_998260_PruebaDiagnsticaObligacionesMercantiles2026_ContratosMercantiles.docx,Y,200,
995384,https://miu-documentos.s3.us-west-2.amazonaws.com/DATA-DOCS/miu-hml/documentos/143023/20241404/miuDocumento_995384_2.InstruccionesDiagnosticoOrganizacionalPE2026.pdf,miu-documentos,DATA-DOCS/miu-hml/documentos/143023/20241404/miuDocumento_995384_2.InstruccionesDiagnosticoOrganizacionalPE2026.pdf,Y,200,
995392,https://miu-documentos.s3.us-west-2.amazonaws.com/DATA-DOCS/miu-hml/documentos/143023/20241404/miuDocumento_995392_PrimerareuniongrupalPE2025.pdf,miu-documentos,DATA-DOCS/miu-hml/documentos/143023/20241404/miuDocumento_995392_PrimerareuniongrupalPE2025.pdf,Y,200,
995403,"https://miu-documentos.s3.us-west-2.amazonaws.com/DATA-DOCS/miu-hml/documentos/143596/20090970/miuDocumento_995403_NietzscheHuman,AllTooHumanABookforFreeSpirits-Nietzsche.pdf",miu-documentos,"DATA-DOCS/miu-hml/documentos/143596/20090970/miuDocumento_995403_NietzscheHuman,AllTooHumanABookforFreeSpirits-Nietzsche.pdf",Y,200,
995404,https://miu-documentos.s3.us-west-2.amazonaws.com/DATA-DOCS/miu-hml/documentos/143597/20090970/miuDocumento_995404_TheConfessionsofSaintAugustine.pdf,miu-documentos,DATA-DOCS/miu-hml/documentos/143597/20090970/miuDocumento_995404_TheConfessionsofSaintAugustine.pdf,Y,200,
995408,https://miu-documentos.s3.us-west-2.amazonaws.com/DATA-DOCS/miu-hml/documentos/143598/20090970/miuDocumento_995408_TheRepublic-Plato.pdf,miu-documentos,DATA-DOCS/miu-hml/documentos/143598/20090970/miuDocumento_995408_TheRepublic-Plato.pdf,Y,200,
995412,https://miu-documentos.s3.us-west-2.amazonaws.com/DATA-DOCS/miu-hml/documentos/143599/20090970/miuDocumento_995412_TheGeneralTheory-Keynes.pdf,miu-documentos,DATA-DOCS/miu-hml/documentos/143599/20090970/miuDocumento_995412_TheGeneralTheory-Keynes.pdf,Y,200,
995413,https://miu-documentos.s3.us-west-2.amazonaws.com/DATA-DOCS/miu-hml/documentos/143981/12900745/miuDocumento_995413_03.DescuentosIGSSen26.docx,miu-documentos,DATA-DOCS/miu-hml/documentos/143981/12900745/miuDocumento_995413_03.DescuentosIGSSen26.docx,Y,200,
995414,https://miu-documentos.s3.us-west-2.amazonaws.com/DATA-DOCS/miu-hml/documentos/143981/12900745/miuDocumento_995413_03.DescuentosIGSSen26.docx,miu-documentos,DATA-DOCS/miu-hml/documentos/143981/12900745/miuDocumento_995413_03.DescuentosIGSSen26.docx,Y,200,
995518,https://miu-documentos.s3.us-west-2.amazonaws.com/DATA-DOCS/miu-hml/documentos/136208/20090970/miuDocumento_944227_TheTheoryofCommunicativeAction-Habermas_958679_980243_995518.pdf,miu-documentos,DATA-DOCS/miu-hml/documentos/136208/20090970/miuDocumento_944227_TheTheoryofCommunicativeAction-Habermas_958679_980243_995518.pdf,Y,200,
995538,https://miu-documentos.s3.us-west-2.amazonaws.com/DATA-DOCS/miu-hml/documentos/137916/20090970/miuDocumento_958776_ThinkAgainHowtoReasonandArguebyWalterSinnott-Armstrong_995538.pdf,miu-documentos,DATA-DOCS/miu-hml/documentos/137916/20090970/miuDocumento_958776_ThinkAgainHowtoReasonandArguebyWalterSinnott-Armstrong_995538.pdf,Y,200,
995520,https://miu-documentos.s3.us-west-2.amazonaws.com/DATA-DOCS/miu-hml/documentos/136208/20090970/miuDocumento_944227_TheTheoryofCommunicativeAction-Habermas_958679_980243_995520.pdf,miu-documentos,DATA-DOCS/miu-hml/documentos/136208/20090970/miuDocumento_944227_TheTheoryofCommunicativeAction-Habermas_958679_980243_995520.pdf,Y,200,
995524,https://miu-documentos.s3.us-west-2.amazonaws.com/DATA-DOCS/miu-hml/documentos/136208/20090970/miuDocumento_944229_GenderTrouble-Butler_958681_980244_995524.pdf,miu-documentos,DATA-DOCS/miu-hml/documentos/136208/20090970/miuDocumento_944229_GenderTrouble-Butler_958681_980244_995524.pdf,Y,200,
995540,https://miu-documentos.s3.us-west-2.amazonaws.com/DATA-DOCS/miu-hml/documentos/137916/20090970/miuDocumento_958777_SmartThinkingSkillsforCriticalUnderstandingandWritingbyMatthewAllen_995540.pdf,miu-documentos,DATA-DOCS/miu-hml/documentos/137916/20090970/miuDocumento_958777_SmartThinkingSkillsforCriticalUnderstandingandWritingbyMatthewAllen_995540.pdf,Y,200,
995527,https://miu-documentos.s3.us-west-2.amazonaws.com/DATA-DOCS/miu-hml/documentos/136208/20090970/miuDocumento_944230_DevelopmentAsFreedom-AmartyaSen_958683_980245_995527.pdf,miu-documentos,DATA-DOCS/miu-hml/documentos/136208/20090970/miuDocumento_944230_DevelopmentAsFreedom-AmartyaSen_958683_980245_995527.pdf,Y,200,
995542,https://miu-documentos.s3.us-west-2.amazonaws.com/DATA-DOCS/miu-hml/documentos/137916/20090970/miuDocumento_961969_Discursorectoral_995542.pdf,miu-documentos,DATA-DOCS/miu-hml/documentos/137916/20090970/miuDocumento_961969_Discursorectoral_995542.pdf,Y,200,
995602,https://miu-documentos.s3.us-west-2.amazonaws.com/DATA-DOCS/miu-hml/documentos/144646/20210445/miuDocumento_995602_Mehrling-TheInherentHierarchyofMoney.pdf,miu-documentos,DATA-DOCS/miu-hml/documentos/144646/20210445/miuDocumento_995602_Mehrling-TheInherentHierarchyofMoney.pdf,Y,200,
995605,https://miu-documentos.s3.us-west-2.amazonaws.com/DATA-DOCS/miu-hml/documentos/144646/20210445/miuDocumento_995605_Horwitz-TheCostsofInflationRevisited.pdf,miu-documentos,DATA-DOCS/miu-hml/documentos/144646/20210445/miuDocumento_995605_Horwitz-TheCostsofInflationRevisited.pdf,Y,200,
995610,"https://miu-documentos.s3.us-west-2.amazonaws.com/DATA-DOCS/miu-hml/documentos/143595/20040100/miuDocumento_995610_1.ExamenFisicoGenetico,GeneticaClinica.pdf",miu-documentos,"DATA-DOCS/miu-hml/documentos/143595/20040100/miuDocumento_995610_1.ExamenFisicoGenetico,GeneticaClinica.pdf",Y,200,
995611,"https://miu-documentos.s3.us-west-2.amazonaws.com/DATA-DOCS/miu-hml/documentos/143595/20040100/miuDocumento_995610_1.ExamenFisicoGenetico,GeneticaClinica.pdf",miu-documentos,"DATA-DOCS/miu-hml/documentos/143595/20040100/miuDocumento_995610_1.ExamenFisicoGenetico,GeneticaClinica.pdf",Y,200,
995612,"https://miu-documentos.s3.us-west-2.amazonaws.com/DATA-DOCS/miu-hml/documentos/143595/20040100/miuDocumento_995610_1.ExamenFisicoGenetico,GeneticaClinica.pdf",miu-documentos,"DATA-DOCS/miu-hml/documentos/143595/20040100/miuDocumento_995610_1.ExamenFisicoGenetico,GeneticaClinica.pdf",Y,200,
995629,https://miu-documentos.s3.us-west-2.amazonaws.com/DATA-DOCS/miu-hml/documentos/143595/20040100/miuDocumento_995626_5.CasosClinicos-Cromosomopatias.pdf,miu-documentos,DATA-DOCS/miu-hml/documentos/143595/20040100/miuDocumento_995626_5.CasosClinicos-Cromosomopatias.pdf,Y,200,
995720,https://miu-documentos.s3.us-west-2.amazonaws.com/DATA-DOCS/miu-hml/documentos/143595/20040100/miuDocumento_995720_T2.AnomaliasMayores.pdf,miu-documentos,DATA-DOCS/miu-hml/documentos/143595/20040100/miuDocumento_995720_T2.AnomaliasMayores.pdf,Y,200,
995721,https://miu-documentos.s3.us-west-2.amazonaws.com/DATA-DOCS/miu-hml/documentos/143595/20040100/miuDocumento_995720_T2.AnomaliasMayores.pptx,miu-documentos,DATA-DOCS/miu-hml/documentos/143595/20040100/miuDocumento_995720_T2.AnomaliasMayores.pptx,Y,200,
995722,https://miu-documentos.s3.us-west-2.amazonaws.com/DATA-DOCS/miu-hml/documentos/143595/20040100/miuDocumento_995720_T2.AnomaliasMayores.pptx,miu-documentos,DATA-DOCS/miu-hml/documentos/143595/20040100/miuDocumento_995720_T2.AnomaliasMayores.pptx,Y,200,
995723,https://miu-documentos.s3.us-west-2.amazonaws.com/DATA-DOCS/miu-hml/documentos/143595/20040100/miuDocumento_995720_T2.AnomaliasMayores.pptx,miu-documentos,DATA-DOCS/miu-hml/documentos/143595/20040100/miuDocumento_995720_T2.AnomaliasMayores.pptx,Y,200,
995724,https://miu-documentos.s3.us-west-2.amazonaws.com/DATA-DOCS/miu-hml/documentos/143595/20040100/miuDocumento_995720_T2.AnomaliasMayores.pptx,miu-documentos,DATA-DOCS/miu-hml/documentos/143595/20040100/miuDocumento_995720_T2.AnomaliasMayores.pptx,Y,200,
995726,https://miu-documentos.s3.us-west-2.amazonaws.com/DATA-DOCS/miu-hml/documentos/143595/20040100/miuDocumento_995720_T2.AnomaliasMayores.pptx,miu-documentos,DATA-DOCS/miu-hml/documentos/143595/20040100/miuDocumento_995720_T2.AnomaliasMayores.pptx,Y,200,
995748,https://miu-documentos.s3.us-west-2.amazonaws.com/DATA-DOCS/miu-hml/documentos/143595/20040100/miuDocumento_995748_T6.Tamizajes.pdf,miu-documentos,DATA-DOCS/miu-hml/documentos/143595/20040100/miuDocumento_995748_T6.Tamizajes.pdf,Y,200,
995749,https://miu-documentos.s3.us-west-2.amazonaws.com/DATA-DOCS/miu-hml/documentos/143595/20040100/miuDocumento_995748_T6.Tamizajes.pptx,miu-documentos,DATA-DOCS/miu-hml/documentos/143595/20040100/miuDocumento_995748_T6.Tamizajes.pptx,Y,200,
995750,https://miu-documentos.s3.us-west-2.amazonaws.com/DATA-DOCS/miu-hml/documentos/143595/20040100/miuDocumento_995748_T6.Tamizajes.pptx,miu-documentos,DATA-DOCS/miu-hml/documentos/143595/20040100/miuDocumento_995748_T6.Tamizajes.pptx,Y,200,
996721,https://miu-documentos.s3.us-west-2.amazonaws.com/DATA-DOCS/miu-hml/documentos/143679/20100147/miuDocumento_996721_EXAMENGENERALPRACTICO.pdf,miu-documentos,DATA-DOCS/miu-hml/documentos/143679/20100147/miuDocumento_996721_EXAMENGENERALPRACTICO.pdf,Y,200,
996722,https://miu-documentos.s3.us-west-2.amazonaws.com/DATA-DOCS/miu-hml/documentos/143865/20100147/miuDocumento_996721_EXAMENGENERALPRACTICO.pdf,miu-documentos,DATA-DOCS/miu-hml/documentos/143865/20100147/miuDocumento_996721_EXAMENGENERALPRACTICO.pdf,Y,200,
996723,https://miu-documentos.s3.us-west-2.amazonaws.com/DATA-DOCS/miu-hml/documentos/143683/20100147/miuDocumento_996721_EXAMENGENERALPRACTICO.pdf,miu-documentos,DATA-DOCS/miu-hml/documentos/143683/20100147/miuDocumento_996721_EXAMENGENERALPRACTICO.pdf,Y,200,
996724,https://miu-documentos.s3.us-west-2.amazonaws.com/DATA-DOCS/miu-hml/documentos/143682/20100147/miuDocumento_996721_EXAMENGENERALPRACTICO.pdf,miu-documentos,DATA-DOCS/miu-hml/documentos/143682/20100147/miuDocumento_996721_EXAMENGENERALPRACTICO.pdf,Y,200,
996725,https://miu-documentos.s3.us-west-2.amazonaws.com/DATA-DOCS/miu-hml/documentos/143681/20100147/miuDocumento_996721_EXAMENGENERALPRACTICO.pdf,miu-documentos,DATA-DOCS/miu-hml/documentos/143681/20100147/miuDocumento_996721_EXAMENGENERALPRACTICO.pdf,Y,200,
996726,https://miu-documentos.s3.us-west-2.amazonaws.com/DATA-DOCS/miu-hml/documentos/143680/20100147/miuDocumento_996721_EXAMENGENERALPRACTICO.pdf,miu-documentos,DATA-DOCS/miu-hml/documentos/143680/20100147/miuDocumento_996721_EXAMENGENERALPRACTICO.pdf,Y,200,
996727,https://miu-documentos.s3.us-west-2.amazonaws.com/DATA-DOCS/miu-hml/documentos/143684/20100147/miuDocumento_996721_EXAMENGENERALPRACTICO.pdf,miu-documentos,DATA-DOCS/miu-hml/documentos/143684/20100147/miuDocumento_996721_EXAMENGENERALPRACTICO.pdf,Y,200,
996728,https://miu-documentos.s3.us-west-2.amazonaws.com/DATA-DOCS/miu-hml/documentos/142917/12890465/miuDocumento_996728_RCMSyllabusA2026.doc,miu-documentos,DATA-DOCS/miu-hml/documentos/142917/12890465/miuDocumento_996728_RCMSyllabusA2026.doc,Y,200,
995751,https://miu-documentos.s3.us-west-2.amazonaws.com/DATA-DOCS/miu-hml/documentos/143595/20040100/miuDocumento_995748_T6.Tamizajes.pptx,miu-documentos,DATA-DOCS/miu-hml/documentos/143595/20040100/miuDocumento_995748_T6.Tamizajes.pptx,Y,200,
995753,https://miu-documentos.s3.us-west-2.amazonaws.com/DATA-DOCS/miu-hml/documentos/143595/20040100/miuDocumento_995748_T6.Tamizajes.pptx,miu-documentos,DATA-DOCS/miu-hml/documentos/143595/20040100/miuDocumento_995748_T6.Tamizajes.pptx,Y,200,
995769,https://miu-documentos.s3.us-west-2.amazonaws.com/DATA-DOCS/miu-hml/documentos/143595/20040100/miuDocumento_995769_H3.PatronesdeHerencia.pdf,miu-documentos,DATA-DOCS/miu-hml/documentos/143595/20040100/miuDocumento_995769_H3.PatronesdeHerencia.pdf,Y,200,
995770,https://miu-documentos.s3.us-west-2.amazonaws.com/DATA-DOCS/miu-hml/documentos/143595/20040100/miuDocumento_995769_H3.PatronesdeHerencia.pptx,miu-documentos,DATA-DOCS/miu-hml/documentos/143595/20040100/miuDocumento_995769_H3.PatronesdeHerencia.pptx,Y,200,
995771,https://miu-documentos.s3.us-west-2.amazonaws.com/DATA-DOCS/miu-hml/documentos/143595/20040100/miuDocumento_995769_H3.PatronesdeHerencia.pptx,miu-documentos,DATA-DOCS/miu-hml/documentos/143595/20040100/miuDocumento_995769_H3.PatronesdeHerencia.pptx,Y,200,
995772,https://miu-documentos.s3.us-west-2.amazonaws.com/DATA-DOCS/miu-hml/documentos/143595/20040100/miuDocumento_995769_H3.PatronesdeHerencia.pptx,miu-documentos,DATA-DOCS/miu-hml/documentos/143595/20040100/miuDocumento_995769_H3.PatronesdeHerencia.pptx,Y,200,
995773,https://miu-documentos.s3.us-west-2.amazonaws.com/DATA-DOCS/miu-hml/documentos/143595/20040100/miuDocumento_995769_H3.PatronesdeHerencia.pptx,miu-documentos,DATA-DOCS/miu-hml/documentos/143595/20040100/miuDocumento_995769_H3.PatronesdeHerencia.pptx,Y,200,
995932,https://miu-documentos.s3.us-west-2.amazonaws.com/DATA-DOCS/miu-hml/documentos/143583/20040100/miuDocumento_995932_5.DNAMicroarrays.pdf,miu-documentos,DATA-DOCS/miu-hml/documentos/143583/20040100/miuDocumento_995932_5.DNAMicroarrays.pdf,Y,200,
995934,https://miu-documentos.s3.us-west-2.amazonaws.com/DATA-DOCS/miu-hml/documentos/143583/20040100/miuDocumento_995932_5.DNAMicroarrays.pdf,miu-documentos,DATA-DOCS/miu-hml/documentos/143583/20040100/miuDocumento_995932_5.DNAMicroarrays.pdf,Y,200,
995935,https://miu-documentos.s3.us-west-2.amazonaws.com/DATA-DOCS/miu-hml/documentos/143583/20040100/miuDocumento_995932_5.DNAMicroarrays.pdf,miu-documentos,DATA-DOCS/miu-hml/documentos/143583/20040100/miuDocumento_995932_5.DNAMicroarrays.pdf,Y,200,
995936,https://miu-documentos.s3.us-west-2.amazonaws.com/DATA-DOCS/miu-hml/documentos/143583/20040100/miuDocumento_995932_5.DNAMicroarrays.pdf,miu-documentos,DATA-DOCS/miu-hml/documentos/143583/20040100/miuDocumento_995932_5.DNAMicroarrays.pdf,Y,200,
996004,https://miu-documentos.s3.us-west-2.amazonaws.com/DATA-DOCS/miu-hml/documentos/143868/20021275/miuDocumento_959964_LINEAMIENTOSGENERALESPARAINTERNOSUNOPv10_961228.05,miu-documentos,DATA-DOCS/miu-hml/documentos/143868/20021275/miuDocumento_959964_LINEAMIENTOSGENERALESPARAINTERNOSUNOPv10_961228.05,Y,200,
996005,https://miu-documentos.s3.us-west-2.amazonaws.com/DATA-DOCS/miu-hml/documentos/143671/20021275/miuDocumento_959964_LINEAMIENTOSGENERALESPARAINTERNOSUNOPv10_961228.05,miu-documentos,DATA-DOCS/miu-hml/documentos/143671/20021275/miuDocumento_959964_LINEAMIENTOSGENERALESPARAINTERNOSUNOPv10_961228.05,Y,200,
996006,https://miu-documentos.s3.us-west-2.amazonaws.com/DATA-DOCS/miu-hml/documentos/143667/20021275/miuDocumento_959964_LINEAMIENTOSGENERALESPARAINTERNOSUNOPv10_961228.05,miu-documentos,DATA-DOCS/miu-hml/documentos/143667/20021275/miuDocumento_959964_LINEAMIENTOSGENERALESPARAINTERNOSUNOPv10_961228.05,Y,200,
996007,https://miu-documentos.s3.us-west-2.amazonaws.com/DATA-DOCS/miu-hml/documentos/143668/20021275/miuDocumento_959964_LINEAMIENTOSGENERALESPARAINTERNOSUNOPv10_961228.05,miu-documentos,DATA-DOCS/miu-hml/documentos/143668/20021275/miuDocumento_959964_LINEAMIENTOSGENERALESPARAINTERNOSUNOPv10_961228.05,Y,200,
996009,https://miu-documentos.s3.us-west-2.amazonaws.com/DATA-DOCS/miu-hml/documentos/143670/20021275/miuDocumento_959964_LINEAMIENTOSGENERALESPARAINTERNOSUNOPv10_961228.05,miu-documentos,DATA-DOCS/miu-hml/documentos/143670/20021275/miuDocumento_959964_LINEAMIENTOSGENERALESPARAINTERNOSUNOPv10_961228.05,Y,200,
996010,https://miu-documentos.s3.us-west-2.amazonaws.com/DATA-DOCS/miu-hml/documentos/143666/20021275/miuDocumento_959964_LINEAMIENTOSGENERALESPARAINTERNOSUNOPv10_961228.05,miu-documentos,DATA-DOCS/miu-hml/documentos/143666/20021275/miuDocumento_959964_LINEAMIENTOSGENERALESPARAINTERNOSUNOPv10_961228.05,Y,200,
996011,https://miu-documentos.s3.us-west-2.amazonaws.com/DATA-DOCS/miu-hml/documentos/143868/20021275/miuDocumento_959968_REGISTRO_CLINICO_PEDIATRICO_961220.doc,miu-documentos,DATA-DOCS/miu-hml/documentos/143868/20021275/miuDocumento_959968_REGISTRO_CLINICO_PEDIATRICO_961220.doc,Y,200,
995390,https://miu-documentos.s3.us-west-2.amazonaws.com/DATA-DOCS/miu-hml/documentos/143023/20241404/miuDocumento_995390_EvaluacionesAsesor-PE2026.xlsx-Funciones.pdf,miu-documentos,DATA-DOCS/miu-hml/documentos/143023/20241404/miuDocumento_995390_EvaluacionesAsesor-PE2026.xlsx-Funciones.pdf,Y,200,
995395,https://miu-documentos.s3.us-west-2.amazonaws.com/DATA-DOCS/miu-hml/documentos/143023/20241404/miuDocumento_995395_7.RubricaBestPractice.pdf,miu-documentos,DATA-DOCS/miu-hml/documentos/143023/20241404/miuDocumento_995395_7.RubricaBestPractice.pdf,Y,200,
995399,https://miu-documentos.s3.us-west-2.amazonaws.com/DATA-DOCS/miu-hml/documentos/143253/20021249/miuDocumento_995399_03Proyectosdeexpansionyreemplazo-2026.pdf,miu-documentos,DATA-DOCS/miu-hml/documentos/143253/20021249/miuDocumento_995399_03Proyectosdeexpansionyreemplazo-2026.pdf,Y,200,
995405,https://miu-documentos.s3.us-west-2.amazonaws.com/DATA-DOCS/miu-hml/documentos/143597/20090970/miuDocumento_995405_FearandTremblingKierkegaard.pdf,miu-documentos,DATA-DOCS/miu-hml/documentos/143597/20090970/miuDocumento_995405_FearandTremblingKierkegaard.pdf,Y,200,
995544,https://miu-documentos.s3.us-west-2.amazonaws.com/DATA-DOCS/miu-hml/documentos/138170/20090970/miuDocumento_958693_CriticalThinkingSkills-StellaCottrell_995544.pdf,miu-documentos,DATA-DOCS/miu-hml/documentos/138170/20090970/miuDocumento_958693_CriticalThinkingSkills-StellaCottrell_995544.pdf,Y,200,
995548,https://miu-documentos.s3.us-west-2.amazonaws.com/DATA-DOCS/miu-hml/documentos/138170/20090970/miuDocumento_958697_Lahermeneutica-Ferraris_995548.pdf,miu-documentos,DATA-DOCS/miu-hml/documentos/138170/20090970/miuDocumento_958697_Lahermeneutica-Ferraris_995548.pdf,Y,200,
995550,https://miu-documentos.s3.us-west-2.amazonaws.com/DATA-DOCS/miu-hml/documentos/138170/20090970/miuDocumento_958699_Teoriadelconocimiento-Hessen_995550.pdf,miu-documentos,DATA-DOCS/miu-hml/documentos/138170/20090970/miuDocumento_958699_Teoriadelconocimiento-Hessen_995550.pdf,Y,200,
995552,https://miu-documentos.s3.us-west-2.amazonaws.com/DATA-DOCS/miu-hml/documentos/138170/20090970/miuDocumento_958701_Discursorectoral_995552.pdf,miu-documentos,DATA-DOCS/miu-hml/documentos/138170/20090970/miuDocumento_958701_Discursorectoral_995552.pdf,Y,200,
995554,https://miu-documentos.s3.us-west-2.amazonaws.com/DATA-DOCS/miu-hml/documentos/138170/20090970/miuDocumento_958703_Teoriadelconocimiento-AlejandroLlano_995554.pdf,miu-documentos,DATA-DOCS/miu-hml/documentos/138170/20090970/miuDocumento_958703_Teoriadelconocimiento-AlejandroLlano_995554.pdf,Y,200,
995556,https://miu-documentos.s3.us-west-2.amazonaws.com/DATA-DOCS/miu-hml/documentos/138170/20090970/miuDocumento_958705_RazonamientoCritico-Polanco_995556.pdf,miu-documentos,DATA-DOCS/miu-hml/documentos/138170/20090970/miuDocumento_958705_RazonamientoCritico-Polanco_995556.pdf,Y,200,
995560,"https://miu-documentos.s3.us-west-2.amazonaws.com/DATA-DOCS/miu-hml/documentos/138170/20090970/miuDocumento_958755_ManuelVelasquez,Philosophy_995560.pdf",miu-documentos,"DATA-DOCS/miu-hml/documentos/138170/20090970/miuDocumento_958755_ManuelVelasquez,Philosophy_995560.pdf",Y,200,
996001,https://miu-documentos.s3.us-west-2.amazonaws.com/DATA-DOCS/miu-hml/documentos/144827/20230676/miuDocumento_996001_RepositoriodeProcesosyChatbotconAI.docx,miu-documentos,DATA-DOCS/miu-hml/documentos/144827/20230676/miuDocumento_996001_RepositoriodeProcesosyChatbotconAI.docx,Y,200,
996093,https://miu-documentos.s3.us-west-2.amazonaws.com/DATA-DOCS/miu-hml/documentos/143587/20021275/miuDocumento_996093_1TUTORESBARBARA.xlsx,miu-documentos,DATA-DOCS/miu-hml/documentos/143587/20021275/miuDocumento_996093_1TUTORESBARBARA.xlsx,Y,200,
996095,https://miu-documentos.s3.us-west-2.amazonaws.com/DATA-DOCS/miu-hml/documentos/143589/20021275/miuDocumento_996093_1TUTORESBARBARA.xlsx,miu-documentos,DATA-DOCS/miu-hml/documentos/143589/20021275/miuDocumento_996093_1TUTORESBARBARA.xlsx,Y,200,
996096,https://miu-documentos.s3.us-west-2.amazonaws.com/DATA-DOCS/miu-hml/documentos/143588/20021275/miuDocumento_996093_1TUTORESBARBARA.xlsx,miu-documentos,DATA-DOCS/miu-hml/documentos/143588/20021275/miuDocumento_996093_1TUTORESBARBARA.xlsx,Y,200,
996097,https://miu-documentos.s3.us-west-2.amazonaws.com/DATA-DOCS/miu-hml/documentos/143590/20021275/miuDocumento_996093_1TUTORESBARBARA.xlsx,miu-documentos,DATA-DOCS/miu-hml/documentos/143590/20021275/miuDocumento_996093_1TUTORESBARBARA.xlsx,Y,200,
996013,https://miu-documentos.s3.us-west-2.amazonaws.com/DATA-DOCS/miu-hml/documentos/143667/20021275/miuDocumento_959968_REGISTRO_CLINICO_PEDIATRICO_961220.doc,miu-documentos,DATA-DOCS/miu-hml/documentos/143667/20021275/miuDocumento_959968_REGISTRO_CLINICO_PEDIATRICO_961220.doc,Y,200,
996014,https://miu-documentos.s3.us-west-2.amazonaws.com/DATA-DOCS/miu-hml/documentos/143668/20021275/miuDocumento_959968_REGISTRO_CLINICO_PEDIATRICO_961220.doc,miu-documentos,DATA-DOCS/miu-hml/documentos/143668/20021275/miuDocumento_959968_REGISTRO_CLINICO_PEDIATRICO_961220.doc,Y,200,
996015,https://miu-documentos.s3.us-west-2.amazonaws.com/DATA-DOCS/miu-hml/documentos/143669/20021275/miuDocumento_959968_REGISTRO_CLINICO_PEDIATRICO_961220.doc,miu-documentos,DATA-DOCS/miu-hml/documentos/143669/20021275/miuDocumento_959968_REGISTRO_CLINICO_PEDIATRICO_961220.doc,Y,200,
996017,https://miu-documentos.s3.us-west-2.amazonaws.com/DATA-DOCS/miu-hml/documentos/143666/20021275/miuDocumento_959968_REGISTRO_CLINICO_PEDIATRICO_961220.doc,miu-documentos,DATA-DOCS/miu-hml/documentos/143666/20021275/miuDocumento_959968_REGISTRO_CLINICO_PEDIATRICO_961220.doc,Y,200,
996019,https://miu-documentos.s3.us-west-2.amazonaws.com/DATA-DOCS/miu-hml/documentos/143671/20021275/miuDocumento_959965_EVALUACIONINICIALCONFERERENCIA2016_961242.pptx,miu-documentos,DATA-DOCS/miu-hml/documentos/143671/20021275/miuDocumento_959965_EVALUACIONINICIALCONFERERENCIA2016_961242.pptx,Y,200,
996020,https://miu-documentos.s3.us-west-2.amazonaws.com/DATA-DOCS/miu-hml/documentos/143667/20021275/miuDocumento_959965_EVALUACIONINICIALCONFERERENCIA2016_961242.pptx,miu-documentos,DATA-DOCS/miu-hml/documentos/143667/20021275/miuDocumento_959965_EVALUACIONINICIALCONFERERENCIA2016_961242.pptx,Y,200,
996021,https://miu-documentos.s3.us-west-2.amazonaws.com/DATA-DOCS/miu-hml/documentos/143668/20021275/miuDocumento_959965_EVALUACIONINICIALCONFERERENCIA2016_961242.pptx,miu-documentos,DATA-DOCS/miu-hml/documentos/143668/20021275/miuDocumento_959965_EVALUACIONINICIALCONFERERENCIA2016_961242.pptx,Y,200,
996024,https://miu-documentos.s3.us-west-2.amazonaws.com/DATA-DOCS/miu-hml/documentos/143666/20021275/miuDocumento_959965_EVALUACIONINICIALCONFERERENCIA2016_961242.pptx,miu-documentos,DATA-DOCS/miu-hml/documentos/143666/20021275/miuDocumento_959965_EVALUACIONINICIALCONFERERENCIA2016_961242.pptx,Y,200,
996025,https://miu-documentos.s3.us-west-2.amazonaws.com/DATA-DOCS/miu-hml/documentos/143868/20021275/miuDocumento_959966_si-desarrollo1_961213.pdf,miu-documentos,DATA-DOCS/miu-hml/documentos/143868/20021275/miuDocumento_959966_si-desarrollo1_961213.pdf,Y,200,
996026,https://miu-documentos.s3.us-west-2.amazonaws.com/DATA-DOCS/miu-hml/documentos/143671/20021275/miuDocumento_959966_si-desarrollo1_961213.pdf,miu-documentos,DATA-DOCS/miu-hml/documentos/143671/20021275/miuDocumento_959966_si-desarrollo1_961213.pdf,Y,200,
996029,https://miu-documentos.s3.us-west-2.amazonaws.com/DATA-DOCS/miu-hml/documentos/143669/20021275/miuDocumento_959966_si-desarrollo1_961213.pdf,miu-documentos,DATA-DOCS/miu-hml/documentos/143669/20021275/miuDocumento_959966_si-desarrollo1_961213.pdf,Y,200,
996030,https://miu-documentos.s3.us-west-2.amazonaws.com/DATA-DOCS/miu-hml/documentos/143670/20021275/miuDocumento_959966_si-desarrollo1_961213.pdf,miu-documentos,DATA-DOCS/miu-hml/documentos/143670/20021275/miuDocumento_959966_si-desarrollo1_961213.pdf,Y,200,
996031,https://miu-documentos.s3.us-west-2.amazonaws.com/DATA-DOCS/miu-hml/documentos/143666/20021275/miuDocumento_959966_si-desarrollo1_961213.pdf,miu-documentos,DATA-DOCS/miu-hml/documentos/143666/20021275/miuDocumento_959966_si-desarrollo1_961213.pdf,Y,200,
996032,https://miu-documentos.s3.us-west-2.amazonaws.com/DATA-DOCS/miu-hml/documentos/143868/20021275/miuDocumento_965861_BibliografiaInternos.xlsx,miu-documentos,DATA-DOCS/miu-hml/documentos/143868/20021275/miuDocumento_965861_BibliografiaInternos.xlsx,Y,200,
996033,https://miu-documentos.s3.us-west-2.amazonaws.com/DATA-DOCS/miu-hml/documentos/143671/20021275/miuDocumento_965861_BibliografiaInternos.xlsx,miu-documentos,DATA-DOCS/miu-hml/documentos/143671/20021275/miuDocumento_965861_BibliografiaInternos.xlsx,Y,200,
996034,https://miu-documentos.s3.us-west-2.amazonaws.com/DATA-DOCS/miu-hml/documentos/143667/20021275/miuDocumento_965861_BibliografiaInternos.xlsx,miu-documentos,DATA-DOCS/miu-hml/documentos/143667/20021275/miuDocumento_965861_BibliografiaInternos.xlsx,Y,200,
996035,https://miu-documentos.s3.us-west-2.amazonaws.com/DATA-DOCS/miu-hml/documentos/143668/20021275/miuDocumento_965861_BibliografiaInternos.xlsx,miu-documentos,DATA-DOCS/miu-hml/documentos/143668/20021275/miuDocumento_965861_BibliografiaInternos.xlsx,Y,200,
996036,https://miu-documentos.s3.us-west-2.amazonaws.com/DATA-DOCS/miu-hml/documentos/143669/20021275/miuDocumento_965861_BibliografiaInternos.xlsx,miu-documentos,DATA-DOCS/miu-hml/documentos/143669/20021275/miuDocumento_965861_BibliografiaInternos.xlsx,Y,200,
996037,https://miu-documentos.s3.us-west-2.amazonaws.com/DATA-DOCS/miu-hml/documentos/143670/20021275/miuDocumento_965861_BibliografiaInternos.xlsx,miu-documentos,DATA-DOCS/miu-hml/documentos/143670/20021275/miuDocumento_965861_BibliografiaInternos.xlsx,Y,200,
996038,https://miu-documentos.s3.us-west-2.amazonaws.com/DATA-DOCS/miu-hml/documentos/143666/20021275/miuDocumento_965861_BibliografiaInternos.xlsx,miu-documentos,DATA-DOCS/miu-hml/documentos/143666/20021275/miuDocumento_965861_BibliografiaInternos.xlsx,Y,200,
996039,https://miu-documentos.s3.us-west-2.amazonaws.com/DATA-DOCS/miu-hml/documentos/143868/20021275/miuDocumento_961528_papeleta_por_Weed.doc,miu-documentos,DATA-DOCS/miu-hml/documentos/143868/20021275/miuDocumento_961528_papeleta_por_Weed.doc,Y,200,
996040,https://miu-documentos.s3.us-west-2.amazonaws.com/DATA-DOCS/miu-hml/documentos/143671/20021275/miuDocumento_961528_papeleta_por_Weed.doc,miu-documentos,DATA-DOCS/miu-hml/documentos/143671/20021275/miuDocumento_961528_papeleta_por_Weed.doc,Y,200,
995480,https://miu-documentos.s3.us-west-2.amazonaws.com/DATA-DOCS/miu-hml/documentos/136208/20090970/miuDocumento_944206_Teoriadelajusticia-Rawls_958659_980233_995480.pdf,miu-documentos,DATA-DOCS/miu-hml/documentos/136208/20090970/miuDocumento_944206_Teoriadelajusticia-Rawls_958659_980233_995480.pdf,Y,200,
996098,https://miu-documentos.s3.us-west-2.amazonaws.com/DATA-DOCS/miu-hml/documentos/143587/20021275/miuDocumento_996098_CASenero2026amarzo2026.xlsx,miu-documentos,DATA-DOCS/miu-hml/documentos/143587/20021275/miuDocumento_996098_CASenero2026amarzo2026.xlsx,Y,200,
996192,https://miu-documentos.s3.us-west-2.amazonaws.com/DATA-DOCS/miu-hml/documentos/143666/20021275/miuDocumento_996192_ROLDEINTERNOSIGSS-UFMENEFEB26.docx,miu-documentos,DATA-DOCS/miu-hml/documentos/143666/20021275/miuDocumento_996192_ROLDEINTERNOSIGSS-UFMENEFEB26.docx,Y,200,
996100,https://miu-documentos.s3.us-west-2.amazonaws.com/DATA-DOCS/miu-hml/documentos/143589/20021275/miuDocumento_996098_CASenero2026amarzo2026.xlsx,miu-documentos,DATA-DOCS/miu-hml/documentos/143589/20021275/miuDocumento_996098_CASenero2026amarzo2026.xlsx,Y,200,
996101,https://miu-documentos.s3.us-west-2.amazonaws.com/DATA-DOCS/miu-hml/documentos/143588/20021275/miuDocumento_996098_CASenero2026amarzo2026.xlsx,miu-documentos,DATA-DOCS/miu-hml/documentos/143588/20021275/miuDocumento_996098_CASenero2026amarzo2026.xlsx,Y,200,
996102,https://miu-documentos.s3.us-west-2.amazonaws.com/DATA-DOCS/miu-hml/documentos/143590/20021275/miuDocumento_996098_CASenero2026amarzo2026.xlsx,miu-documentos,DATA-DOCS/miu-hml/documentos/143590/20021275/miuDocumento_996098_CASenero2026amarzo2026.xlsx,Y,200,
996193,https://miu-documentos.s3.us-west-2.amazonaws.com/DATA-DOCS/miu-hml/documentos/143666/20021275/miuDocumento_996193_Programaacadmicoenero-febrero2026.xlsx,miu-documentos,DATA-DOCS/miu-hml/documentos/143666/20021275/miuDocumento_996193_Programaacadmicoenero-febrero2026.xlsx,Y,200,
996328,https://miu-documentos.s3.us-west-2.amazonaws.com/DATA-DOCS/miu-hml/documentos/143453/20030090/miuDocumento_712711_1CadenaSuministrosVulnerabilidadAL(1)(3)_774512_926461.pdf,miu-documentos,DATA-DOCS/miu-hml/documentos/143453/20030090/miuDocumento_712711_1CadenaSuministrosVulnerabilidadAL(1)(3)_774512_926461.pdf,Y,200,
996329,https://miu-documentos.s3.us-west-2.amazonaws.com/DATA-DOCS/miu-hml/documentos/143453/20030090/miuDocumento_712712_ENADE2016-PromoviendoCiudadesIntermedias(310816)Columnistas_774514_926463.pdf,miu-documentos,DATA-DOCS/miu-hml/documentos/143453/20030090/miuDocumento_712712_ENADE2016-PromoviendoCiudadesIntermedias(310816)Columnistas_774514_926463.pdf,Y,200,
996330,https://miu-documentos.s3.us-west-2.amazonaws.com/DATA-DOCS/miu-hml/documentos/143453/20030090/miuDocumento_712713_ENADE_2017_-_Mas_y_Mejor_Infraestructura_Vial_a-Futuro_(270917)_Columnistas_774513_926462.pdf,miu-documentos,DATA-DOCS/miu-hml/documentos/143453/20030090/miuDocumento_712713_ENADE_2017_-_Mas_y_Mejor_Infraestructura_Vial_a-Futuro_(270917)_Columnistas_774513_926462.pdf,Y,200,
996331,https://miu-documentos.s3.us-west-2.amazonaws.com/DATA-DOCS/miu-hml/documentos/143453/20030090/miuDocumento_713423_LeydePesosyDimensiones_774515_926464.pdf,miu-documentos,DATA-DOCS/miu-hml/documentos/143453/20030090/miuDocumento_713423_LeydePesosyDimensiones_774515_926464.pdf,Y,200,
995491,https://miu-documentos.s3.us-west-2.amazonaws.com/DATA-DOCS/miu-hml/documentos/136208/20090970/miuDocumento_944212_TheHumanCondition-Arendt_958665_980236_995491.pdf,miu-documentos,DATA-DOCS/miu-hml/documentos/136208/20090970/miuDocumento_944212_TheHumanCondition-Arendt_958665_980236_995491.pdf,Y,200,
995495,https://miu-documentos.s3.us-west-2.amazonaws.com/DATA-DOCS/miu-hml/documentos/136208/20090970/miuDocumento_944215_DisciplineandPunish-Foucault_958667_980237_995495.pdf,miu-documentos,DATA-DOCS/miu-hml/documentos/136208/20090970/miuDocumento_944215_DisciplineandPunish-Foucault_958667_980237_995495.pdf,Y,200,
995613,"https://miu-documentos.s3.us-west-2.amazonaws.com/DATA-DOCS/miu-hml/documentos/143595/20040100/miuDocumento_995610_1.ExamenFisicoGenetico,GeneticaClinica.pdf",miu-documentos,"DATA-DOCS/miu-hml/documentos/143595/20040100/miuDocumento_995610_1.ExamenFisicoGenetico,GeneticaClinica.pdf",Y,200,
996023,https://miu-documentos.s3.us-west-2.amazonaws.com/DATA-DOCS/miu-hml/documentos/143670/20021275/miuDocumento_959965_EVALUACIONINICIALCONFERERENCIA2016_961242.pptx,miu-documentos,DATA-DOCS/miu-hml/documentos/143670/20021275/miuDocumento_959965_EVALUACIONINICIALCONFERERENCIA2016_961242.pptx,Y,200,
995933,https://miu-documentos.s3.us-west-2.amazonaws.com/DATA-DOCS/miu-hml/documentos/143583/20040100/miuDocumento_995932_5.DNAMicroarrays.pdf,miu-documentos,DATA-DOCS/miu-hml/documentos/143583/20040100/miuDocumento_995932_5.DNAMicroarrays.pdf,Y,200,
996129,https://miu-documentos.s3.us-west-2.amazonaws.com/DATA-DOCS/miu-hml/documentos/143342/16860249/miuDocumento_996129_captulo1ElliberalismoenGuatemalaCastellanos.pdf,miu-documentos,DATA-DOCS/miu-hml/documentos/143342/16860249/miuDocumento_996129_captulo1ElliberalismoenGuatemalaCastellanos.pdf,Y,200,
996332,https://miu-documentos.s3.us-west-2.amazonaws.com/DATA-DOCS/miu-hml/documentos/143453/20030090/miuDocumento_712715_MonitorLogistico2-2017_774516_926466.pdf,miu-documentos,DATA-DOCS/miu-hml/documentos/143453/20030090/miuDocumento_712715_MonitorLogistico2-2017_774516_926466.pdf,Y,200,
996333,https://miu-documentos.s3.us-west-2.amazonaws.com/DATA-DOCS/miu-hml/documentos/143453/20030090/miuDocumento_712716_MonitorLogistico3-2017_774518_926468.pdf,miu-documentos,DATA-DOCS/miu-hml/documentos/143453/20030090/miuDocumento_712716_MonitorLogistico3-2017_774518_926468.pdf,Y,200,
996334,https://miu-documentos.s3.us-west-2.amazonaws.com/DATA-DOCS/miu-hml/documentos/143453/20030090/miuDocumento_712714_MonitorLogistico1-2017_774517_926467.pdf,miu-documentos,DATA-DOCS/miu-hml/documentos/143453/20030090/miuDocumento_712714_MonitorLogistico1-2017_774517_926467.pdf,Y,200,
996335,https://miu-documentos.s3.us-west-2.amazonaws.com/DATA-DOCS/miu-hml/documentos/143453/20030090/miuDocumento_712719_Soluciones_para_automatizar_CEDIS_774519_926469.pdf,miu-documentos,DATA-DOCS/miu-hml/documentos/143453/20030090/miuDocumento_712719_Soluciones_para_automatizar_CEDIS_774519_926469.pdf,Y,200,
996336,https://miu-documentos.s3.us-west-2.amazonaws.com/DATA-DOCS/miu-hml/documentos/143453/20030090/miuDocumento_712724_TheDemand-DrivenBCG_774524_926470.pdf,miu-documentos,DATA-DOCS/miu-hml/documentos/143453/20030090/miuDocumento_712724_TheDemand-DrivenBCG_774524_926470.pdf,Y,200,
996337,https://miu-documentos.s3.us-west-2.amazonaws.com/DATA-DOCS/miu-hml/documentos/143453/20030090/miuDocumento_712720_Seven_keys_Forecast_774526_926472.pdf,miu-documentos,DATA-DOCS/miu-hml/documentos/143453/20030090/miuDocumento_712720_Seven_keys_Forecast_774526_926472.pdf,Y,200,
996338,https://miu-documentos.s3.us-west-2.amazonaws.com/DATA-DOCS/miu-hml/documentos/143453/20030090/miuDocumento_712729_S&OPBCG_774523_926473.pdf,miu-documentos,DATA-DOCS/miu-hml/documentos/143453/20030090/miuDocumento_712729_S&OPBCG_774523_926473.pdf,Y,200,
996339,https://miu-documentos.s3.us-west-2.amazonaws.com/DATA-DOCS/miu-hml/documentos/143453/20030090/miuDocumento_712721_ArticuloComomedirprecision_774527_926474.pdf,miu-documentos,DATA-DOCS/miu-hml/documentos/143453/20030090/miuDocumento_712721_ArticuloComomedirprecision_774527_926474.pdf,Y,200,
996041,https://miu-documentos.s3.us-west-2.amazonaws.com/DATA-DOCS/miu-hml/documentos/143667/20021275/miuDocumento_961528_papeleta_por_Weed.doc,miu-documentos,DATA-DOCS/miu-hml/documentos/143667/20021275/miuDocumento_961528_papeleta_por_Weed.doc,Y,200,
996042,https://miu-documentos.s3.us-west-2.amazonaws.com/DATA-DOCS/miu-hml/documentos/143668/20021275/miuDocumento_961528_papeleta_por_Weed.doc,miu-documentos,DATA-DOCS/miu-hml/documentos/143668/20021275/miuDocumento_961528_papeleta_por_Weed.doc,Y,200,
996043,https://miu-documentos.s3.us-west-2.amazonaws.com/DATA-DOCS/miu-hml/documentos/143669/20021275/miuDocumento_961528_papeleta_por_Weed.doc,miu-documentos,DATA-DOCS/miu-hml/documentos/143669/20021275/miuDocumento_961528_papeleta_por_Weed.doc,Y,200,
996045,https://miu-documentos.s3.us-west-2.amazonaws.com/DATA-DOCS/miu-hml/documentos/143666/20021275/miuDocumento_961528_papeleta_por_Weed.doc,miu-documentos,DATA-DOCS/miu-hml/documentos/143666/20021275/miuDocumento_961528_papeleta_por_Weed.doc,Y,200,
996046,https://miu-documentos.s3.us-west-2.amazonaws.com/DATA-DOCS/miu-hml/documentos/143868/20021275/miuDocumento_986364_REQUISITOSPARAROTARENUNIDADCUIDADOSINTENSIVOSUNOP.docx,miu-documentos,DATA-DOCS/miu-hml/documentos/143868/20021275/miuDocumento_986364_REQUISITOSPARAROTARENUNIDADCUIDADOSINTENSIVOSUNOP.docx,Y,200,
996048,https://miu-documentos.s3.us-west-2.amazonaws.com/DATA-DOCS/miu-hml/documentos/143667/20021275/miuDocumento_986364_REQUISITOSPARAROTARENUNIDADCUIDADOSINTENSIVOSUNOP.docx,miu-documentos,DATA-DOCS/miu-hml/documentos/143667/20021275/miuDocumento_986364_REQUISITOSPARAROTARENUNIDADCUIDADOSINTENSIVOSUNOP.docx,Y,200,
996049,https://miu-documentos.s3.us-west-2.amazonaws.com/DATA-DOCS/miu-hml/documentos/143668/20021275/miuDocumento_986364_REQUISITOSPARAROTARENUNIDADCUIDADOSINTENSIVOSUNOP.docx,miu-documentos,DATA-DOCS/miu-hml/documentos/143668/20021275/miuDocumento_986364_REQUISITOSPARAROTARENUNIDADCUIDADOSINTENSIVOSUNOP.docx,Y,200,
996050,https://miu-documentos.s3.us-west-2.amazonaws.com/DATA-DOCS/miu-hml/documentos/143669/20021275/miuDocumento_986364_REQUISITOSPARAROTARENUNIDADCUIDADOSINTENSIVOSUNOP.docx,miu-documentos,DATA-DOCS/miu-hml/documentos/143669/20021275/miuDocumento_986364_REQUISITOSPARAROTARENUNIDADCUIDADOSINTENSIVOSUNOP.docx,Y,200,
996051,https://miu-documentos.s3.us-west-2.amazonaws.com/DATA-DOCS/miu-hml/documentos/143670/20021275/miuDocumento_986364_REQUISITOSPARAROTARENUNIDADCUIDADOSINTENSIVOSUNOP.docx,miu-documentos,DATA-DOCS/miu-hml/documentos/143670/20021275/miuDocumento_986364_REQUISITOSPARAROTARENUNIDADCUIDADOSINTENSIVOSUNOP.docx,Y,200,
996052,https://miu-documentos.s3.us-west-2.amazonaws.com/DATA-DOCS/miu-hml/documentos/143666/20021275/miuDocumento_986364_REQUISITOSPARAROTARENUNIDADCUIDADOSINTENSIVOSUNOP.docx,miu-documentos,DATA-DOCS/miu-hml/documentos/143666/20021275/miuDocumento_986364_REQUISITOSPARAROTARENUNIDADCUIDADOSINTENSIVOSUNOP.docx,Y,200,
996130,https://miu-documentos.s3.us-west-2.amazonaws.com/DATA-DOCS/miu-hml/documentos/143342/16860249/miuDocumento_996130_Evolucindelasideassurgimientodelliberalismo.pptx,miu-documentos,DATA-DOCS/miu-hml/documentos/143342/16860249/miuDocumento_996130_Evolucindelasideassurgimientodelliberalismo.pptx,Y,200,
996113,https://miu-documentos.s3.us-west-2.amazonaws.com/DATA-DOCS/miu-hml/documentos/143587/20021275/miuDocumento_996113_Rolturnos9febrerroal20marzo20261.docx,miu-documentos,DATA-DOCS/miu-hml/documentos/143587/20021275/miuDocumento_996113_Rolturnos9febrerroal20marzo20261.docx,Y,200,
996115,https://miu-documentos.s3.us-west-2.amazonaws.com/DATA-DOCS/miu-hml/documentos/143589/20021275/miuDocumento_996113_Rolturnos9febrerroal20marzo20261.docx,miu-documentos,DATA-DOCS/miu-hml/documentos/143589/20021275/miuDocumento_996113_Rolturnos9febrerroal20marzo20261.docx,Y,200,
996116,https://miu-documentos.s3.us-west-2.amazonaws.com/DATA-DOCS/miu-hml/documentos/143588/20021275/miuDocumento_996113_Rolturnos9febrerroal20marzo20261.docx,miu-documentos,DATA-DOCS/miu-hml/documentos/143588/20021275/miuDocumento_996113_Rolturnos9febrerroal20marzo20261.docx,Y,200,
996117,https://miu-documentos.s3.us-west-2.amazonaws.com/DATA-DOCS/miu-hml/documentos/143590/20021275/miuDocumento_996113_Rolturnos9febrerroal20marzo20261.docx,miu-documentos,DATA-DOCS/miu-hml/documentos/143590/20021275/miuDocumento_996113_Rolturnos9febrerroal20marzo20261.docx,Y,200,
995515,https://miu-documentos.s3.us-west-2.amazonaws.com/DATA-DOCS/miu-hml/documentos/136208/20090970/miuDocumento_944225_TheTheoryofCommunicativeAction-Habermas_958677_980242_995515.pdf,miu-documentos,DATA-DOCS/miu-hml/documentos/136208/20090970/miuDocumento_944225_TheTheoryofCommunicativeAction-Habermas_958677_980242_995515.pdf,Y,200,
995511,https://miu-documentos.s3.us-west-2.amazonaws.com/DATA-DOCS/miu-hml/documentos/136208/20090970/miuDocumento_944221_StructuralAnthropology-Levi-Strauss_958675_980241_995511.pdf,miu-documentos,DATA-DOCS/miu-hml/documentos/136208/20090970/miuDocumento_944221_StructuralAnthropology-Levi-Strauss_958675_980241_995511.pdf,Y,200,
995487,https://miu-documentos.s3.us-west-2.amazonaws.com/DATA-DOCS/miu-hml/documentos/136208/20090970/miuDocumento_944208_TheOriginsofTotalitarianism-Arendt_958663_980235_995487.pdf,miu-documentos,DATA-DOCS/miu-hml/documentos/136208/20090970/miuDocumento_944208_TheOriginsofTotalitarianism-Arendt_958663_980235_995487.pdf,Y,200,
997677,https://miu-documentos.s3.us-west-2.amazonaws.com/DATA-DOCS/miu-hml/documentos/143861/20040078/miuDocumento_997676_TheBiasBlindSpot.pdf,miu-documentos,DATA-DOCS/miu-hml/documentos/143861/20040078/miuDocumento_997676_TheBiasBlindSpot.pdf,Y,200,
997678,https://miu-documentos.s3.us-west-2.amazonaws.com/DATA-DOCS/miu-hml/documentos/143856/20040078/miuDocumento_997676_TheBiasBlindSpot.pdf,miu-documentos,DATA-DOCS/miu-hml/documentos/143856/20040078/miuDocumento_997676_TheBiasBlindSpot.pdf,Y,200,
997679,https://miu-documentos.s3.us-west-2.amazonaws.com/DATA-DOCS/miu-hml/documentos/143701/20040078/miuDocumento_997676_TheBiasBlindSpot.pdf,miu-documentos,DATA-DOCS/miu-hml/documentos/143701/20040078/miuDocumento_997676_TheBiasBlindSpot.pdf,Y,200,
997680,https://miu-documentos.s3.us-west-2.amazonaws.com/DATA-DOCS/miu-hml/documentos/143700/20040078/miuDocumento_997676_TheBiasBlindSpot.pdf,miu-documentos,DATA-DOCS/miu-hml/documentos/143700/20040078/miuDocumento_997676_TheBiasBlindSpot.pdf,Y,200,
997681,https://miu-documentos.s3.us-west-2.amazonaws.com/DATA-DOCS/miu-hml/documentos/143861/20040078/miuDocumento_997676_TheBiasBlindSpot.pdf,miu-documentos,DATA-DOCS/miu-hml/documentos/143861/20040078/miuDocumento_997676_TheBiasBlindSpot.pdf,Y,200,
997682,https://miu-documentos.s3.us-west-2.amazonaws.com/DATA-DOCS/miu-hml/documentos/143856/20040078/miuDocumento_997676_TheBiasBlindSpot.pdf,miu-documentos,DATA-DOCS/miu-hml/documentos/143856/20040078/miuDocumento_997676_TheBiasBlindSpot.pdf,Y,200,
997683,https://miu-documentos.s3.us-west-2.amazonaws.com/DATA-DOCS/miu-hml/documentos/143701/20040078/miuDocumento_997676_TheBiasBlindSpot.pdf,miu-documentos,DATA-DOCS/miu-hml/documentos/143701/20040078/miuDocumento_997676_TheBiasBlindSpot.pdf,Y,200,
997684,https://miu-documentos.s3.us-west-2.amazonaws.com/DATA-DOCS/miu-hml/documentos/143700/20040078/miuDocumento_997676_TheBiasBlindSpot.pdf,miu-documentos,DATA-DOCS/miu-hml/documentos/143700/20040078/miuDocumento_997676_TheBiasBlindSpot.pdf,Y,200,
997687,https://miu-documentos.s3.us-west-2.amazonaws.com/DATA-DOCS/miu-hml/documentos/144422/20790011/miuDocumento_997687_DiseoArqutiectonico72026.pdf,miu-documentos,DATA-DOCS/miu-hml/documentos/144422/20790011/miuDocumento_997687_DiseoArqutiectonico72026.pdf,Y,200,
997698,https://miu-documentos.s3.us-west-2.amazonaws.com/DATA-DOCS/miu-hml/documentos/143512/20050531/miuDocumento_997698_Brownr-and-Keeley----Asking--the-Right-Questions---A-Guide-to-Critical-Thinking.pdf,miu-documentos,DATA-DOCS/miu-hml/documentos/143512/20050531/miuDocumento_997698_Brownr-and-Keeley----Asking--the-Right-Questions---A-Guide-to-Critical-Thinking.pdf,Y,200,
997699,https://miu-documentos.s3.us-west-2.amazonaws.com/DATA-DOCS/miu-hml/documentos/143512/20050531/miuDocumento_997699_ManualRazonamientoCritico-MorisPolanco3.pdf,miu-documentos,DATA-DOCS/miu-hml/documentos/143512/20050531/miuDocumento_997699_ManualRazonamientoCritico-MorisPolanco3.pdf,Y,200,
997701,https://miu-documentos.s3.us-west-2.amazonaws.com/DATA-DOCS/miu-hml/documentos/143744/20090214/miuDocumento_997701_IEarticle.pdf,miu-documentos,DATA-DOCS/miu-hml/documentos/143744/20090214/miuDocumento_997701_IEarticle.pdf,Y,200,
997702,https://miu-documentos.s3.us-west-2.amazonaws.com/DATA-DOCS/miu-hml/documentos/143746/20090214/miuDocumento_997701_IEarticle.pdf,miu-documentos,DATA-DOCS/miu-hml/documentos/143746/20090214/miuDocumento_997701_IEarticle.pdf,Y,200,
997703,https://miu-documentos.s3.us-west-2.amazonaws.com/DATA-DOCS/miu-hml/documentos/143745/20090214/miuDocumento_997701_IEarticle.pdf,miu-documentos,DATA-DOCS/miu-hml/documentos/143745/20090214/miuDocumento_997701_IEarticle.pdf,Y,200,
997704,https://miu-documentos.s3.us-west-2.amazonaws.com/DATA-DOCS/miu-hml/documentos/144224/20110462/miuDocumento_997704_ComunicadoGT-AsuntoVenezuela.jpeg,miu-documentos,DATA-DOCS/miu-hml/documentos/144224/20110462/miuDocumento_997704_ComunicadoGT-AsuntoVenezuela.jpeg,Y,200,
997705,https://miu-documentos.s3.us-west-2.amazonaws.com/DATA-DOCS/miu-hml/documentos/144223/20110462/miuDocumento_997704_ComunicadoGT-AsuntoVenezuela.jpeg,miu-documentos,DATA-DOCS/miu-hml/documentos/144223/20110462/miuDocumento_997704_ComunicadoGT-AsuntoVenezuela.jpeg,Y,200,
997709,https://miu-documentos.s3.us-west-2.amazonaws.com/DATA-DOCS/miu-hml/documentos/144590/20190609/miuDocumento_962920_Sesion1-LaExperienciaPoliticadelosAntiguosGriegos.pdf,miu-documentos,DATA-DOCS/miu-hml/documentos/144590/20190609/miuDocumento_962920_Sesion1-LaExperienciaPoliticadelosAntiguosGriegos.pdf,Y,200,
997710,https://miu-documentos.s3.us-west-2.amazonaws.com/DATA-DOCS/miu-hml/documentos/144590/20190609/miuDocumento_835926_Consejosparahacerunaexposicionfilosofica(2)_962933.pdf,miu-documentos,DATA-DOCS/miu-hml/documentos/144590/20190609/miuDocumento_835926_Consejosparahacerunaexposicionfilosofica(2)_962933.pdf,Y,200,
997711,https://miu-documentos.s3.us-west-2.amazonaws.com/DATA-DOCS/miu-hml/documentos/144590/20190609/miuDocumento_873137_miuDocumento_870199_Turnitin-ManualEstudiantes(1)_962928.pdf,miu-documentos,DATA-DOCS/miu-hml/documentos/144590/20190609/miuDocumento_873137_miuDocumento_870199_Turnitin-ManualEstudiantes(1)_962928.pdf,Y,200,
997712,https://miu-documentos.s3.us-west-2.amazonaws.com/DATA-DOCS/miu-hml/documentos/144590/20190609/miuDocumento_962925_ElgeniodeOccidente(SpanishEdition).pdf,miu-documentos,DATA-DOCS/miu-hml/documentos/144590/20190609/miuDocumento_962925_ElgeniodeOccidente(SpanishEdition).pdf,Y,200,
997713,https://miu-documentos.s3.us-west-2.amazonaws.com/DATA-DOCS/miu-hml/documentos/144590/20190609/miuDocumento_796474_Kagan-Comoescribirensayos-subrayado_962926.pdf,miu-documentos,DATA-DOCS/miu-hml/documentos/144590/20190609/miuDocumento_796474_Kagan-Comoescribirensayos-subrayado_962926.pdf,Y,200,
995607,https://miu-documentos.s3.us-west-2.amazonaws.com/DATA-DOCS/miu-hml/documentos/144646/20210445/miuDocumento_995607_GlasnerZimmerman-TheSraffa-HayekDebateontheNaturalRateofInterest.pdf,miu-documentos,DATA-DOCS/miu-hml/documentos/144646/20210445/miuDocumento_995607_GlasnerZimmerman-TheSraffa-HayekDebateontheNaturalRateofInterest.pdf,Y,200,
995331,https://miu-documentos.s3.us-west-2.amazonaws.com/DATA-DOCS/miu-hml/documentos/118238/20150864/miuDocumento_814686_robbins-patologiaestructuralyfuncional6ed-1_855144_959086_995331.pdf,miu-documentos,DATA-DOCS/miu-hml/documentos/118238/20150864/miuDocumento_814686_robbins-patologiaestructuralyfuncional6ed-1_855144_959086_995331.pdf,Y,200,
995394,https://miu-documentos.s3.us-west-2.amazonaws.com/DATA-DOCS/miu-hml/documentos/143023/20241404/miuDocumento_995394_8.Rubricainformesejecutivosyreportedehoras.pdf,miu-documentos,DATA-DOCS/miu-hml/documentos/143023/20241404/miuDocumento_995394_8.Rubricainformesejecutivosyreportedehoras.pdf,Y,200,
996055,https://miu-documentos.s3.us-west-2.amazonaws.com/DATA-DOCS/miu-hml/documentos/143589/20021275/miuDocumento_964854_ManejodesospechadeabusoenCSB.docx,miu-documentos,DATA-DOCS/miu-hml/documentos/143589/20021275/miuDocumento_964854_ManejodesospechadeabusoenCSB.docx,Y,200,
996056,https://miu-documentos.s3.us-west-2.amazonaws.com/DATA-DOCS/miu-hml/documentos/143588/20021275/miuDocumento_964854_ManejodesospechadeabusoenCSB.docx,miu-documentos,DATA-DOCS/miu-hml/documentos/143588/20021275/miuDocumento_964854_ManejodesospechadeabusoenCSB.docx,Y,200,
996057,https://miu-documentos.s3.us-west-2.amazonaws.com/DATA-DOCS/miu-hml/documentos/143590/20021275/miuDocumento_964854_ManejodesospechadeabusoenCSB.docx,miu-documentos,DATA-DOCS/miu-hml/documentos/143590/20021275/miuDocumento_964854_ManejodesospechadeabusoenCSB.docx,Y,200,
996058,https://miu-documentos.s3.us-west-2.amazonaws.com/DATA-DOCS/miu-hml/documentos/143587/20021275/miuDocumento_819784_REGISTRO_CLINICO_PEDIATRICO_923562.doc,miu-documentos,DATA-DOCS/miu-hml/documentos/143587/20021275/miuDocumento_819784_REGISTRO_CLINICO_PEDIATRICO_923562.doc,Y,200,
996059,https://miu-documentos.s3.us-west-2.amazonaws.com/DATA-DOCS/miu-hml/documentos/143824/20021275/miuDocumento_819784_REGISTRO_CLINICO_PEDIATRICO_923562.doc,miu-documentos,DATA-DOCS/miu-hml/documentos/143824/20021275/miuDocumento_819784_REGISTRO_CLINICO_PEDIATRICO_923562.doc,Y,200,
996060,https://miu-documentos.s3.us-west-2.amazonaws.com/DATA-DOCS/miu-hml/documentos/143589/20021275/miuDocumento_819784_REGISTRO_CLINICO_PEDIATRICO_923562.doc,miu-documentos,DATA-DOCS/miu-hml/documentos/143589/20021275/miuDocumento_819784_REGISTRO_CLINICO_PEDIATRICO_923562.doc,Y,200,
996061,https://miu-documentos.s3.us-west-2.amazonaws.com/DATA-DOCS/miu-hml/documentos/143588/20021275/miuDocumento_819784_REGISTRO_CLINICO_PEDIATRICO_923562.doc,miu-documentos,DATA-DOCS/miu-hml/documentos/143588/20021275/miuDocumento_819784_REGISTRO_CLINICO_PEDIATRICO_923562.doc,Y,200,
996062,https://miu-documentos.s3.us-west-2.amazonaws.com/DATA-DOCS/miu-hml/documentos/143590/20021275/miuDocumento_819784_REGISTRO_CLINICO_PEDIATRICO_923562.doc,miu-documentos,DATA-DOCS/miu-hml/documentos/143590/20021275/miuDocumento_819784_REGISTRO_CLINICO_PEDIATRICO_923562.doc,Y,200,
996063,https://miu-documentos.s3.us-west-2.amazonaws.com/DATA-DOCS/miu-hml/documentos/143587/20021275/miuDocumento_819780_ProtocoloparaPediatria_923561.(1),miu-documentos,DATA-DOCS/miu-hml/documentos/143587/20021275/miuDocumento_819780_ProtocoloparaPediatria_923561.(1),Y,200,
996064,https://miu-documentos.s3.us-west-2.amazonaws.com/DATA-DOCS/miu-hml/documentos/143824/20021275/miuDocumento_819780_ProtocoloparaPediatria_923561.(1),miu-documentos,DATA-DOCS/miu-hml/documentos/143824/20021275/miuDocumento_819780_ProtocoloparaPediatria_923561.(1),Y,200,
996065,https://miu-documentos.s3.us-west-2.amazonaws.com/DATA-DOCS/miu-hml/documentos/143589/20021275/miuDocumento_819780_ProtocoloparaPediatria_923561.(1),miu-documentos,DATA-DOCS/miu-hml/documentos/143589/20021275/miuDocumento_819780_ProtocoloparaPediatria_923561.(1),Y,200,
996066,https://miu-documentos.s3.us-west-2.amazonaws.com/DATA-DOCS/miu-hml/documentos/143588/20021275/miuDocumento_819780_ProtocoloparaPediatria_923561.(1),miu-documentos,DATA-DOCS/miu-hml/documentos/143588/20021275/miuDocumento_819780_ProtocoloparaPediatria_923561.(1),Y,200,
996067,https://miu-documentos.s3.us-west-2.amazonaws.com/DATA-DOCS/miu-hml/documentos/143590/20021275/miuDocumento_819780_ProtocoloparaPediatria_923561.(1),miu-documentos,DATA-DOCS/miu-hml/documentos/143590/20021275/miuDocumento_819780_ProtocoloparaPediatria_923561.(1),Y,200,
996068,https://miu-documentos.s3.us-west-2.amazonaws.com/DATA-DOCS/miu-hml/documentos/143587/20021275/miuDocumento_834611_FormatoparalasGuias_923563.doc,miu-documentos,DATA-DOCS/miu-hml/documentos/143587/20021275/miuDocumento_834611_FormatoparalasGuias_923563.doc,Y,200,
996069,https://miu-documentos.s3.us-west-2.amazonaws.com/DATA-DOCS/miu-hml/documentos/143824/20021275/miuDocumento_834611_FormatoparalasGuias_923563.doc,miu-documentos,DATA-DOCS/miu-hml/documentos/143824/20021275/miuDocumento_834611_FormatoparalasGuias_923563.doc,Y,200,
996070,https://miu-documentos.s3.us-west-2.amazonaws.com/DATA-DOCS/miu-hml/documentos/143589/20021275/miuDocumento_834611_FormatoparalasGuias_923563.doc,miu-documentos,DATA-DOCS/miu-hml/documentos/143589/20021275/miuDocumento_834611_FormatoparalasGuias_923563.doc,Y,200,
996071,https://miu-documentos.s3.us-west-2.amazonaws.com/DATA-DOCS/miu-hml/documentos/143588/20021275/miuDocumento_834611_FormatoparalasGuias_923563.doc,miu-documentos,DATA-DOCS/miu-hml/documentos/143588/20021275/miuDocumento_834611_FormatoparalasGuias_923563.doc,Y,200,
996072,https://miu-documentos.s3.us-west-2.amazonaws.com/DATA-DOCS/miu-hml/documentos/143590/20021275/miuDocumento_834611_FormatoparalasGuias_923563.doc,miu-documentos,DATA-DOCS/miu-hml/documentos/143590/20021275/miuDocumento_834611_FormatoparalasGuias_923563.doc,Y,200,
996073,https://miu-documentos.s3.us-west-2.amazonaws.com/DATA-DOCS/miu-hml/documentos/143587/20021275/miuDocumento_819772_papeleta_por_Weed[1]_923560.Externos,miu-documentos,DATA-DOCS/miu-hml/documentos/143587/20021275/miuDocumento_819772_papeleta_por_Weed[1]_923560.Externos,Y,200,
996074,https://miu-documentos.s3.us-west-2.amazonaws.com/DATA-DOCS/miu-hml/documentos/143824/20021275/miuDocumento_819772_papeleta_por_Weed[1]_923560.Externos,miu-documentos,DATA-DOCS/miu-hml/documentos/143824/20021275/miuDocumento_819772_papeleta_por_Weed[1]_923560.Externos,Y,200,
996075,https://miu-documentos.s3.us-west-2.amazonaws.com/DATA-DOCS/miu-hml/documentos/143589/20021275/miuDocumento_819772_papeleta_por_Weed[1]_923560.Externos,miu-documentos,DATA-DOCS/miu-hml/documentos/143589/20021275/miuDocumento_819772_papeleta_por_Weed[1]_923560.Externos,Y,200,
996076,https://miu-documentos.s3.us-west-2.amazonaws.com/DATA-DOCS/miu-hml/documentos/143588/20021275/miuDocumento_819772_papeleta_por_Weed[1]_923560.Externos,miu-documentos,DATA-DOCS/miu-hml/documentos/143588/20021275/miuDocumento_819772_papeleta_por_Weed[1]_923560.Externos,Y,200,
996077,https://miu-documentos.s3.us-west-2.amazonaws.com/DATA-DOCS/miu-hml/documentos/143590/20021275/miuDocumento_819772_papeleta_por_Weed[1]_923560.Externos,miu-documentos,DATA-DOCS/miu-hml/documentos/143590/20021275/miuDocumento_819772_papeleta_por_Weed[1]_923560.Externos,Y,200,
995805,"https://miu-documentos.s3.us-west-2.amazonaws.com/DATA-DOCS/miu-hml/documentos/143595/20040100/miuDocumento_995610_1_995805.ExamenFisicoGenetico,GeneticaClinica",miu-documentos,"DATA-DOCS/miu-hml/documentos/143595/20040100/miuDocumento_995610_1_995805.ExamenFisicoGenetico,GeneticaClinica",Y,200,
995827,https://miu-documentos.s3.us-west-2.amazonaws.com/DATA-DOCS/miu-hml/documentos/143595/20040100/miuDocumento_995755_H1_995827.ConsejeriaGenetica,miu-documentos,DATA-DOCS/miu-hml/documentos/143595/20040100/miuDocumento_995755_H1_995827.ConsejeriaGenetica,Y,200,
996409,https://miu-documentos.s3.us-west-2.amazonaws.com/DATA-DOCS/miu-hml/documentos/144708/20180351/miuDocumento_996409_18.CookS.A.TheEndofAmbition.pdf,miu-documentos,DATA-DOCS/miu-hml/documentos/144708/20180351/miuDocumento_996409_18.CookS.A.TheEndofAmbition.pdf,Y,200,
996410,https://miu-documentos.s3.us-west-2.amazonaws.com/DATA-DOCS/miu-hml/documentos/144708/20180351/miuDocumento_996410_19.F.GregoryGauseIIITheInternationalRelationsofthePersianGulf.pdf,miu-documentos,DATA-DOCS/miu-hml/documentos/144708/20180351/miuDocumento_996410_19.F.GregoryGauseIIITheInternationalRelationsofthePersianGulf.pdf,Y,200,
996424,https://miu-documentos.s3.us-west-2.amazonaws.com/DATA-DOCS/miu-hml/documentos/144708/20180351/miuDocumento_996424_33.KrishnamoorthiR.2025.WhatTrumpGetsWrongAboutChina.pdf,miu-documentos,DATA-DOCS/miu-hml/documentos/144708/20180351/miuDocumento_996424_33.KrishnamoorthiR.2025.WhatTrumpGetsWrongAboutChina.pdf,Y,200,
996426,https://miu-documentos.s3.us-west-2.amazonaws.com/DATA-DOCS/miu-hml/documentos/144708/20180351/miuDocumento_996426_35.SeventhAnnualMessageMonroeDoctrineDecember21823.pdf,miu-documentos,DATA-DOCS/miu-hml/documentos/144708/20180351/miuDocumento_996426_35.SeventhAnnualMessageMonroeDoctrineDecember21823.pdf,Y,200,
996429,https://miu-documentos.s3.us-west-2.amazonaws.com/DATA-DOCS/miu-hml/documentos/144708/20180351/miuDocumento_996429_38.LuceE.2025.WhyLatinAmericaloomssolargeforTrump.pdf,miu-documentos,DATA-DOCS/miu-hml/documentos/144708/20180351/miuDocumento_996429_38.LuceE.2025.WhyLatinAmericaloomssolargeforTrump.pdf,Y,200,
996431,https://miu-documentos.s3.us-west-2.amazonaws.com/DATA-DOCS/miu-hml/documentos/144708/20180351/miuDocumento_996431_40.GCaMTrump-Venezuela.pdf,miu-documentos,DATA-DOCS/miu-hml/documentos/144708/20180351/miuDocumento_996431_40.GCaMTrump-Venezuela.pdf,Y,200,
996693,https://miu-documentos.s3.us-west-2.amazonaws.com/DATA-DOCS/miu-hml/documentos/143679/20100147/miuDocumento_996693_EV.SEMANALSERVICIOINT.pdf,miu-documentos,DATA-DOCS/miu-hml/documentos/143679/20100147/miuDocumento_996693_EV.SEMANALSERVICIOINT.pdf,Y,200,
996694,https://miu-documentos.s3.us-west-2.amazonaws.com/DATA-DOCS/miu-hml/documentos/143865/20100147/miuDocumento_996693_EV.SEMANALSERVICIOINT.pdf,miu-documentos,DATA-DOCS/miu-hml/documentos/143865/20100147/miuDocumento_996693_EV.SEMANALSERVICIOINT.pdf,Y,200,
996695,https://miu-documentos.s3.us-west-2.amazonaws.com/DATA-DOCS/miu-hml/documentos/143683/20100147/miuDocumento_996693_EV.SEMANALSERVICIOINT.pdf,miu-documentos,DATA-DOCS/miu-hml/documentos/143683/20100147/miuDocumento_996693_EV.SEMANALSERVICIOINT.pdf,Y,200,
996696,https://miu-documentos.s3.us-west-2.amazonaws.com/DATA-DOCS/miu-hml/documentos/143682/20100147/miuDocumento_996693_EV.SEMANALSERVICIOINT.pdf,miu-documentos,DATA-DOCS/miu-hml/documentos/143682/20100147/miuDocumento_996693_EV.SEMANALSERVICIOINT.pdf,Y,200,
997071,https://miu-documentos.s3.us-west-2.amazonaws.com/DATA-DOCS/miu-hml/documentos/143721/23820040/miuDocumento_997069_Traduccio_n.MolecularBiologyoftheCell6thedition-Alberts-NEW.pdf,miu-documentos,DATA-DOCS/miu-hml/documentos/143721/23820040/miuDocumento_997069_Traduccio_n.MolecularBiologyoftheCell6thedition-Alberts-NEW.pdf,Y,200,
997075,https://miu-documentos.s3.us-west-2.amazonaws.com/DATA-DOCS/miu-hml/documentos/143720/23820040/miuDocumento_997075_Modificacionesposttranscripcionales.MolecularBiologyoftheCell6thedition-Alberts-NEW.pdf,miu-documentos,DATA-DOCS/miu-hml/documentos/143720/23820040/miuDocumento_997075_Modificacionesposttranscripcionales.MolecularBiologyoftheCell6thedition-Alberts-NEW.pdf,Y,200,
997076,https://miu-documentos.s3.us-west-2.amazonaws.com/DATA-DOCS/miu-hml/documentos/143722/23820040/miuDocumento_997075_Modificacionesposttranscripcionales.MolecularBiologyoftheCell6thedition-Alberts-NEW.pdf,miu-documentos,DATA-DOCS/miu-hml/documentos/143722/23820040/miuDocumento_997075_Modificacionesposttranscripcionales.MolecularBiologyoftheCell6thedition-Alberts-NEW.pdf,Y,200,
997077,https://miu-documentos.s3.us-west-2.amazonaws.com/DATA-DOCS/miu-hml/documentos/143721/23820040/miuDocumento_997075_Modificacionesposttranscripcionales.MolecularBiologyoftheCell6thedition-Alberts-NEW.pdf,miu-documentos,DATA-DOCS/miu-hml/documentos/143721/23820040/miuDocumento_997075_Modificacionesposttranscripcionales.MolecularBiologyoftheCell6thedition-Alberts-NEW.pdf,Y,200,
997099,https://miu-documentos.s3.us-west-2.amazonaws.com/DATA-DOCS/miu-hml/documentos/143720/23820040/miuDocumento_997099_RERyplegamiento.2019.ALBERTS6THED.pdf,miu-documentos,DATA-DOCS/miu-hml/documentos/143720/23820040/miuDocumento_997099_RERyplegamiento.2019.ALBERTS6THED.pdf,Y,200,
997100,https://miu-documentos.s3.us-west-2.amazonaws.com/DATA-DOCS/miu-hml/documentos/143722/23820040/miuDocumento_997099_RERyplegamiento.2019.ALBERTS6THED.pdf,miu-documentos,DATA-DOCS/miu-hml/documentos/143722/23820040/miuDocumento_997099_RERyplegamiento.2019.ALBERTS6THED.pdf,Y,200,
997101,https://miu-documentos.s3.us-west-2.amazonaws.com/DATA-DOCS/miu-hml/documentos/143721/23820040/miuDocumento_997099_RERyplegamiento.2019.ALBERTS6THED.pdf,miu-documentos,DATA-DOCS/miu-hml/documentos/143721/23820040/miuDocumento_997099_RERyplegamiento.2019.ALBERTS6THED.pdf,Y,200,
997102,https://miu-documentos.s3.us-west-2.amazonaws.com/DATA-DOCS/miu-hml/documentos/143720/23820040/miuDocumento_997102_RELJeffHardinGregoryBertoni-BeckersWorldoftheCell-Pearson2018.pdf,miu-documentos,DATA-DOCS/miu-hml/documentos/143720/23820040/miuDocumento_997102_RELJeffHardinGregoryBertoni-BeckersWorldoftheCell-Pearson2018.pdf,Y,200,
997103,https://miu-documentos.s3.us-west-2.amazonaws.com/DATA-DOCS/miu-hml/documentos/143722/23820040/miuDocumento_997102_RELJeffHardinGregoryBertoni-BeckersWorldoftheCell-Pearson2018.pdf,miu-documentos,DATA-DOCS/miu-hml/documentos/143722/23820040/miuDocumento_997102_RELJeffHardinGregoryBertoni-BeckersWorldoftheCell-Pearson2018.pdf,Y,200,
997104,https://miu-documentos.s3.us-west-2.amazonaws.com/DATA-DOCS/miu-hml/documentos/143721/23820040/miuDocumento_997102_RELJeffHardinGregoryBertoni-BeckersWorldoftheCell-Pearson2018.pdf,miu-documentos,DATA-DOCS/miu-hml/documentos/143721/23820040/miuDocumento_997102_RELJeffHardinGregoryBertoni-BeckersWorldoftheCell-Pearson2018.pdf,Y,200,
997114,https://miu-documentos.s3.us-west-2.amazonaws.com/DATA-DOCS/miu-hml/documentos/143720/23820040/miuDocumento_997114_LisosomasAlberts2021.pdf,miu-documentos,DATA-DOCS/miu-hml/documentos/143720/23820040/miuDocumento_997114_LisosomasAlberts2021.pdf,Y,200,
997115,https://miu-documentos.s3.us-west-2.amazonaws.com/DATA-DOCS/miu-hml/documentos/143722/23820040/miuDocumento_997114_LisosomasAlberts2021.pdf,miu-documentos,DATA-DOCS/miu-hml/documentos/143722/23820040/miuDocumento_997114_LisosomasAlberts2021.pdf,Y,200,
997116,https://miu-documentos.s3.us-west-2.amazonaws.com/DATA-DOCS/miu-hml/documentos/143721/23820040/miuDocumento_997114_LisosomasAlberts2021.pdf,miu-documentos,DATA-DOCS/miu-hml/documentos/143721/23820040/miuDocumento_997114_LisosomasAlberts2021.pdf,Y,200,
997123,https://miu-documentos.s3.us-west-2.amazonaws.com/DATA-DOCS/miu-hml/documentos/143720/23820040/miuDocumento_997123_1.introalciclocelularMolecularBiologyoftheCell6thedition-Alberts-NEW.pdf,miu-documentos,DATA-DOCS/miu-hml/documentos/143720/23820040/miuDocumento_997123_1.introalciclocelularMolecularBiologyoftheCell6thedition-Alberts-NEW.pdf,Y,200,
997124,https://miu-documentos.s3.us-west-2.amazonaws.com/DATA-DOCS/miu-hml/documentos/143722/23820040/miuDocumento_997123_1.introalciclocelularMolecularBiologyoftheCell6thedition-Alberts-NEW.pdf,miu-documentos,DATA-DOCS/miu-hml/documentos/143722/23820040/miuDocumento_997123_1.introalciclocelularMolecularBiologyoftheCell6thedition-Alberts-NEW.pdf,Y,200,
997125,https://miu-documentos.s3.us-west-2.amazonaws.com/DATA-DOCS/miu-hml/documentos/143721/23820040/miuDocumento_997123_1.introalciclocelularMolecularBiologyoftheCell6thedition-Alberts-NEW.pdf,miu-documentos,DATA-DOCS/miu-hml/documentos/143721/23820040/miuDocumento_997123_1.introalciclocelularMolecularBiologyoftheCell6thedition-Alberts-NEW.pdf,Y,200,
997129,https://miu-documentos.s3.us-west-2.amazonaws.com/DATA-DOCS/miu-hml/documentos/143720/23820040/miuDocumento_997129_1628638430.mp4,miu-documentos,DATA-DOCS/miu-hml/documentos/143720/23820040/miuDocumento_997129_1628638430.mp4,Y,200,
997130,https://miu-documentos.s3.us-west-2.amazonaws.com/DATA-DOCS/miu-hml/documentos/143722/23820040/miuDocumento_997129_1628638430.mp4,miu-documentos,DATA-DOCS/miu-hml/documentos/143722/23820040/miuDocumento_997129_1628638430.mp4,Y,200,
997131,https://miu-documentos.s3.us-west-2.amazonaws.com/DATA-DOCS/miu-hml/documentos/143721/23820040/miuDocumento_997129_1628638430.mp4,miu-documentos,DATA-DOCS/miu-hml/documentos/143721/23820040/miuDocumento_997129_1628638430.mp4,Y,200,
997132,https://miu-documentos.s3.us-west-2.amazonaws.com/DATA-DOCS/miu-hml/documentos/143720/23820040/miuDocumento_997132_16286380261.mp4,miu-documentos,DATA-DOCS/miu-hml/documentos/143720/23820040/miuDocumento_997132_16286380261.mp4,Y,200,
997133,https://miu-documentos.s3.us-west-2.amazonaws.com/DATA-DOCS/miu-hml/documentos/143722/23820040/miuDocumento_997132_16286380261.mp4,miu-documentos,DATA-DOCS/miu-hml/documentos/143722/23820040/miuDocumento_997132_16286380261.mp4,Y,200,
997134,https://miu-documentos.s3.us-west-2.amazonaws.com/DATA-DOCS/miu-hml/documentos/143721/23820040/miuDocumento_997132_16286380261.mp4,miu-documentos,DATA-DOCS/miu-hml/documentos/143721/23820040/miuDocumento_997132_16286380261.mp4,Y,200,
995760,https://miu-documentos.s3.us-west-2.amazonaws.com/DATA-DOCS/miu-hml/documentos/143595/20040100/miuDocumento_995755_H1.ConsejeriaGenetica.pptx,miu-documentos,DATA-DOCS/miu-hml/documentos/143595/20040100/miuDocumento_995755_H1.ConsejeriaGenetica.pptx,Y,200,
995779,https://miu-documentos.s3.us-west-2.amazonaws.com/DATA-DOCS/miu-hml/documentos/143595/20040100/miuDocumento_995776_H4.AnomaliasCromosomicas.pptx,miu-documentos,DATA-DOCS/miu-hml/documentos/143595/20040100/miuDocumento_995776_H4.AnomaliasCromosomicas.pptx,Y,200,
995832,"https://miu-documentos.s3.us-west-2.amazonaws.com/DATA-DOCS/miu-hml/documentos/143595/20040100/miuDocumento_995646_10_995832.Tamizajes,GeneticaClinica",miu-documentos,"DATA-DOCS/miu-hml/documentos/143595/20040100/miuDocumento_995646_10_995832.Tamizajes,GeneticaClinica",Y,200,
997453,https://miu-documentos.s3.us-west-2.amazonaws.com/DATA-DOCS/miu-hml/documentos/143699/30920008/miuDocumento_775900_GLOSARIODECASOSCOMPARTIDOSENFBactualizadoafebrero2019_813677_852506_889437_924116_959240.pdf,miu-documentos,DATA-DOCS/miu-hml/documentos/143699/30920008/miuDocumento_775900_GLOSARIODECASOSCOMPARTIDOSENFBactualizadoafebrero2019_813677_852506_889437_924116_959240.pdf,Y,200,
997454,https://miu-documentos.s3.us-west-2.amazonaws.com/DATA-DOCS/miu-hml/documentos/143699/30920008/miuDocumento_783528_LecturasCasos3_813681_852507_889443_924122_959243.zip,miu-documentos,DATA-DOCS/miu-hml/documentos/143699/30920008/miuDocumento_783528_LecturasCasos3_813681_852507_889443_924122_959243.zip,Y,200,
997455,https://miu-documentos.s3.us-west-2.amazonaws.com/DATA-DOCS/miu-hml/documentos/143699/30920008/miuDocumento_889435_Clase2aEmprendedoresyelpropositodesunegocio-OFICIAL_924119_959244.pptx,miu-documentos,DATA-DOCS/miu-hml/documentos/143699/30920008/miuDocumento_889435_Clase2aEmprendedoresyelpropositodesunegocio-OFICIAL_924119_959244.pptx,Y,200,
997456,https://miu-documentos.s3.us-west-2.amazonaws.com/DATA-DOCS/miu-hml/documentos/143699/30920008/miuDocumento_894871_2022-01-25-gobernanzacorporativa-co?digodecomercio_924120_959245.pptx,miu-documentos,DATA-DOCS/miu-hml/documentos/143699/30920008/miuDocumento_894871_2022-01-25-gobernanzacorporativa-co,N,404,
997457,https://miu-documentos.s3.us-west-2.amazonaws.com/DATA-DOCS/miu-hml/documentos/143699/30920008/miuDocumento_783527_Clase2bDefiniendolaporciondelemprendedorydelinversionista_813679_852505_889441_924124_959247.pptx,miu-documentos,DATA-DOCS/miu-hml/documentos/143699/30920008/miuDocumento_783527_Clase2bDefiniendolaporciondelemprendedorydelinversionista_813679_852505_889441_924124_959247.pptx,Y,200,
997458,https://miu-documentos.s3.us-west-2.amazonaws.com/DATA-DOCS/miu-hml/documentos/143699/30920008/miuDocumento_785971_Clase3LacunadecontroldeZuckerberg_813683_852510_889449_924123_959246.xlsx,miu-documentos,DATA-DOCS/miu-hml/documentos/143699/30920008/miuDocumento_785971_Clase3LacunadecontroldeZuckerberg_813683_852510_889449_924123_959246.xlsx,Y,200,
997459,https://miu-documentos.s3.us-west-2.amazonaws.com/DATA-DOCS/miu-hml/documentos/143699/30920008/miuDocumento_889454_Leadershipthatgetsresults_924127_959249.pdf,miu-documentos,DATA-DOCS/miu-hml/documentos/143699/30920008/miuDocumento_889454_Leadershipthatgetsresults_924127_959249.pdf,Y,200,
997460,https://miu-documentos.s3.us-west-2.amazonaws.com/DATA-DOCS/miu-hml/documentos/143699/30920008/miuDocumento_784930_Clase3aUnateoriaparaeltipodeaccionesyregladevotacion_813680_852508_889445_924126_959248.pptx,miu-documentos,DATA-DOCS/miu-hml/documentos/143699/30920008/miuDocumento_784930_Clase3aUnateoriaparaeltipodeaccionesyregladevotacion_813680_852508_889445_924126_959248.pptx,Y,200,
997461,https://miu-documentos.s3.us-west-2.amazonaws.com/DATA-DOCS/miu-hml/documentos/143699/30920008/miuDocumento_889453_LecturasCompensacion_924128_959250.zip,miu-documentos,DATA-DOCS/miu-hml/documentos/143699/30920008/miuDocumento_889453_LecturasCompensacion_924128_959250.zip,Y,200,
997462,https://miu-documentos.s3.us-west-2.amazonaws.com/DATA-DOCS/miu-hml/documentos/143699/30920008/miuDocumento_785970_Clase3bElcontenidodelaleyylagobernanzacorporativa2016_813682_852509_889447_924129_959251.pptx,miu-documentos,DATA-DOCS/miu-hml/documentos/143699/30920008/miuDocumento_785970_Clase3bElcontenidodelaleyylagobernanzacorporativa2016_813682_852509_889447_924129_959251.pptx,Y,200,
997463,https://miu-documentos.s3.us-west-2.amazonaws.com/DATA-DOCS/miu-hml/documentos/143699/30920008/miuDocumento_790004_Clase4Empresasfamiliares-FCE_813684_852511_889451_924130_959252.pptx,miu-documentos,DATA-DOCS/miu-hml/documentos/143699/30920008/miuDocumento_790004_Clase4Empresasfamiliares-FCE_813684_852511_889451_924130_959252.pptx,Y,200,
997464,https://miu-documentos.s3.us-west-2.amazonaws.com/DATA-DOCS/miu-hml/documentos/143699/30920008/miuDocumento_889455_GRETLcompensacion(1)_924131_959253.xlsx,miu-documentos,DATA-DOCS/miu-hml/documentos/143699/30920008/miuDocumento_889455_GRETLcompensacion(1)_924131_959253.xlsx,Y,200,
997465,https://miu-documentos.s3.us-west-2.amazonaws.com/DATA-DOCS/miu-hml/documentos/143699/30920008/miuDocumento_937561_Clase5JuntasDirectivas_959254.pptx,miu-documentos,DATA-DOCS/miu-hml/documentos/143699/30920008/miuDocumento_937561_Clase5JuntasDirectivas_959254.pptx,Y,200,
997466,https://miu-documentos.s3.us-west-2.amazonaws.com/DATA-DOCS/miu-hml/documentos/143699/30920008/miuDocumento_937563_Clase6ContratosdeCompensacion_959255.pptx,miu-documentos,DATA-DOCS/miu-hml/documentos/143699/30920008/miuDocumento_937563_Clase6ContratosdeCompensacion_959255.pptx,Y,200,
997467,https://miu-documentos.s3.us-west-2.amazonaws.com/DATA-DOCS/miu-hml/documentos/144626/30920008/miuDocumento_978316_0bProgramaForecastingvMBA.pdf,miu-documentos,DATA-DOCS/miu-hml/documentos/144626/30920008/miuDocumento_978316_0bProgramaForecastingvMBA.pdf,Y,200,
997516,https://miu-documentos.s3.us-west-2.amazonaws.com/DATA-DOCS/miu-hml/documentos/143763/11930802/miuDocumento_997516_Rubricapresentaciones.pdf,miu-documentos,DATA-DOCS/miu-hml/documentos/143763/11930802/miuDocumento_997516_Rubricapresentaciones.pdf,Y,200,
997517,https://miu-documentos.s3.us-west-2.amazonaws.com/DATA-DOCS/miu-hml/documentos/143765/11930802/miuDocumento_997516_Rubricapresentaciones.pdf,miu-documentos,DATA-DOCS/miu-hml/documentos/143765/11930802/miuDocumento_997516_Rubricapresentaciones.pdf,Y,200,
997470,https://miu-documentos.s3.us-west-2.amazonaws.com/DATA-DOCS/miu-hml/documentos/144626/30920008/miuDocumento_712250_Formulario_727175_742748_759165_774494_821038_845080_845136_852544_869781_905644_916949_921200_924394_956068_975578_978319.pptx,miu-documentos,DATA-DOCS/miu-hml/documentos/144626/30920008/miuDocumento_712250_Formulario_727175_742748_759165_774494_821038_845080_845136_852544_869781_905644_916949_921200_924394_956068_975578_978319.pptx,Y,200,
997471,https://miu-documentos.s3.us-west-2.amazonaws.com/DATA-DOCS/miu-hml/documentos/144626/30920008/miuDocumento_869782_Semana0Lectura1_905646_916947_921203_924392_956066_975582_978317.zip,miu-documentos,DATA-DOCS/miu-hml/documentos/144626/30920008/miuDocumento_869782_Semana0Lectura1_905646_916947_921203_924392_956066_975582_978317.zip,Y,200,
997472,https://miu-documentos.s3.us-west-2.amazonaws.com/DATA-DOCS/miu-hml/documentos/144626/30920008/miuDocumento_975596_Introduccionalcurso2025_978323.pptx,miu-documentos,DATA-DOCS/miu-hml/documentos/144626/30920008/miuDocumento_975596_Introduccionalcurso2025_978323.pptx,Y,200,
997473,https://miu-documentos.s3.us-west-2.amazonaws.com/DATA-DOCS/miu-hml/documentos/144626/30920008/miuDocumento_869785_Semana0Lectura2_905648_916953_921208_924396_956074_975590_978322.zip,miu-documentos,DATA-DOCS/miu-hml/documentos/144626/30920008/miuDocumento_869785_Semana0Lectura2_905648_916953_921208_924396_956074_975590_978322.zip,Y,200,
997518,https://miu-documentos.s3.us-west-2.amazonaws.com/DATA-DOCS/miu-hml/documentos/143764/11930802/miuDocumento_997516_Rubricapresentaciones.pdf,miu-documentos,DATA-DOCS/miu-hml/documentos/143764/11930802/miuDocumento_997516_Rubricapresentaciones.pdf,Y,200,
997714,https://miu-documentos.s3.us-west-2.amazonaws.com/DATA-DOCS/miu-hml/documentos/144590/20190609/miuDocumento_963702_Sesion2y3-LaImagenGriegadelMundo.pdf,miu-documentos,DATA-DOCS/miu-hml/documentos/144590/20190609/miuDocumento_963702_Sesion2y3-LaImagenGriegadelMundo.pdf,Y,200,
997715,https://miu-documentos.s3.us-west-2.amazonaws.com/DATA-DOCS/miu-hml/documentos/144590/20190609/miuDocumento_963705_LecturaOakeshott-Paginas83-109(1).pdf,miu-documentos,DATA-DOCS/miu-hml/documentos/144590/20190609/miuDocumento_963705_LecturaOakeshott-Paginas83-109(1).pdf,Y,200,
997716,https://miu-documentos.s3.us-west-2.amazonaws.com/DATA-DOCS/miu-hml/documentos/144590/20190609/miuDocumento_965227_Sesion4-ElPensamientoPoli_ticoGriego.pdf,miu-documentos,DATA-DOCS/miu-hml/documentos/144590/20190609/miuDocumento_965227_Sesion4-ElPensamientoPoli_ticoGriego.pdf,Y,200,
997717,https://miu-documentos.s3.us-west-2.amazonaws.com/DATA-DOCS/miu-hml/documentos/144590/20190609/miuDocumento_963706_Oakeshott-Paginas53-67(1).pdf,miu-documentos,DATA-DOCS/miu-hml/documentos/144590/20190609/miuDocumento_963706_Oakeshott-Paginas53-67(1).pdf,Y,200,
997718,https://miu-documentos.s3.us-west-2.amazonaws.com/DATA-DOCS/miu-hml/documentos/144590/20190609/miuDocumento_965230_Sesion5ElPensamientoPoli_ticoGriegoII.pdf,miu-documentos,DATA-DOCS/miu-hml/documentos/144590/20190609/miuDocumento_965230_Sesion5ElPensamientoPoli_ticoGriegoII.pdf,Y,200,
997719,https://miu-documentos.s3.us-west-2.amazonaws.com/DATA-DOCS/miu-hml/documentos/144590/20190609/miuDocumento_963708_Oakeshott-Paginas69-81.pdf,miu-documentos,DATA-DOCS/miu-hml/documentos/144590/20190609/miuDocumento_963708_Oakeshott-Paginas69-81.pdf,Y,200,
997720,https://miu-documentos.s3.us-west-2.amazonaws.com/DATA-DOCS/miu-hml/documentos/144590/20190609/miuDocumento_967412_Sesion8y9PlatonIyII.pdf,miu-documentos,DATA-DOCS/miu-hml/documentos/144590/20190609/miuDocumento_967412_Sesion8y9PlatonIyII.pdf,Y,200,
997721,https://miu-documentos.s3.us-west-2.amazonaws.com/DATA-DOCS/miu-hml/documentos/144590/20190609/miuDocumento_968215_Sesion10-EstoicosyEpicu_reosI.pdf,miu-documentos,DATA-DOCS/miu-hml/documentos/144590/20190609/miuDocumento_968215_Sesion10-EstoicosyEpicu_reosI.pdf,Y,200,
997722,https://miu-documentos.s3.us-west-2.amazonaws.com/DATA-DOCS/miu-hml/documentos/144590/20190609/miuDocumento_969525_Sesion11-LaExperienciaPoli_ticadelosAntiguosRomanosIyII.pdf,miu-documentos,DATA-DOCS/miu-hml/documentos/144590/20190609/miuDocumento_969525_Sesion11-LaExperienciaPoli_ticadelosAntiguosRomanosIyII.pdf,Y,200,
997723,https://miu-documentos.s3.us-west-2.amazonaws.com/DATA-DOCS/miu-hml/documentos/144590/20190609/miuDocumento_970641_Sesion14y15ElPensamientoPoli_ticoRomanoIyII.pdf,miu-documentos,DATA-DOCS/miu-hml/documentos/144590/20190609/miuDocumento_970641_Sesion14y15ElPensamientoPoli_ticoRomanoIyII.pdf,Y,200,
997724,https://miu-documentos.s3.us-west-2.amazonaws.com/DATA-DOCS/miu-hml/documentos/143288/20180122/miuDocumento_997724_Accounting_made_simple_pdf.pdf,miu-documentos,DATA-DOCS/miu-hml/documentos/143288/20180122/miuDocumento_997724_Accounting_made_simple_pdf.pdf,Y,200,
997895,https://miu-documentos.s3.us-west-2.amazonaws.com/DATA-DOCS/miu-hml/documentos/143255/99000086/miuDocumento_997894_04EstructuraOptimadeCapital2025.pdf,miu-documentos,DATA-DOCS/miu-hml/documentos/143255/99000086/miuDocumento_997894_04EstructuraOptimadeCapital2025.pdf,Y,200,
997894,https://miu-documentos.s3.us-west-2.amazonaws.com/DATA-DOCS/miu-hml/documentos/143254/99000086/miuDocumento_997894_04EstructuraOptimadeCapital2025.pdf,miu-documentos,DATA-DOCS/miu-hml/documentos/143254/99000086/miuDocumento_997894_04EstructuraOptimadeCapital2025.pdf,Y,200,
997918,https://miu-documentos.s3.us-west-2.amazonaws.com/DATA-DOCS/miu-hml/documentos/143873/20170280/miuDocumento_997918_Tarea6-Funciones.pdf,miu-documentos,DATA-DOCS/miu-hml/documentos/143873/20170280/miuDocumento_997918_Tarea6-Funciones.pdf,Y,200,
997919,https://miu-documentos.s3.us-west-2.amazonaws.com/DATA-DOCS/miu-hml/documentos/143874/20170280/miuDocumento_997918_Tarea6-Funciones.pdf,miu-documentos,DATA-DOCS/miu-hml/documentos/143874/20170280/miuDocumento_997918_Tarea6-Funciones.pdf,Y,200,
997920,https://miu-documentos.s3.us-west-2.amazonaws.com/DATA-DOCS/miu-hml/documentos/143875/20170280/miuDocumento_997918_Tarea6-Funciones.pdf,miu-documentos,DATA-DOCS/miu-hml/documentos/143875/20170280/miuDocumento_997918_Tarea6-Funciones.pdf,Y,200,
997936,https://miu-documentos.s3.us-west-2.amazonaws.com/DATA-DOCS/miu-hml/documentos/143583/20040100/miuDocumento_997936_1.ElGenomaHumano.pdf,miu-documentos,DATA-DOCS/miu-hml/documentos/143583/20040100/miuDocumento_997936_1.ElGenomaHumano.pdf,Y,200,
997937,https://miu-documentos.s3.us-west-2.amazonaws.com/DATA-DOCS/miu-hml/documentos/143820/20040100/miuDocumento_997936_1.ElGenomaHumano.pdf,miu-documentos,DATA-DOCS/miu-hml/documentos/143820/20040100/miuDocumento_997936_1.ElGenomaHumano.pdf,Y,200,
997751,https://miu-documentos.s3.us-west-2.amazonaws.com/DATA-DOCS/miu-hml/documentos/142908/20070140/miuDocumento_997751_ProgramaPolticaComparada2026.pdf,miu-documentos,DATA-DOCS/miu-hml/documentos/142908/20070140/miuDocumento_997751_ProgramaPolticaComparada2026.pdf,Y,200,
997770,https://miu-documentos.s3.us-west-2.amazonaws.com/DATA-DOCS/miu-hml/documentos/142787/20000326/miuDocumento_997770_psicologia-medica-y-salud-mental2.pdf,miu-documentos,DATA-DOCS/miu-hml/documentos/142787/20000326/miuDocumento_997770_psicologia-medica-y-salud-mental2.pdf,Y,200,
997771,https://miu-documentos.s3.us-west-2.amazonaws.com/DATA-DOCS/miu-hml/documentos/142787/20000326/miuDocumento_997771_Psicologiadelasaludycalidaddevida.pdf,miu-documentos,DATA-DOCS/miu-hml/documentos/142787/20000326/miuDocumento_997771_Psicologiadelasaludycalidaddevida.pdf,Y,200,
997780,https://miu-documentos.s3.us-west-2.amazonaws.com/DATA-DOCS/miu-hml/documentos/143351/20120084/miuDocumento_997780_GwartneyLawson-TheCreationoftheEconomicFreedomoftheWorldIndex.pdf,miu-documentos,DATA-DOCS/miu-hml/documentos/143351/20120084/miuDocumento_997780_GwartneyLawson-TheCreationoftheEconomicFreedomoftheWorldIndex.pdf,Y,200,
997781,https://miu-documentos.s3.us-west-2.amazonaws.com/DATA-DOCS/miu-hml/documentos/144605/20151049/miuDocumento_997781_CameronyNeal.Historiaeconmicamundial.pdf,miu-documentos,DATA-DOCS/miu-hml/documentos/144605/20151049/miuDocumento_997781_CameronyNeal.Historiaeconmicamundial.pdf,Y,200,
997787,https://miu-documentos.s3.us-west-2.amazonaws.com/DATA-DOCS/miu-hml/documentos/144092/12870542/miuDocumento_997787_250105-no-somos-todos-egoistas-branden.pdf,miu-documentos,DATA-DOCS/miu-hml/documentos/144092/12870542/miuDocumento_997787_250105-no-somos-todos-egoistas-branden.pdf,Y,200,
997788,https://miu-documentos.s3.us-west-2.amazonaws.com/DATA-DOCS/miu-hml/documentos/144092/12870542/miuDocumento_997788_250105-objetivismo-la-filosofia-benevolente-Orbaugh.pdf,miu-documentos,DATA-DOCS/miu-hml/documentos/144092/12870542/miuDocumento_997788_250105-objetivismo-la-filosofia-benevolente-Orbaugh.pdf,Y,200,
995401,https://miu-documentos.s3.us-west-2.amazonaws.com/DATA-DOCS/miu-hml/documentos/143596/20090970/miuDocumento_995401_MetaphysicsbyAristotle.pdf,miu-documentos,DATA-DOCS/miu-hml/documentos/143596/20090970/miuDocumento_995401_MetaphysicsbyAristotle.pdf,Y,200,
995410,https://miu-documentos.s3.us-west-2.amazonaws.com/DATA-DOCS/miu-hml/documentos/143599/20090970/miuDocumento_995410_PrinciplesofEconomics-Menger.pdf,miu-documentos,DATA-DOCS/miu-hml/documentos/143599/20090970/miuDocumento_995410_PrinciplesofEconomics-Menger.pdf,Y,200,
995411,https://miu-documentos.s3.us-west-2.amazonaws.com/DATA-DOCS/miu-hml/documentos/143599/20090970/miuDocumento_995411_Capital-Marx.pdf,miu-documentos,DATA-DOCS/miu-hml/documentos/143599/20090970/miuDocumento_995411_Capital-Marx.pdf,Y,200,
995415,https://miu-documentos.s3.us-west-2.amazonaws.com/DATA-DOCS/miu-hml/documentos/143640/20160894/miuDocumento_995415_Monografiafinal.docx,miu-documentos,DATA-DOCS/miu-hml/documentos/143640/20160894/miuDocumento_995415_Monografiafinal.docx,Y,200,
995416,https://miu-documentos.s3.us-west-2.amazonaws.com/DATA-DOCS/miu-hml/documentos/143640/20160894/miuDocumento_995415_Monografiafinal.docx,miu-documentos,DATA-DOCS/miu-hml/documentos/143640/20160894/miuDocumento_995415_Monografiafinal.docx,Y,200,
995755,https://miu-documentos.s3.us-west-2.amazonaws.com/DATA-DOCS/miu-hml/documentos/143595/20040100/miuDocumento_995755_H1.ConsejeriaGenetica.pdf,miu-documentos,DATA-DOCS/miu-hml/documentos/143595/20040100/miuDocumento_995755_H1.ConsejeriaGenetica.pdf,Y,200,
995756,https://miu-documentos.s3.us-west-2.amazonaws.com/DATA-DOCS/miu-hml/documentos/143595/20040100/miuDocumento_995755_H1.ConsejeriaGenetica.pptx,miu-documentos,DATA-DOCS/miu-hml/documentos/143595/20040100/miuDocumento_995755_H1.ConsejeriaGenetica.pptx,Y,200,
995757,https://miu-documentos.s3.us-west-2.amazonaws.com/DATA-DOCS/miu-hml/documentos/143595/20040100/miuDocumento_995755_H1.ConsejeriaGenetica.pptx,miu-documentos,DATA-DOCS/miu-hml/documentos/143595/20040100/miuDocumento_995755_H1.ConsejeriaGenetica.pptx,Y,200,
995758,https://miu-documentos.s3.us-west-2.amazonaws.com/DATA-DOCS/miu-hml/documentos/143595/20040100/miuDocumento_995755_H1.ConsejeriaGenetica.pptx,miu-documentos,DATA-DOCS/miu-hml/documentos/143595/20040100/miuDocumento_995755_H1.ConsejeriaGenetica.pptx,Y,200,
995759,https://miu-documentos.s3.us-west-2.amazonaws.com/DATA-DOCS/miu-hml/documentos/143595/20040100/miuDocumento_995755_H1.ConsejeriaGenetica.pptx,miu-documentos,DATA-DOCS/miu-hml/documentos/143595/20040100/miuDocumento_995755_H1.ConsejeriaGenetica.pptx,Y,200,
995776,https://miu-documentos.s3.us-west-2.amazonaws.com/DATA-DOCS/miu-hml/documentos/143595/20040100/miuDocumento_995776_H4.AnomaliasCromosomicas.pdf,miu-documentos,DATA-DOCS/miu-hml/documentos/143595/20040100/miuDocumento_995776_H4.AnomaliasCromosomicas.pdf,Y,200,
995777,https://miu-documentos.s3.us-west-2.amazonaws.com/DATA-DOCS/miu-hml/documentos/143595/20040100/miuDocumento_995776_H4.AnomaliasCromosomicas.pptx,miu-documentos,DATA-DOCS/miu-hml/documentos/143595/20040100/miuDocumento_995776_H4.AnomaliasCromosomicas.pptx,Y,200,
995778,https://miu-documentos.s3.us-west-2.amazonaws.com/DATA-DOCS/miu-hml/documentos/143595/20040100/miuDocumento_995776_H4.AnomaliasCromosomicas.pptx,miu-documentos,DATA-DOCS/miu-hml/documentos/143595/20040100/miuDocumento_995776_H4.AnomaliasCromosomicas.pptx,Y,200,
995780,https://miu-documentos.s3.us-west-2.amazonaws.com/DATA-DOCS/miu-hml/documentos/143595/20040100/miuDocumento_995776_H4.AnomaliasCromosomicas.pptx,miu-documentos,DATA-DOCS/miu-hml/documentos/143595/20040100/miuDocumento_995776_H4.AnomaliasCromosomicas.pptx,Y,200,
995781,https://miu-documentos.s3.us-west-2.amazonaws.com/DATA-DOCS/miu-hml/documentos/143595/20040100/miuDocumento_995776_H4.AnomaliasCromosomicas.pptx,miu-documentos,DATA-DOCS/miu-hml/documentos/143595/20040100/miuDocumento_995776_H4.AnomaliasCromosomicas.pptx,Y,200,
